algorithm,rung,property_count,water_feature_count,vertex_count,segment_count,input_loading_seconds,computation_seconds,properties_per_second,total_segment_checks,average_segment_checks_per_property,total_process_seconds,peak_working_set_bytes,peak_commit_bytes,peak_memory_method,output_sha256,output_size_bytes,cell_key,session_id,workload,seed_window_build,executable,repetition,is_warmup,block,position_in_block,execution_order,started_at_utc,bvh_node_count,index_construction_seconds,total_index_node_visits,average_node_visits_per_property,total_candidate_feature_checks,average_candidate_features_per_property,original_segment_count,split_segment_count,added_segment_count,max_segment_length_cap_m,max_original_segment_length_m,max_split_segment_length_m,index_entries,index_bytes,max_entry_extent_m,verification_mode,total_segment_box_tests,average_segment_box_tests_per_property,total_line_segment_checks,average_line_segment_checks_per_property,total_polygon_segment_checks,average_polygon_segment_checks_per_property,total_containment_ring_checks,average_containment_ring_checks_per_property,total_containment_parts_tested,total_containment_parts_skipped,region_mode,seed_mode,seed_window_entries_stdout,hilbert_order_bits_per_axis,inflation_half_m,key_array_bytes,average_seed_probes_per_property,n_decomp_per_property,n_true_r_per_property,n_disk_infl_per_property,geometric_inflation_capped,box_versus_disk_inflation,resolve_nodes_per_property,resolve_entries_per_property,mean_d_seed_over_d_best,seed_window_entries,qs_resolve_entries_per_property,qs_resolve_nodes_per_property,tight_entries_per_property,tight_nodes_per_property,fraction_window_missed,max_d_seed_over_d_best,qs_phase2_segment_checks_per_property,rmi_leaf_count,rmi_model_bytes,rmi_probe_records_asserted
brute_force,1,10000,8572,1072254,1063159,1.262463,43.087764,232.084451,10631590000.0,1063159.0,44.3642983000027,33931264,34152448,psapi:GetProcessMemoryInfo,f17cf98ddaed1f5b408ff6133641ac8a8799818fde0f3f14bf8655006198e7b4,1279135,brute_force@10000,798a02ae023a,10000,,cpp/spatial_core/build/water_distance_bruteforce.exe,-1,True,0,0,1,2026-07-29T04:07:58.256458+00:00,,,,,,,,,,,,,,,,,,,,,,,,,,,,,,,,,,,,,,,,,,,,,,,,,,,,
feature_bvh,2,10000,8572,1072254,1063159,1.292198,1.174057,8517.475475,340112139.0,34011.2139,2.48431349999737,33976320,35119104,psapi:GetProcessMemoryInfo,659b241d72801c12781f35d1553f88fc41e60fc7f38f4c5ed75f1bf4c994fec8,1310617,feature_bvh@10000,798a02ae023a,10000,,cpp/spatial_core/build/water_distance_indexed.exe,-1,True,0,1,2,2026-07-29T04:08:00.745597+00:00,2807.0,0.002775,273690.0,27.369,78152.0,7.8152,,,,,,,,,,,,,,,,,,,,,,,,,,,,,,,,,,,,,,,,,,,,,,
segment_bvh,3,10000,8572,1072254,1063159,1.266436,0.074797,133695.022935,12692905.0,1269.2905,1.5703006000258029,153714688,294481920,psapi:GetProcessMemoryInfo,d623c95082ac323f80bc5da6fbd72d4b416cb0dcee9203dcf4a2b72478d6520c,1521740,segment_bvh@10000,798a02ae023a,10000,,cpp/spatial_core/build/water_distance_segment_bvh.exe,-1,True,0,2,3,2026-07-29T04:08:02.318454+00:00,524287.0,0.202088,302901.0,30.2901,14030.0,1.403,1063159.0,1189589.0,126430.0,25.0,5748.239565,24.999998,1189589.0,119768836.0,24.999998,original,59173.0,5.9173,2086325.0,208.6325,10606580.0,1060.658,0.0,0.0,0.0,0.0,,,,,,,,,,,,,,,,,,,,,,,,,,
hilbert_binary,4,10000,8572,1072254,1063159,,0.353923,28254.757324,,1486.1057,2.621741499984637,200093696,237244416,psapi:GetProcessMemoryInfo,822a90913ac033a92815c66ee36f0310906eba0be39ee7947220ba500ad821f0,1749012,hilbert_binary@10000@w64,798a02ae023a,10000,64.0,cpp/spatial_core/build/water_distance_hilbert.exe,-1,True,0,3,4,2026-07-29T04:08:04.943390+00:00,,0.924785,,,,,,1189589.0,,,,25.0,1189589.0,,,original,,,,,,,,,,,disk,binary,64.0,32.0,12.5,9516712.0,20.2223,46.7108,1.6906,11.7066,6.924524,3.990125,70.2463,113.0575,1.2521107192717233,64.0,113.0575,70.2463,46.7108,58.4894,0.4997,25.05860637272425,1486.1057,,,
hilbert_rmi,5,10000,8572,1072254,1063159,,0.408699,24467.914612,,1486.1057,2.672717399953399,200220672,237268992,psapi:GetProcessMemoryInfo,a5d4c20c587039d19717dd953b88a77cdeb1971ece7a30cd2fa55dd1906548c4,1709012,hilbert_rmi@10000@w64,798a02ae023a,10000,64.0,cpp/spatial_core/build/water_distance_hilbert.exe,-1,True,0,4,5,2026-07-29T04:08:07.619266+00:00,,0.930853,,,,,,1189589.0,,,,25.0,1189589.0,,,original,,,,,,,,,,,disk,rmi,64.0,32.0,12.5,9516712.0,0.0,46.7108,1.6906,11.7066,6.924524,3.990125,87.6208,385.732,2.0385206510937066,64.0,385.732,87.6208,46.7108,58.4894,0.5918,105.68899081538054,1486.1057,131072.0,4194400.0,5.0
brute_force,1,100000,8572,1072254,1063159,1.410454,433.320973,230.775814,106315900000.0,1063159.0,434.74672930000816,45084672,47046656,psapi:GetProcessMemoryInfo,68fd2ee339fbd6b0f3a85d47393592371f368955aa634eb3494dde0a2a367654,12840226,brute_force@100000,798a02ae023a,100000,,cpp/spatial_core/build/water_distance_bruteforce.exe,-1,True,0,5,6,2026-07-29T04:15:22.375325+00:00,,,,,,,,,,,,,,,,,,,,,,,,,,,,,,,,,,,,,,,,,,,,,,,,,,,,
feature_bvh,2,100000,8572,1072254,1063159,1.405401,40.583164,2464.075972,11319486859.0,113194.86859,42.00964770000428,44949504,47976448,psapi:GetProcessMemoryInfo,b278640377dd1c3c954cdb8dac4fbe88375ff69a47e32be8386fe7c606a62d9f,13155859,feature_bvh@100000,798a02ae023a,100000,,cpp/spatial_core/build/water_distance_indexed.exe,-1,True,0,6,7,2026-07-29T04:16:04.394600+00:00,2807.0,0.002778,2711561.0,27.11561,651398.0,6.51398,,,,,,,,,,,,,,,,,,,,,,,,,,,,,,,,,,,,,,,,,,,,,,
segment_bvh,3,100000,8572,1072254,1063159,1.407027,2.710716,36890.624978,669786024.0,6697.86024,4.350566000037361,164761600,307404800,psapi:GetProcessMemoryInfo,7648c4aed6c55eeed3bbe9dae33b00e32da51d4375f95078999ee248ef415f76,15261391,segment_bvh@100000,798a02ae023a,100000,,cpp/spatial_core/build/water_distance_segment_bvh.exe,-1,True,0,7,8,2026-07-29T04:16:08.756860+00:00,524287.0,0.202614,2988325.0,29.88325,144647.0,1.44647,1063159.0,1189589.0,126430.0,25.0,5748.239565,24.999998,1189589.0,119768836.0,24.999998,original,569726.0,5.69726,16231293.0,162.31293,653554731.0,6535.54731,0.0,0.0,0.0,0.0,,,,,,,,,,,,,,,,,,,,,,,,,,
hilbert_binary,4,100000,8572,1072254,1063159,,5.64987,17699.52229,,8056.00196,8.059772400010843,211128320,250134528,psapi:GetProcessMemoryInfo,14fb9d41f0f762b1bdfa078c3dbe93147dd938ca1b5344d3f7b197f332aa9d96,17526573,hilbert_binary@100000@w64,798a02ae023a,100000,64.0,cpp/spatial_core/build/water_distance_hilbert.exe,-1,True,0,8,9,2026-07-29T04:16:16.829697+00:00,,0.931309,,,,,,1189589.0,,,,25.0,1189589.0,,,original,,,,,,,,,,,disk,binary,64.0,32.0,12.5,9516712.0,20.21817,42.43839,1.58867,9.57681,6.028193,4.43137,63.84501,82.54203,1.1826374942024194,64.0,82.54203,63.84501,42.43839,56.66388,0.35059,32.23319399612495,8056.00196,,,
hilbert_rmi,5,100000,8572,1072254,1063159,,6.325171,15809.848252,,8056.00196,8.734639299975242,211103744,250114048,psapi:GetProcessMemoryInfo,5f5aa46fee229fbd57f32912c56db035c5068f1e65920dd1266fe52d337dd676,17126573,hilbert_rmi@100000@w64,798a02ae023a,100000,64.0,cpp/spatial_core/build/water_distance_hilbert.exe,-1,True,0,9,10,2026-07-29T04:16:25.577184+00:00,,0.945999,,,,,,1189589.0,,,,25.0,1189589.0,,,original,,,,,,,,,,,disk,rmi,64.0,32.0,12.5,9516712.0,0.0,42.43839,1.58867,9.57681,6.028193,4.43137,80.0313,362.08377,1.7027693468712852,64.0,362.08377,80.0313,42.43839,56.66388,0.43578,517.3435071130551,8056.00196,131072.0,4194400.0,5.0
brute_force,1,267362,8572,1072254,1063159,1.613054,1224.251,218.388223,284248316558.0,1063159.0,1225.8886622999562,72503296,85073920,psapi:GetProcessMemoryInfo,1059c0dcc3069f9b5f5e9ff00e248151b4ab6721d19b8425a61eb9c010ba60cf,34022971,brute_force@countywide,798a02ae023a,countywide,,cpp/spatial_core/build/water_distance_bruteforce.exe,-1,True,0,10,11,2026-07-29T04:36:51.488595+00:00,,,,,,,,,,,,,,,,,,,,,,,,,,,,,,,,,,,,,,,,,,,,,,,,,,,,
feature_bvh,2,267362,8572,1072254,1063159,1.666692,68.062203,3928.200784,18921369157.0,70770.599999,69.75939269992523,72527872,85102592,psapi:GetProcessMemoryInfo,310d40874e5b25f2e089bff650c6b022076b2f75aec7cdec703bc12aa8750556,34753040,feature_bvh@countywide,798a02ae023a,countywide,,cpp/spatial_core/build/water_distance_indexed.exe,-1,True,0,11,12,2026-07-29T04:38:01.269924+00:00,2807.0,0.002972,6687354.0,25.012358,1469841.0,5.497569,,,,,,,,,,,,,,,,,,,,,,,,,,,,,,,,,,,,,,,,,,,,,,
segment_bvh,3,267362,8572,1072254,1063159,1.672131,9.905062,26992.462117,2515239470.0,9407.617649,11.82878380001057,185819136,342327296,psapi:GetProcessMemoryInfo,be9972181a71b4cd85afb9d7a0d41c02a75a975b0225c8b5485e6fd81552f8b6,40640659,segment_bvh@countywide,798a02ae023a,countywide,,cpp/spatial_core/build/water_distance_segment_bvh.exe,-1,True,0,12,13,2026-07-29T04:38:13.125881+00:00,524287.0,0.215051,8240002.0,30.819645,392016.0,1.466237,1063159.0,1189589.0,126430.0,25.0,5748.239565,24.999998,1189589.0,119768836.0,24.999998,original,1646355.0,6.157775,42137936.0,157.606302,2473101534.0,9250.011348,0.0,0.0,0.0,0.0,,,,,,,,,,,,,,,,,,,,,,,,,,
hilbert_binary,4,267362,8572,1072254,1063159,,18.909897,14138.733508,,11021.825858,21.5218765999889,232607744,285204480,psapi:GetProcessMemoryInfo,8ad41e8391f64e683e67ac253dc4d1e4302da7706f893763d0d32a689d6b7e9e,46725584,hilbert_binary@countywide@w64,798a02ae023a,countywide,64.0,cpp/spatial_core/build/water_distance_hilbert.exe,-1,True,0,13,14,2026-07-29T04:38:34.678733+00:00,,0.905477,,,,,,1189589.0,,,,25.0,1189589.0,,,original,,,,,,,,,,,disk,binary,64.0,32.0,12.5,9516712.0,20.23764,47.592623,1.606679,10.278319,6.397244,4.63039,70.913503,141.174168,1.1716919272505513,64.0,141.1741683560117,70.91350304082106,47.59262348426478,60.31990709225694,0.38615061227848385,32.23319399612495,11021.82585782572,,,
hilbert_rmi,5,267362,8572,1072254,1063159,,20.155402,13265.029527,,11021.825858,22.77835490007419,232374272,285229056,psapi:GetProcessMemoryInfo,86f05df0c4a32fd69fb4a63be3437edbc20466ec5beb3f22d8dae871302421aa,45656136,hilbert_rmi@countywide@w64,798a02ae023a,countywide,64.0,cpp/spatial_core/build/water_distance_hilbert.exe,-1,True,0,14,15,2026-07-29T04:38:57.489148+00:00,,0.922517,,,,,,1189589.0,,,,25.0,1189589.0,,,original,,,,,,,,,,,disk,rmi,64.0,32.0,12.5,9516712.0,0.0,47.592623,1.606679,10.278319,6.397244,4.63039,83.16842,352.515432,1.5388433412534919,64.0,352.51543226038103,83.16841959590369,47.59262348426478,60.31990709225694,0.4600915612540301,517.3435071130551,11021.82585782572,131072.0,4194400.0,5.0
brute_force,1,10000,8572,1072254,1063159,1.26636,44.079499,226.862831,10631590000.0,1063159.0,45.355878299917094,33878016,34181120,psapi:GetProcessMemoryInfo,f17cf98ddaed1f5b408ff6133641ac8a8799818fde0f3f14bf8655006198e7b4,1279135,brute_force@10000,798a02ae023a,10000,,cpp/spatial_core/build/water_distance_bruteforce.exe,1,False,1,0,16,2026-07-29T04:39:42.849227+00:00,,,,,,,,,,,,,,,,,,,,,,,,,,,,,,,,,,,,,,,,,,,,,,,,,,,,
feature_bvh,2,10000,8572,1072254,1063159,1.291075,1.162018,8605.71571,340112139.0,34011.2139,2.4668360999785364,34004992,35123200,psapi:GetProcessMemoryInfo,659b241d72801c12781f35d1553f88fc41e60fc7f38f4c5ed75f1bf4c994fec8,1310617,feature_bvh@10000,798a02ae023a,10000,,cpp/spatial_core/build/water_distance_indexed.exe,1,False,1,1,17,2026-07-29T04:39:45.319793+00:00,2807.0,0.002844,273690.0,27.369,78152.0,7.8152,,,,,,,,,,,,,,,,,,,,,,,,,,,,,,,,,,,,,,,,,,,,,,
segment_bvh,3,10000,8572,1072254,1063159,1.303441,0.073959,135209.134729,12692905.0,1269.2905,1.5867225000401959,153616384,294486016,psapi:GetProcessMemoryInfo,d623c95082ac323f80bc5da6fbd72d4b416cb0dcee9203dcf4a2b72478d6520c,1521740,segment_bvh@10000,798a02ae023a,10000,,cpp/spatial_core/build/water_distance_segment_bvh.exe,1,False,1,2,18,2026-07-29T04:39:46.909417+00:00,524287.0,0.19147,302901.0,30.2901,14030.0,1.403,1063159.0,1189589.0,126430.0,25.0,5748.239565,24.999998,1189589.0,119768836.0,24.999998,original,59173.0,5.9173,2086325.0,208.6325,10606580.0,1060.658,0.0,0.0,0.0,0.0,,,,,,,,,,,,,,,,,,,,,,,,,,
hilbert_binary,4,10000,8572,1072254,1063159,,0.35574,28110.394015,,1486.1057,2.6241081999614835,200081408,237236224,psapi:GetProcessMemoryInfo,822a90913ac033a92815c66ee36f0310906eba0be39ee7947220ba500ad821f0,1749012,hilbert_binary@10000@w64,798a02ae023a,10000,64.0,cpp/spatial_core/build/water_distance_hilbert.exe,1,False,1,3,19,2026-07-29T04:39:49.536573+00:00,,0.920764,,,,,,1189589.0,,,,25.0,1189589.0,,,original,,,,,,,,,,,disk,binary,64.0,32.0,12.5,9516712.0,20.2223,46.7108,1.6906,11.7066,6.924524,3.990125,70.2463,113.0575,1.2521107192717233,64.0,113.0575,70.2463,46.7108,58.4894,0.4997,25.05860637272425,1486.1057,,,
hilbert_rmi,5,10000,8572,1072254,1063159,,0.404266,24736.164074,,1486.1057,2.677658800035715,200245248,237273088,psapi:GetProcessMemoryInfo,a5d4c20c587039d19717dd953b88a77cdeb1971ece7a30cd2fa55dd1906548c4,1709012,hilbert_rmi@10000@w64,798a02ae023a,10000,64.0,cpp/spatial_core/build/water_distance_hilbert.exe,1,False,1,4,20,2026-07-29T04:39:52.217593+00:00,,0.936013,,,,,,1189589.0,,,,25.0,1189589.0,,,original,,,,,,,,,,,disk,rmi,64.0,32.0,12.5,9516712.0,0.0,46.7108,1.6906,11.7066,6.924524,3.990125,87.6208,385.732,2.0385206510937066,64.0,385.732,87.6208,46.7108,58.4894,0.5918,105.68899081538054,1486.1057,131072.0,4194400.0,5.0
brute_force,1,100000,8572,1072254,1063159,1.390208,439.952592,227.297218,106315900000.0,1063159.0,441.35693529993296,44974080,47050752,psapi:GetProcessMemoryInfo,68fd2ee339fbd6b0f3a85d47393592371f368955aa634eb3494dde0a2a367654,12840226,brute_force@100000,798a02ae023a,100000,,cpp/spatial_core/build/water_distance_bruteforce.exe,1,False,1,5,21,2026-07-29T04:47:13.585243+00:00,,,,,,,,,,,,,,,,,,,,,,,,,,,,,,,,,,,,,,,,,,,,,,,,,,,,
feature_bvh,2,100000,8572,1072254,1063159,1.408385,39.661203,2521.3557,11319486859.0,113194.86859,41.08734309999272,44896256,47976448,psapi:GetProcessMemoryInfo,b278640377dd1c3c954cdb8dac4fbe88375ff69a47e32be8386fe7c606a62d9f,13155859,feature_bvh@100000,798a02ae023a,100000,,cpp/spatial_core/build/water_distance_indexed.exe,1,False,1,6,22,2026-07-29T04:47:54.682930+00:00,2807.0,0.002907,2711561.0,27.11561,651398.0,6.51398,,,,,,,,,,,,,,,,,,,,,,,,,,,,,,,,,,,,,,,,,,,,,,
segment_bvh,3,100000,8572,1072254,1063159,1.407851,2.677064,37354.358159,669786024.0,6697.86024,4.284973199944943,164802560,307408896,psapi:GetProcessMemoryInfo,7648c4aed6c55eeed3bbe9dae33b00e32da51d4375f95078999ee248ef415f76,15261391,segment_bvh@100000,798a02ae023a,100000,,cpp/spatial_core/build/water_distance_segment_bvh.exe,1,False,1,7,23,2026-07-29T04:47:58.980176+00:00,524287.0,0.184109,2988325.0,29.88325,144647.0,1.44647,1063159.0,1189589.0,126430.0,25.0,5748.239565,24.999998,1189589.0,119768836.0,24.999998,original,569726.0,5.69726,16231293.0,162.31293,653554731.0,6535.54731,0.0,0.0,0.0,0.0,,,,,,,,,,,,,,,,,,,,,,,,,,
hilbert_binary,4,100000,8572,1072254,1063159,,5.4535,18336.846551,,8056.00196,7.861039399984293,211107840,250138624,psapi:GetProcessMemoryInfo,14fb9d41f0f762b1bdfa078c3dbe93147dd938ca1b5344d3f7b197f332aa9d96,17526573,hilbert_binary@100000@w64,798a02ae023a,100000,64.0,cpp/spatial_core/build/water_distance_hilbert.exe,1,False,1,8,24,2026-07-29T04:48:06.856886+00:00,,0.928915,,,,,,1189589.0,,,,25.0,1189589.0,,,original,,,,,,,,,,,disk,binary,64.0,32.0,12.5,9516712.0,20.21817,42.43839,1.58867,9.57681,6.028193,4.43137,63.84501,82.54203,1.1826374942024194,64.0,82.54203,63.84501,42.43839,56.66388,0.35059,32.23319399612495,8056.00196,,,
hilbert_rmi,5,100000,8572,1072254,1063159,,6.60167,15147.682329,,8056.00196,9.039977400097996,211210240,250114048,psapi:GetProcessMemoryInfo,5f5aa46fee229fbd57f32912c56db035c5068f1e65920dd1266fe52d337dd676,17126573,hilbert_rmi@100000@w64,798a02ae023a,100000,64.0,cpp/spatial_core/build/water_distance_hilbert.exe,1,False,1,9,25,2026-07-29T04:48:15.912837+00:00,,0.94523,,,,,,1189589.0,,,,25.0,1189589.0,,,original,,,,,,,,,,,disk,rmi,64.0,32.0,12.5,9516712.0,0.0,42.43839,1.58867,9.57681,6.028193,4.43137,80.0313,362.08377,1.7027693468712852,64.0,362.08377,80.0313,42.43839,56.66388,0.43578,517.3435071130551,8056.00196,131072.0,4194400.0,5.0
brute_force,1,267362,8572,1072254,1063159,1.937228,1362.348596,196.250799,284248316558.0,1063159.0,1364.3110167999985,72503296,85061632,psapi:GetProcessMemoryInfo,1059c0dcc3069f9b5f5e9ff00e248151b4ab6721d19b8425a61eb9c010ba60cf,34022971,brute_force@countywide,798a02ae023a,countywide,,cpp/spatial_core/build/water_distance_bruteforce.exe,1,False,1,10,26,2026-07-29T05:11:00.250770+00:00,,,,,,,,,,,,,,,,,,,,,,,,,,,,,,,,,,,,,,,,,,,,,,,,,,,,
feature_bvh,2,267362,8572,1072254,1063159,1.725714,68.260762,3916.774319,18921369157.0,70770.599999,70.01116230001207,72527872,85094400,psapi:GetProcessMemoryInfo,310d40874e5b25f2e089bff650c6b022076b2f75aec7cdec703bc12aa8750556,34753040,feature_bvh@countywide,798a02ae023a,countywide,,cpp/spatial_core/build/water_distance_indexed.exe,1,False,1,11,27,2026-07-29T05:12:10.286581+00:00,2807.0,0.003321,6687354.0,25.012358,1469841.0,5.497569,,,,,,,,,,,,,,,,,,,,,,,,,,,,,,,,,,,,,,,,,,,,,,
segment_bvh,3,267362,8572,1072254,1063159,1.660241,9.601448,27846.007357,2515239470.0,9407.617649,11.477958200033754,185774080,342327296,psapi:GetProcessMemoryInfo,be9972181a71b4cd85afb9d7a0d41c02a75a975b0225c8b5485e6fd81552f8b6,40640659,segment_bvh@countywide,798a02ae023a,countywide,,cpp/spatial_core/build/water_distance_segment_bvh.exe,1,False,1,12,28,2026-07-29T05:12:21.791921+00:00,524287.0,0.187582,8240002.0,30.819645,392016.0,1.466237,1063159.0,1189589.0,126430.0,25.0,5748.239565,24.999998,1189589.0,119768836.0,24.999998,original,1646355.0,6.157775,42137936.0,157.606302,2473101534.0,9250.011348,0.0,0.0,0.0,0.0,,,,,,,,,,,,,,,,,,,,,,,,,,
hilbert_binary,4,267362,8572,1072254,1063159,,18.511882,14442.724102,,11021.825858,21.089390099979937,232591360,285212672,psapi:GetProcessMemoryInfo,8ad41e8391f64e683e67ac253dc4d1e4302da7706f893763d0d32a689d6b7e9e,46725584,hilbert_binary@countywide@w64,798a02ae023a,countywide,64.0,cpp/spatial_core/build/water_distance_hilbert.exe,1,False,1,13,29,2026-07-29T05:12:42.912396+00:00,,0.882493,,,,,,1189589.0,,,,25.0,1189589.0,,,original,,,,,,,,,,,disk,binary,64.0,32.0,12.5,9516712.0,20.23764,47.592623,1.606679,10.278319,6.397244,4.63039,70.913503,141.174168,1.1716919272505513,64.0,141.1741683560117,70.91350304082106,47.59262348426478,60.31990709225694,0.38615061227848385,32.23319399612495,11021.82585782572,,,
hilbert_rmi,5,267362,8572,1072254,1063159,,19.690582,13578.166386,,11021.825858,22.281470499932766,232501248,285212672,psapi:GetProcessMemoryInfo,86f05df0c4a32fd69fb4a63be3437edbc20466ec5beb3f22d8dae871302421aa,45656136,hilbert_rmi@countywide@w64,798a02ae023a,countywide,64.0,cpp/spatial_core/build/water_distance_hilbert.exe,1,False,1,14,30,2026-07-29T05:13:05.224792+00:00,,0.907396,,,,,,1189589.0,,,,25.0,1189589.0,,,original,,,,,,,,,,,disk,rmi,64.0,32.0,12.5,9516712.0,0.0,47.592623,1.606679,10.278319,6.397244,4.63039,83.16842,352.515432,1.5388433412534919,64.0,352.51543226038103,83.16841959590369,47.59262348426478,60.31990709225694,0.4600915612540301,517.3435071130551,11021.82585782572,131072.0,4194400.0,5.0
feature_bvh,2,10000,8572,1072254,1063159,1.267845,1.202813,8313.842914,340112139.0,34011.2139,2.484605300007388,33882112,35115008,psapi:GetProcessMemoryInfo,659b241d72801c12781f35d1553f88fc41e60fc7f38f4c5ed75f1bf4c994fec8,1310617,feature_bvh@10000,798a02ae023a,10000,,cpp/spatial_core/build/water_distance_indexed.exe,2,False,2,0,31,2026-07-29T05:13:07.712449+00:00,2807.0,0.002771,273690.0,27.369,78152.0,7.8152,,,,,,,,,,,,,,,,,,,,,,,,,,,,,,,,,,,,,,,,,,,,,,
segment_bvh,3,10000,8572,1072254,1063159,1.374592,0.076817,130179.178621,12692905.0,1269.2905,1.6621952999848872,153694208,294473728,psapi:GetProcessMemoryInfo,d623c95082ac323f80bc5da6fbd72d4b416cb0dcee9203dcf4a2b72478d6520c,1521740,segment_bvh@10000,798a02ae023a,10000,,cpp/spatial_core/build/water_distance_segment_bvh.exe,2,False,2,1,32,2026-07-29T05:13:09.377687+00:00,524287.0,0.196202,302901.0,30.2901,14030.0,1.403,1063159.0,1189589.0,126430.0,25.0,5748.239565,24.999998,1189589.0,119768836.0,24.999998,original,59173.0,5.9173,2086325.0,208.6325,10606580.0,1060.658,0.0,0.0,0.0,0.0,,,,,,,,,,,,,,,,,,,,,,,,,,
hilbert_binary,4,10000,8572,1072254,1063159,,0.369478,27065.203594,,1486.1057,2.614465899998322,200069120,237244416,psapi:GetProcessMemoryInfo,822a90913ac033a92815c66ee36f0310906eba0be39ee7947220ba500ad821f0,1749012,hilbert_binary@10000@w64,798a02ae023a,10000,64.0,cpp/spatial_core/build/water_distance_hilbert.exe,2,False,2,2,33,2026-07-29T05:13:11.995080+00:00,,0.885251,,,,,,1189589.0,,,,25.0,1189589.0,,,original,,,,,,,,,,,disk,binary,64.0,32.0,12.5,9516712.0,20.2223,46.7108,1.6906,11.7066,6.924524,3.990125,70.2463,113.0575,1.2521107192717233,64.0,113.0575,70.2463,46.7108,58.4894,0.4997,25.05860637272425,1486.1057,,,
hilbert_rmi,5,10000,8572,1072254,1063159,,0.401217,24924.155794,,1486.1057,2.623682399978861,200110080,237273088,psapi:GetProcessMemoryInfo,a5d4c20c587039d19717dd953b88a77cdeb1971ece7a30cd2fa55dd1906548c4,1709012,hilbert_rmi@10000@w64,798a02ae023a,10000,64.0,cpp/spatial_core/build/water_distance_hilbert.exe,2,False,2,3,34,2026-07-29T05:13:14.621733+00:00,,0.895093,,,,,,1189589.0,,,,25.0,1189589.0,,,original,,,,,,,,,,,disk,rmi,64.0,32.0,12.5,9516712.0,0.0,46.7108,1.6906,11.7066,6.924524,3.990125,87.6208,385.732,2.0385206510937066,64.0,385.732,87.6208,46.7108,58.4894,0.5918,105.68899081538054,1486.1057,131072.0,4194400.0,5.0
brute_force,1,100000,8572,1072254,1063159,1.374222,424.363562,235.646999,106315900000.0,1063159.0,425.75203790003434,45129728,47042560,psapi:GetProcessMemoryInfo,68fd2ee339fbd6b0f3a85d47393592371f368955aa634eb3494dde0a2a367654,12840226,brute_force@100000,798a02ae023a,100000,,cpp/spatial_core/build/water_distance_bruteforce.exe,2,False,2,4,35,2026-07-29T05:20:20.383645+00:00,,,,,,,,,,,,,,,,,,,,,,,,,,,,,,,,,,,,,,,,,,,,,,,,,,,,
feature_bvh,2,100000,8572,1072254,1063159,1.408038,39.399001,2538.135441,11319486859.0,113194.86859,40.82373679999728,44965888,47964160,psapi:GetProcessMemoryInfo,b278640377dd1c3c954cdb8dac4fbe88375ff69a47e32be8386fe7c606a62d9f,13155859,feature_bvh@100000,798a02ae023a,100000,,cpp/spatial_core/build/water_distance_indexed.exe,2,False,2,5,36,2026-07-29T05:21:01.218289+00:00,2807.0,0.002883,2711561.0,27.11561,651398.0,6.51398,,,,,,,,,,,,,,,,,,,,,,,,,,,,,,,,,,,,,,,,,,,,,,
segment_bvh,3,100000,8572,1072254,1063159,1.409926,2.586579,38661.107096,669786024.0,6697.86024,4.199725899961777,164786176,307417088,psapi:GetProcessMemoryInfo,7648c4aed6c55eeed3bbe9dae33b00e32da51d4375f95078999ee248ef415f76,15261391,segment_bvh@100000,798a02ae023a,100000,,cpp/spatial_core/build/water_distance_segment_bvh.exe,2,False,2,6,37,2026-07-29T05:21:05.431297+00:00,524287.0,0.182871,2988325.0,29.88325,144647.0,1.44647,1063159.0,1189589.0,126430.0,25.0,5748.239565,24.999998,1189589.0,119768836.0,24.999998,original,569726.0,5.69726,16231293.0,162.31293,653554731.0,6535.54731,0.0,0.0,0.0,0.0,,,,,,,,,,,,,,,,,,,,,,,,,,
hilbert_binary,4,100000,8572,1072254,1063159,,5.446866,18359.18055,,8056.00196,7.791844499995932,211202048,250138624,psapi:GetProcessMemoryInfo,14fb9d41f0f762b1bdfa078c3dbe93147dd938ca1b5344d3f7b197f332aa9d96,17526573,hilbert_binary@100000@w64,798a02ae023a,100000,64.0,cpp/spatial_core/build/water_distance_hilbert.exe,2,False,2,7,38,2026-07-29T05:21:13.237442+00:00,,0.885534,,,,,,1189589.0,,,,25.0,1189589.0,,,original,,,,,,,,,,,disk,binary,64.0,32.0,12.5,9516712.0,20.21817,42.43839,1.58867,9.57681,6.028193,4.43137,63.84501,82.54203,1.1826374942024194,64.0,82.54203,63.84501,42.43839,56.66388,0.35059,32.23319399612495,8056.00196,,,
hilbert_rmi,5,100000,8572,1072254,1063159,,6.01486,16625.490038,,8056.00196,8.355091000092216,211238912,250122240,psapi:GetProcessMemoryInfo,5f5aa46fee229fbd57f32912c56db035c5068f1e65920dd1266fe52d337dd676,17126573,hilbert_rmi@100000@w64,798a02ae023a,100000,64.0,cpp/spatial_core/build/water_distance_hilbert.exe,2,False,2,8,39,2026-07-29T05:21:21.605855+00:00,,0.893068,,,,,,1189589.0,,,,25.0,1189589.0,,,original,,,,,,,,,,,disk,rmi,64.0,32.0,12.5,9516712.0,0.0,42.43839,1.58867,9.57681,6.028193,4.43137,80.0313,362.08377,1.7027693468712852,64.0,362.08377,80.0313,42.43839,56.66388,0.43578,517.3435071130551,8056.00196,131072.0,4194400.0,5.0
brute_force,1,267362,8572,1072254,1063159,1.616419,1067.823861,250.380245,284248316558.0,1063159.0,1069.4588676000712,72503296,85057536,psapi:GetProcessMemoryInfo,1059c0dcc3069f9b5f5e9ff00e248151b4ab6721d19b8425a61eb9c010ba60cf,34022971,brute_force@countywide,798a02ae023a,countywide,,cpp/spatial_core/build/water_distance_bruteforce.exe,2,False,2,9,40,2026-07-29T05:39:11.088222+00:00,,,,,,,,,,,,,,,,,,,,,,,,,,,,,,,,,,,,,,,,,,,,,,,,,,,,
feature_bvh,2,267362,8572,1072254,1063159,1.611412,63.386861,4217.940398,18921369157.0,70770.599999,65.01896249991842,72527872,85098496,psapi:GetProcessMemoryInfo,310d40874e5b25f2e089bff650c6b022076b2f75aec7cdec703bc12aa8750556,34753040,feature_bvh@countywide,798a02ae023a,countywide,,cpp/spatial_core/build/water_distance_indexed.exe,2,False,2,10,41,2026-07-29T05:40:16.130914+00:00,2807.0,0.002802,6687354.0,25.012358,1469841.0,5.497569,,,,,,,,,,,,,,,,,,,,,,,,,,,,,,,,,,,,,,,,,,,,,,
segment_bvh,3,267362,8572,1072254,1063159,1.603071,9.182379,29116.856497,2515239470.0,9407.617649,10.986532100010663,185819136,342319104,psapi:GetProcessMemoryInfo,be9972181a71b4cd85afb9d7a0d41c02a75a975b0225c8b5485e6fd81552f8b6,40640659,segment_bvh@countywide,798a02ae023a,countywide,,cpp/spatial_core/build/water_distance_segment_bvh.exe,2,False,2,11,42,2026-07-29T05:40:27.144391+00:00,524287.0,0.18047,8240002.0,30.819645,392016.0,1.466237,1063159.0,1189589.0,126430.0,25.0,5748.239565,24.999998,1189589.0,119768836.0,24.999998,original,1646355.0,6.157775,42137936.0,157.606302,2473101534.0,9250.011348,0.0,0.0,0.0,0.0,,,,,,,,,,,,,,,,,,,,,,,,,,
hilbert_binary,4,267362,8572,1072254,1063159,,17.77913,15037.968336,,11021.825858,20.34052149998024,232427520,285216768,psapi:GetProcessMemoryInfo,8ad41e8391f64e683e67ac253dc4d1e4302da7706f893763d0d32a689d6b7e9e,46725584,hilbert_binary@countywide@w64,798a02ae023a,countywide,64.0,cpp/spatial_core/build/water_distance_hilbert.exe,2,False,2,12,43,2026-07-29T05:40:47.515652+00:00,,0.879779,,,,,,1189589.0,,,,25.0,1189589.0,,,original,,,,,,,,,,,disk,binary,64.0,32.0,12.5,9516712.0,20.23764,47.592623,1.606679,10.278319,6.397244,4.63039,70.913503,141.174168,1.1716919272505513,64.0,141.1741683560117,70.91350304082106,47.59262348426478,60.31990709225694,0.38615061227848385,32.23319399612495,11021.82585782572,,,
hilbert_rmi,5,267362,8572,1072254,1063159,,18.939064,14116.959752,,11021.825858,21.48448839993216,232468480,285212672,psapi:GetProcessMemoryInfo,86f05df0c4a32fd69fb4a63be3437edbc20466ec5beb3f22d8dae871302421aa,45656136,hilbert_rmi@countywide@w64,798a02ae023a,countywide,64.0,cpp/spatial_core/build/water_distance_hilbert.exe,2,False,2,13,44,2026-07-29T05:41:09.030362+00:00,,0.894697,,,,,,1189589.0,,,,25.0,1189589.0,,,original,,,,,,,,,,,disk,rmi,64.0,32.0,12.5,9516712.0,0.0,47.592623,1.606679,10.278319,6.397244,4.63039,83.16842,352.515432,1.5388433412534919,64.0,352.51543226038103,83.16841959590369,47.59262348426478,60.31990709225694,0.4600915612540301,517.3435071130551,11021.82585782572,131072.0,4194400.0,5.0
brute_force,1,10000,8572,1072254,1063159,1.251706,38.964569,256.643411,10631590000.0,1063159.0,40.22573489998467,33927168,34148352,psapi:GetProcessMemoryInfo,f17cf98ddaed1f5b408ff6133641ac8a8799818fde0f3f14bf8655006198e7b4,1279135,brute_force@10000,798a02ae023a,10000,,cpp/spatial_core/build/water_distance_bruteforce.exe,2,False,2,14,45,2026-07-29T05:41:49.262004+00:00,,,,,,,,,,,,,,,,,,,,,,,,,,,,,,,,,,,,,,,,,,,,,,,,,,,,
segment_bvh,3,10000,8572,1072254,1063159,1.264093,0.075434,132566.041088,12692905.0,1269.2905,1.529815600020811,153710592,294473728,psapi:GetProcessMemoryInfo,d623c95082ac323f80bc5da6fbd72d4b416cb0dcee9203dcf4a2b72478d6520c,1521740,segment_bvh@10000,798a02ae023a,10000,,cpp/spatial_core/build/water_distance_segment_bvh.exe,3,False,3,0,46,2026-07-29T05:41:50.794373+00:00,524287.0,0.177056,302901.0,30.2901,14030.0,1.403,1063159.0,1189589.0,126430.0,25.0,5748.239565,24.999998,1189589.0,119768836.0,24.999998,original,59173.0,5.9173,2086325.0,208.6325,10606580.0,1060.658,0.0,0.0,0.0,0.0,,,,,,,,,,,,,,,,,,,,,,,,,,
hilbert_binary,4,10000,8572,1072254,1063159,,0.350707,28513.863155,,1486.1057,2.5443412999156862,200065024,237236224,psapi:GetProcessMemoryInfo,822a90913ac033a92815c66ee36f0310906eba0be39ee7947220ba500ad821f0,1749012,hilbert_binary@10000@w64,798a02ae023a,10000,64.0,cpp/spatial_core/build/water_distance_hilbert.exe,3,False,3,1,47,2026-07-29T05:41:53.341445+00:00,,0.881909,,,,,,1189589.0,,,,25.0,1189589.0,,,original,,,,,,,,,,,disk,binary,64.0,32.0,12.5,9516712.0,20.2223,46.7108,1.6906,11.7066,6.924524,3.990125,70.2463,113.0575,1.2521107192717233,64.0,113.0575,70.2463,46.7108,58.4894,0.4997,25.05860637272425,1486.1057,,,
hilbert_rmi,5,10000,8572,1072254,1063159,,0.39123,25560.412034,,1486.1057,2.5818645000690594,200097792,237264896,psapi:GetProcessMemoryInfo,a5d4c20c587039d19717dd953b88a77cdeb1971ece7a30cd2fa55dd1906548c4,1709012,hilbert_rmi@10000@w64,798a02ae023a,10000,64.0,cpp/spatial_core/build/water_distance_hilbert.exe,3,False,3,2,48,2026-07-29T05:41:55.926067+00:00,,0.874315,,,,,,1189589.0,,,,25.0,1189589.0,,,original,,,,,,,,,,,disk,rmi,64.0,32.0,12.5,9516712.0,0.0,46.7108,1.6906,11.7066,6.924524,3.990125,87.6208,385.732,2.0385206510937066,64.0,385.732,87.6208,46.7108,58.4894,0.5918,105.68899081538054,1486.1057,131072.0,4194400.0,5.0
brute_force,1,100000,8572,1072254,1063159,1.372878,384.59248,260.015485,106315900000.0,1063159.0,385.9773096999852,45051904,47054848,psapi:GetProcessMemoryInfo,68fd2ee339fbd6b0f3a85d47393592371f368955aa634eb3494dde0a2a367654,12840226,brute_force@100000,798a02ae023a,100000,,cpp/spatial_core/build/water_distance_bruteforce.exe,3,False,3,3,49,2026-07-29T05:48:21.915012+00:00,,,,,,,,,,,,,,,,,,,,,,,,,,,,,,,,,,,,,,,,,,,,,,,,,,,,
feature_bvh,2,100000,8572,1072254,1063159,1.374777,37.538987,2663.897102,11319486859.0,113194.86859,38.92956449999474,44982272,47968256,psapi:GetProcessMemoryInfo,b278640377dd1c3c954cdb8dac4fbe88375ff69a47e32be8386fe7c606a62d9f,13155859,feature_bvh@100000,798a02ae023a,100000,,cpp/spatial_core/build/water_distance_indexed.exe,3,False,3,4,50,2026-07-29T05:49:00.855745+00:00,2807.0,0.002817,2711561.0,27.11561,651398.0,6.51398,,,,,,,,,,,,,,,,,,,,,,,,,,,,,,,,,,,,,,,,,,,,,,
segment_bvh,3,100000,8572,1072254,1063159,1.361413,2.543168,39321.029626,669786024.0,6697.86024,4.099678199971095,164757504,307408896,psapi:GetProcessMemoryInfo,7648c4aed6c55eeed3bbe9dae33b00e32da51d4375f95078999ee248ef415f76,15261391,segment_bvh@100000,798a02ae023a,100000,,cpp/spatial_core/build/water_distance_segment_bvh.exe,3,False,3,5,51,2026-07-29T05:49:04.967204+00:00,524287.0,0.179335,2988325.0,29.88325,144647.0,1.44647,1063159.0,1189589.0,126430.0,25.0,5748.239565,24.999998,1189589.0,119768836.0,24.999998,original,569726.0,5.69726,16231293.0,162.31293,653554731.0,6535.54731,0.0,0.0,0.0,0.0,,,,,,,,,,,,,,,,,,,,,,,,,,
hilbert_binary,4,100000,8572,1072254,1063159,,5.377415,18596.297187,,8056.00196,7.679019799921662,211218432,250142720,psapi:GetProcessMemoryInfo,14fb9d41f0f762b1bdfa078c3dbe93147dd938ca1b5344d3f7b197f332aa9d96,17526573,hilbert_binary@100000@w64,798a02ae023a,100000,64.0,cpp/spatial_core/build/water_distance_hilbert.exe,3,False,3,6,52,2026-07-29T05:49:12.658594+00:00,,0.874078,,,,,,1189589.0,,,,25.0,1189589.0,,,original,,,,,,,,,,,disk,binary,64.0,32.0,12.5,9516712.0,20.21817,42.43839,1.58867,9.57681,6.028193,4.43137,63.84501,82.54203,1.1826374942024194,64.0,82.54203,63.84501,42.43839,56.66388,0.35059,32.23319399612495,8056.00196,,,
hilbert_rmi,5,100000,8572,1072254,1063159,,5.893302,16968.415433,,8056.00196,8.239284600014798,211210240,250105856,psapi:GetProcessMemoryInfo,5f5aa46fee229fbd57f32912c56db035c5068f1e65920dd1266fe52d337dd676,17126573,hilbert_rmi@100000@w64,798a02ae023a,100000,64.0,cpp/spatial_core/build/water_distance_hilbert.exe,3,False,3,7,53,2026-07-29T05:49:20.910962+00:00,,0.874029,,,,,,1189589.0,,,,25.0,1189589.0,,,original,,,,,,,,,,,disk,rmi,64.0,32.0,12.5,9516712.0,0.0,42.43839,1.58867,9.57681,6.028193,4.43137,80.0313,362.08377,1.7027693468712852,64.0,362.08377,80.0313,42.43839,56.66388,0.43578,517.3435071130551,8056.00196,131072.0,4194400.0,5.0
brute_force,1,267362,8572,1072254,1063159,1.61936,1023.698055,261.172715,284248316558.0,1063159.0,1025.334127600072,72507392,85114880,psapi:GetProcessMemoryInfo,1059c0dcc3069f9b5f5e9ff00e248151b4ab6721d19b8425a61eb9c010ba60cf,34022971,brute_force@countywide,798a02ae023a,countywide,,cpp/spatial_core/build/water_distance_bruteforce.exe,3,False,3,8,54,2026-07-29T06:06:26.267755+00:00,,,,,,,,,,,,,,,,,,,,,,,,,,,,,,,,,,,,,,,,,,,,,,,,,,,,
feature_bvh,2,267362,8572,1072254,1063159,1.610049,63.022895,4242.299551,18921369157.0,70770.599999,64.65483360004146,72527872,85106688,psapi:GetProcessMemoryInfo,310d40874e5b25f2e089bff650c6b022076b2f75aec7cdec703bc12aa8750556,34753040,feature_bvh@countywide,798a02ae023a,countywide,,cpp/spatial_core/build/water_distance_indexed.exe,3,False,3,9,55,2026-07-29T06:07:30.945535+00:00,2807.0,0.002828,6687354.0,25.012358,1469841.0,5.497569,,,,,,,,,,,,,,,,,,,,,,,,,,,,,,,,,,,,,,,,,,,,,,
segment_bvh,3,267362,8572,1072254,1063159,1.606486,9.115674,29329.922154,2515239470.0,9407.617649,10.92827929998748,185831424,342323200,psapi:GetProcessMemoryInfo,be9972181a71b4cd85afb9d7a0d41c02a75a975b0225c8b5485e6fd81552f8b6,40640659,segment_bvh@countywide,798a02ae023a,countywide,,cpp/spatial_core/build/water_distance_segment_bvh.exe,3,False,3,10,56,2026-07-29T06:07:41.900101+00:00,524287.0,0.177353,8240002.0,30.819645,392016.0,1.466237,1063159.0,1189589.0,126430.0,25.0,5748.239565,24.999998,1189589.0,119768836.0,24.999998,original,1646355.0,6.157775,42137936.0,157.606302,2473101534.0,9250.011348,0.0,0.0,0.0,0.0,,,,,,,,,,,,,,,,,,,,,,,,,,
hilbert_binary,4,267362,8572,1072254,1063159,,17.739575,15071.499995,,11021.825858,20.28626089997124,232480768,285212672,psapi:GetProcessMemoryInfo,8ad41e8391f64e683e67ac253dc4d1e4302da7706f893763d0d32a689d6b7e9e,46725584,hilbert_binary@countywide@w64,798a02ae023a,countywide,64.0,cpp/spatial_core/build/water_distance_hilbert.exe,3,False,3,11,57,2026-07-29T06:08:02.216315+00:00,,0.906768,,,,,,1189589.0,,,,25.0,1189589.0,,,original,,,,,,,,,,,disk,binary,64.0,32.0,12.5,9516712.0,20.23764,47.592623,1.606679,10.278319,6.397244,4.63039,70.913503,141.174168,1.1716919272505513,64.0,141.1741683560117,70.91350304082106,47.59262348426478,60.31990709225694,0.38615061227848385,32.23319399612495,11021.82585782572,,,
hilbert_rmi,5,267362,8572,1072254,1063159,,18.900264,14145.939673,,11021.825858,21.429008400067687,232546304,285204480,psapi:GetProcessMemoryInfo,86f05df0c4a32fd69fb4a63be3437edbc20466ec5beb3f22d8dae871302421aa,45656136,hilbert_rmi@countywide@w64,798a02ae023a,countywide,64.0,cpp/spatial_core/build/water_distance_hilbert.exe,3,False,3,12,58,2026-07-29T06:08:23.675133+00:00,,0.888172,,,,,,1189589.0,,,,25.0,1189589.0,,,original,,,,,,,,,,,disk,rmi,64.0,32.0,12.5,9516712.0,0.0,47.592623,1.606679,10.278319,6.397244,4.63039,83.16842,352.515432,1.5388433412534919,64.0,352.51543226038103,83.16841959590369,47.59262348426478,60.31990709225694,0.4600915612540301,517.3435071130551,11021.82585782572,131072.0,4194400.0,5.0
brute_force,1,10000,8572,1072254,1063159,1.244506,37.796813,264.57257,10631590000.0,1063159.0,39.053540200111456,33906688,34160640,psapi:GetProcessMemoryInfo,f17cf98ddaed1f5b408ff6133641ac8a8799818fde0f3f14bf8655006198e7b4,1279135,brute_force@10000,798a02ae023a,10000,,cpp/spatial_core/build/water_distance_bruteforce.exe,3,False,3,13,59,2026-07-29T06:09:02.735055+00:00,,,,,,,,,,,,,,,,,,,,,,,,,,,,,,,,,,,,,,,,,,,,,,,,,,,,
feature_bvh,2,10000,8572,1072254,1063159,1.469147,1.145915,8726.64847,340112139.0,34011.2139,2.6279562999261543,33959936,35115008,psapi:GetProcessMemoryInfo,659b241d72801c12781f35d1553f88fc41e60fc7f38f4c5ed75f1bf4c994fec8,1310617,feature_bvh@10000,798a02ae023a,10000,,cpp/spatial_core/build/water_distance_indexed.exe,3,False,3,14,60,2026-07-29T06:09:05.367083+00:00,2807.0,0.002759,273690.0,27.369,78152.0,7.8152,,,,,,,,,,,,,,,,,,,,,,,,,,,,,,,,,,,,,,,,,,,,,,
hilbert_rmi,5,10000,8572,1072254,1063159,,0.400071,24995.575783,,1486.1057,2.578043399960734,200228864,237268992,psapi:GetProcessMemoryInfo,a5d4c20c587039d19717dd953b88a77cdeb1971ece7a30cd2fa55dd1906548c4,1709012,hilbert_rmi@10000@w64,798a02ae023a,10000,64.0,cpp/spatial_core/build/water_distance_hilbert.exe,4,False,4,0,61,2026-07-29T06:09:07.948112+00:00,,0.883894,,,,,,1189589.0,,,,25.0,1189589.0,,,original,,,,,,,,,,,disk,rmi,64.0,32.0,12.5,9516712.0,0.0,46.7108,1.6906,11.7066,6.924524,3.990125,87.6208,385.732,2.0385206510937066,64.0,385.732,87.6208,46.7108,58.4894,0.5918,105.68899081538054,1486.1057,131072.0,4194400.0,5.0
feature_bvh,2,100000,8572,1072254,1063159,1.406262,37.449042,2670.295256,11319486859.0,113194.86859,38.87049640004989,44990464,47972352,psapi:GetProcessMemoryInfo,b278640377dd1c3c954cdb8dac4fbe88375ff69a47e32be8386fe7c606a62d9f,13155859,feature_bvh@100000,798a02ae023a,100000,,cpp/spatial_core/build/water_distance_indexed.exe,4,False,4,1,62,2026-07-29T06:09:46.828317+00:00,2807.0,0.002762,2711561.0,27.11561,651398.0,6.51398,,,,,,,,,,,,,,,,,,,,,,,,,,,,,,,,,,,,,,,,,,,,,,
segment_bvh,3,100000,8572,1072254,1063159,1.380996,2.515633,39751.427961,669786024.0,6697.86024,4.09826310002245,164925440,307408896,psapi:GetProcessMemoryInfo,7648c4aed6c55eeed3bbe9dae33b00e32da51d4375f95078999ee248ef415f76,15261391,segment_bvh@100000,798a02ae023a,100000,,cpp/spatial_core/build/water_distance_segment_bvh.exe,4,False,4,2,63,2026-07-29T06:09:50.938006+00:00,524287.0,0.18577,2988325.0,29.88325,144647.0,1.44647,1063159.0,1189589.0,126430.0,25.0,5748.239565,24.999998,1189589.0,119768836.0,24.999998,original,569726.0,5.69726,16231293.0,162.31293,653554731.0,6535.54731,0.0,0.0,0.0,0.0,,,,,,,,,,,,,,,,,,,,,,,,,,
hilbert_binary,4,100000,8572,1072254,1063159,,5.38326,18576.103752,,8056.00196,7.67975520004984,211156992,250134528,psapi:GetProcessMemoryInfo,14fb9d41f0f762b1bdfa078c3dbe93147dd938ca1b5344d3f7b197f332aa9d96,17526573,hilbert_binary@100000@w64,798a02ae023a,100000,64.0,cpp/spatial_core/build/water_distance_hilbert.exe,4,False,4,3,64,2026-07-29T06:09:58.630072+00:00,,0.878293,,,,,,1189589.0,,,,25.0,1189589.0,,,original,,,,,,,,,,,disk,binary,64.0,32.0,12.5,9516712.0,20.21817,42.43839,1.58867,9.57681,6.028193,4.43137,63.84501,82.54203,1.1826374942024194,64.0,82.54203,63.84501,42.43839,56.66388,0.35059,32.23319399612495,8056.00196,,,
hilbert_rmi,5,100000,8572,1072254,1063159,,5.904441,16936.402876,,8056.00196,8.217888499959372,211156992,250122240,psapi:GetProcessMemoryInfo,5f5aa46fee229fbd57f32912c56db035c5068f1e65920dd1266fe52d337dd676,17126573,hilbert_rmi@100000@w64,798a02ae023a,100000,64.0,cpp/spatial_core/build/water_distance_hilbert.exe,4,False,4,4,65,2026-07-29T06:10:06.860883+00:00,,0.884052,,,,,,1189589.0,,,,25.0,1189589.0,,,original,,,,,,,,,,,disk,rmi,64.0,32.0,12.5,9516712.0,0.0,42.43839,1.58867,9.57681,6.028193,4.43137,80.0313,362.08377,1.7027693468712852,64.0,362.08377,80.0313,42.43839,56.66388,0.43578,517.3435071130551,8056.00196,131072.0,4194400.0,5.0
feature_bvh,2,267362,8572,1072254,1063159,1.622126,62.865667,4252.909614,18921369157.0,70770.599999,64.50817919999827,72527872,85086208,psapi:GetProcessMemoryInfo,310d40874e5b25f2e089bff650c6b022076b2f75aec7cdec703bc12aa8750556,34753040,feature_bvh@countywide,798a02ae023a,countywide,,cpp/spatial_core/build/water_distance_indexed.exe,4,False,4,5,66,2026-07-29T06:11:11.392228+00:00,2807.0,0.002802,6687354.0,25.012358,1469841.0,5.497569,,,,,,,,,,,,,,,,,,,,,,,,,,,,,,,,,,,,,,,,,,,,,,
segment_bvh,3,267362,8572,1072254,1063159,1.602677,9.116745,29326.474979,2515239470.0,9407.617649,10.922169500030577,185860096,342327296,psapi:GetProcessMemoryInfo,be9972181a71b4cd85afb9d7a0d41c02a75a975b0225c8b5485e6fd81552f8b6,40640659,segment_bvh@countywide,798a02ae023a,countywide,,cpp/spatial_core/build/water_distance_segment_bvh.exe,4,False,4,6,67,2026-07-29T06:11:22.340586+00:00,524287.0,0.182057,8240002.0,30.819645,392016.0,1.466237,1063159.0,1189589.0,126430.0,25.0,5748.239565,24.999998,1189589.0,119768836.0,24.999998,original,1646355.0,6.157775,42137936.0,157.606302,2473101534.0,9250.011348,0.0,0.0,0.0,0.0,,,,,,,,,,,,,,,,,,,,,,,,,,
hilbert_binary,4,267362,8572,1072254,1063159,,17.714927,15092.470013,,11021.825858,20.256780299940147,232542208,285208576,psapi:GetProcessMemoryInfo,8ad41e8391f64e683e67ac253dc4d1e4302da7706f893763d0d32a689d6b7e9e,46725584,hilbert_binary@countywide@w64,798a02ae023a,countywide,64.0,cpp/spatial_core/build/water_distance_hilbert.exe,4,False,4,7,68,2026-07-29T06:11:42.627353+00:00,,0.87823,,,,,,1189589.0,,,,25.0,1189589.0,,,original,,,,,,,,,,,disk,binary,64.0,32.0,12.5,9516712.0,20.23764,47.592623,1.606679,10.278319,6.397244,4.63039,70.913503,141.174168,1.1716919272505513,64.0,141.1741683560117,70.91350304082106,47.59262348426478,60.31990709225694,0.38615061227848385,32.23319399612495,11021.82585782572,,,
hilbert_rmi,5,267362,8572,1072254,1063159,,18.803978,14218.374129,,11021.825858,21.32986559998244,232439808,285212672,psapi:GetProcessMemoryInfo,86f05df0c4a32fd69fb4a63be3437edbc20466ec5beb3f22d8dae871302421aa,45656136,hilbert_rmi@countywide@w64,798a02ae023a,countywide,64.0,cpp/spatial_core/build/water_distance_hilbert.exe,4,False,4,8,69,2026-07-29T06:12:03.987957+00:00,,0.875566,,,,,,1189589.0,,,,25.0,1189589.0,,,original,,,,,,,,,,,disk,rmi,64.0,32.0,12.5,9516712.0,0.0,47.592623,1.606679,10.278319,6.397244,4.63039,83.16842,352.515432,1.5388433412534919,64.0,352.51543226038103,83.16841959590369,47.59262348426478,60.31990709225694,0.4600915612540301,517.3435071130551,11021.82585782572,131072.0,4194400.0,5.0
feature_bvh,2,10000,8572,1072254,1063159,1.273671,1.162362,8603.174038,340112139.0,34011.2139,2.4489465999649838,33931264,35115008,psapi:GetProcessMemoryInfo,659b241d72801c12781f35d1553f88fc41e60fc7f38f4c5ed75f1bf4c994fec8,1310617,feature_bvh@10000,798a02ae023a,10000,,cpp/spatial_core/build/water_distance_indexed.exe,4,False,4,9,70,2026-07-29T06:12:06.441654+00:00,2807.0,0.002749,273690.0,27.369,78152.0,7.8152,,,,,,,,,,,,,,,,,,,,,,,,,,,,,,,,,,,,,,,,,,,,,,
segment_bvh,3,10000,8572,1072254,1063159,1.249015,0.073059,136875.675824,12692905.0,1269.2905,1.5137818999355659,153739264,294481920,psapi:GetProcessMemoryInfo,d623c95082ac323f80bc5da6fbd72d4b416cb0dcee9203dcf4a2b72478d6520c,1521740,segment_bvh@10000,798a02ae023a,10000,,cpp/spatial_core/build/water_distance_segment_bvh.exe,4,False,4,10,71,2026-07-29T06:12:07.957915+00:00,524287.0,0.17907,302901.0,30.2901,14030.0,1.403,1063159.0,1189589.0,126430.0,25.0,5748.239565,24.999998,1189589.0,119768836.0,24.999998,original,59173.0,5.9173,2086325.0,208.6325,10606580.0,1060.658,0.0,0.0,0.0,0.0,,,,,,,,,,,,,,,,,,,,,,,,,,
hilbert_binary,4,10000,8572,1072254,1063159,,0.345653,28930.731728,,1486.1057,2.5299389000283554,200048640,237228032,psapi:GetProcessMemoryInfo,822a90913ac033a92815c66ee36f0310906eba0be39ee7947220ba500ad821f0,1749012,hilbert_binary@10000@w64,798a02ae023a,10000,64.0,cpp/spatial_core/build/water_distance_hilbert.exe,4,False,4,11,72,2026-07-29T06:12:10.490759+00:00,,0.879889,,,,,,1189589.0,,,,25.0,1189589.0,,,original,,,,,,,,,,,disk,binary,64.0,32.0,12.5,9516712.0,20.2223,46.7108,1.6906,11.7066,6.924524,3.990125,70.2463,113.0575,1.2521107192717233,64.0,113.0575,70.2463,46.7108,58.4894,0.4997,25.05860637272425,1486.1057,,,
feature_bvh,2,100000,8572,1072254,1063159,1.387142,37.552617,2662.930263,11319486859.0,113194.86859,38.95518360007554,44953600,47984640,psapi:GetProcessMemoryInfo,b278640377dd1c3c954cdb8dac4fbe88375ff69a47e32be8386fe7c606a62d9f,13155859,feature_bvh@100000,798a02ae023a,100000,,cpp/spatial_core/build/water_distance_indexed.exe,5,False,5,0,73,2026-07-29T06:12:49.455622+00:00,2807.0,0.002776,2711561.0,27.11561,651398.0,6.51398,,,,,,,,,,,,,,,,,,,,,,,,,,,,,,,,,,,,,,,,,,,,,,
segment_bvh,3,100000,8572,1072254,1063159,1.400999,2.514398,39770.95272,669786024.0,6697.86024,4.110880899941549,164818944,307425280,psapi:GetProcessMemoryInfo,7648c4aed6c55eeed3bbe9dae33b00e32da51d4375f95078999ee248ef415f76,15261391,segment_bvh@100000,798a02ae023a,100000,,cpp/spatial_core/build/water_distance_segment_bvh.exe,5,False,5,1,74,2026-07-29T06:12:53.577581+00:00,524287.0,0.180064,2988325.0,29.88325,144647.0,1.44647,1063159.0,1189589.0,126430.0,25.0,5748.239565,24.999998,1189589.0,119768836.0,24.999998,original,569726.0,5.69726,16231293.0,162.31293,653554731.0,6535.54731,0.0,0.0,0.0,0.0,,,,,,,,,,,,,,,,,,,,,,,,,,
hilbert_binary,4,100000,8572,1072254,1063159,,5.311952,18825.472378,,8056.00196,7.624481600010768,211161088,250142720,psapi:GetProcessMemoryInfo,14fb9d41f0f762b1bdfa078c3dbe93147dd938ca1b5344d3f7b197f332aa9d96,17526573,hilbert_binary@100000@w64,798a02ae023a,100000,64.0,cpp/spatial_core/build/water_distance_hilbert.exe,5,False,5,2,75,2026-07-29T06:13:01.214524+00:00,,0.876839,,,,,,1189589.0,,,,25.0,1189589.0,,,original,,,,,,,,,,,disk,binary,64.0,32.0,12.5,9516712.0,20.21817,42.43839,1.58867,9.57681,6.028193,4.43137,63.84501,82.54203,1.1826374942024194,64.0,82.54203,63.84501,42.43839,56.66388,0.35059,32.23319399612495,8056.00196,,,
hilbert_rmi,5,100000,8572,1072254,1063159,,5.927367,16870.895891,,8056.00196,8.235883999965154,211210240,250109952,psapi:GetProcessMemoryInfo,5f5aa46fee229fbd57f32912c56db035c5068f1e65920dd1266fe52d337dd676,17126573,hilbert_rmi@100000@w64,798a02ae023a,100000,64.0,cpp/spatial_core/build/water_distance_hilbert.exe,5,False,5,3,76,2026-07-29T06:13:09.462669+00:00,,0.89081,,,,,,1189589.0,,,,25.0,1189589.0,,,original,,,,,,,,,,,disk,rmi,64.0,32.0,12.5,9516712.0,0.0,42.43839,1.58867,9.57681,6.028193,4.43137,80.0313,362.08377,1.7027693468712852,64.0,362.08377,80.0313,42.43839,56.66388,0.43578,517.3435071130551,8056.00196,131072.0,4194400.0,5.0
feature_bvh,2,267362,8572,1072254,1063159,1.605383,62.868225,4252.736564,18921369157.0,70770.599999,64.49427889997605,72527872,85049344,psapi:GetProcessMemoryInfo,310d40874e5b25f2e089bff650c6b022076b2f75aec7cdec703bc12aa8750556,34753040,feature_bvh@countywide,798a02ae023a,countywide,,cpp/spatial_core/build/water_distance_indexed.exe,5,False,5,4,77,2026-07-29T06:14:13.980553+00:00,2807.0,0.002908,6687354.0,25.012358,1469841.0,5.497569,,,,,,,,,,,,,,,,,,,,,,,,,,,,,,,,,,,,,,,,,,,,,,
segment_bvh,3,267362,8572,1072254,1063159,1.590879,9.083865,29432.624898,2515239470.0,9407.617649,10.874142199987546,185864192,342327296,psapi:GetProcessMemoryInfo,be9972181a71b4cd85afb9d7a0d41c02a75a975b0225c8b5485e6fd81552f8b6,40640659,segment_bvh@countywide,798a02ae023a,countywide,,cpp/spatial_core/build/water_distance_segment_bvh.exe,5,False,5,5,78,2026-07-29T06:14:24.880534+00:00,524287.0,0.179316,8240002.0,30.819645,392016.0,1.466237,1063159.0,1189589.0,126430.0,25.0,5748.239565,24.999998,1189589.0,119768836.0,24.999998,original,1646355.0,6.157775,42137936.0,157.606302,2473101534.0,9250.011348,0.0,0.0,0.0,0.0,,,,,,,,,,,,,,,,,,,,,,,,,,
hilbert_binary,4,267362,8572,1072254,1063159,,17.70221,15103.311703,,11021.825858,20.225693399901502,232574976,285208576,psapi:GetProcessMemoryInfo,8ad41e8391f64e683e67ac253dc4d1e4302da7706f893763d0d32a689d6b7e9e,46725584,hilbert_binary@countywide@w64,798a02ae023a,countywide,64.0,cpp/spatial_core/build/water_distance_hilbert.exe,5,False,5,6,79,2026-07-29T06:14:45.136529+00:00,,0.878309,,,,,,1189589.0,,,,25.0,1189589.0,,,original,,,,,,,,,,,disk,binary,64.0,32.0,12.5,9516712.0,20.23764,47.592623,1.606679,10.278319,6.397244,4.63039,70.913503,141.174168,1.1716919272505513,64.0,141.1741683560117,70.91350304082106,47.59262348426478,60.31990709225694,0.38615061227848385,32.23319399612495,11021.82585782572,,,
hilbert_rmi,5,267362,8572,1072254,1063159,,18.939237,14116.83028,,11021.825858,21.525734700029716,232521728,285212672,psapi:GetProcessMemoryInfo,86f05df0c4a32fd69fb4a63be3437edbc20466ec5beb3f22d8dae871302421aa,45656136,hilbert_rmi@countywide@w64,798a02ae023a,countywide,64.0,cpp/spatial_core/build/water_distance_hilbert.exe,5,False,5,7,80,2026-07-29T06:15:06.692181+00:00,,0.876499,,,,,,1189589.0,,,,25.0,1189589.0,,,original,,,,,,,,,,,disk,rmi,64.0,32.0,12.5,9516712.0,0.0,47.592623,1.606679,10.278319,6.397244,4.63039,83.16842,352.515432,1.5388433412534919,64.0,352.51543226038103,83.16841959590369,47.59262348426478,60.31990709225694,0.4600915612540301,517.3435071130551,11021.82585782572,131072.0,4194400.0,5.0
feature_bvh,2,10000,8572,1072254,1063159,1.252017,1.160414,8617.611831,340112139.0,34011.2139,2.425096399965696,33931264,35115008,psapi:GetProcessMemoryInfo,659b241d72801c12781f35d1553f88fc41e60fc7f38f4c5ed75f1bf4c994fec8,1310617,feature_bvh@10000,798a02ae023a,10000,,cpp/spatial_core/build/water_distance_indexed.exe,5,False,5,8,81,2026-07-29T06:15:09.121758+00:00,2807.0,0.00278,273690.0,27.369,78152.0,7.8152,,,,,,,,,,,,,,,,,,,,,,,,,,,,,,,,,,,,,,,,,,,,,,
segment_bvh,3,10000,8572,1072254,1063159,1.260541,0.073049,136893.66374,12692905.0,1269.2905,1.524441899964586,153657344,294473728,psapi:GetProcessMemoryInfo,d623c95082ac323f80bc5da6fbd72d4b416cb0dcee9203dcf4a2b72478d6520c,1521740,segment_bvh@10000,798a02ae023a,10000,,cpp/spatial_core/build/water_distance_segment_bvh.exe,5,False,5,9,82,2026-07-29T06:15:10.649027+00:00,524287.0,0.178445,302901.0,30.2901,14030.0,1.403,1063159.0,1189589.0,126430.0,25.0,5748.239565,24.999998,1189589.0,119768836.0,24.999998,original,59173.0,5.9173,2086325.0,208.6325,10606580.0,1060.658,0.0,0.0,0.0,0.0,,,,,,,,,,,,,,,,,,,,,,,,,,
hilbert_binary,4,10000,8572,1072254,1063159,,0.344853,28997.837631,,1486.1057,2.5179814000148326,200073216,237232128,psapi:GetProcessMemoryInfo,822a90913ac033a92815c66ee36f0310906eba0be39ee7947220ba500ad821f0,1749012,hilbert_binary@10000@w64,798a02ae023a,10000,64.0,cpp/spatial_core/build/water_distance_hilbert.exe,5,False,5,10,83,2026-07-29T06:15:13.170363+00:00,,0.880255,,,,,,1189589.0,,,,25.0,1189589.0,,,original,,,,,,,,,,,disk,binary,64.0,32.0,12.5,9516712.0,20.2223,46.7108,1.6906,11.7066,6.924524,3.990125,70.2463,113.0575,1.2521107192717233,64.0,113.0575,70.2463,46.7108,58.4894,0.4997,25.05860637272425,1486.1057,,,
hilbert_rmi,5,10000,8572,1072254,1063159,,0.400274,24982.892964,,1486.1057,2.582192500005476,200126464,237268992,psapi:GetProcessMemoryInfo,a5d4c20c587039d19717dd953b88a77cdeb1971ece7a30cd2fa55dd1906548c4,1709012,hilbert_rmi@10000@w64,798a02ae023a,10000,64.0,cpp/spatial_core/build/water_distance_hilbert.exe,5,False,5,11,84,2026-07-29T06:15:15.755296+00:00,,0.886785,,,,,,1189589.0,,,,25.0,1189589.0,,,original,,,,,,,,,,,disk,rmi,64.0,32.0,12.5,9516712.0,0.0,46.7108,1.6906,11.7066,6.924524,3.990125,87.6208,385.732,2.0385206510937066,64.0,385.732,87.6208,46.7108,58.4894,0.5918,105.68899081538054,1486.1057,131072.0,4194400.0,5.0
segment_bvh,3,100000,8572,1072254,1063159,1.377879,2.506058,39903.303124,669786024.0,6697.86024,4.078494699904695,164765696,307412992,psapi:GetProcessMemoryInfo,7648c4aed6c55eeed3bbe9dae33b00e32da51d4375f95078999ee248ef415f76,15261391,segment_bvh@100000,798a02ae023a,100000,,cpp/spatial_core/build/water_distance_segment_bvh.exe,6,False,6,0,85,2026-07-29T06:15:19.845166+00:00,524287.0,0.178923,2988325.0,29.88325,144647.0,1.44647,1063159.0,1189589.0,126430.0,25.0,5748.239565,24.999998,1189589.0,119768836.0,24.999998,original,569726.0,5.69726,16231293.0,162.31293,653554731.0,6535.54731,0.0,0.0,0.0,0.0,,,,,,,,,,,,,,,,,,,,,,,,,,
hilbert_binary,4,100000,8572,1072254,1063159,,5.362829,18646.873582,,8056.00196,7.684806399978697,211169280,250130432,psapi:GetProcessMemoryInfo,14fb9d41f0f762b1bdfa078c3dbe93147dd938ca1b5344d3f7b197f332aa9d96,17526573,hilbert_binary@100000@w64,798a02ae023a,100000,64.0,cpp/spatial_core/build/water_distance_hilbert.exe,6,False,6,1,86,2026-07-29T06:15:27.542182+00:00,,0.890787,,,,,,1189589.0,,,,25.0,1189589.0,,,original,,,,,,,,,,,disk,binary,64.0,32.0,12.5,9516712.0,20.21817,42.43839,1.58867,9.57681,6.028193,4.43137,63.84501,82.54203,1.1826374942024194,64.0,82.54203,63.84501,42.43839,56.66388,0.35059,32.23319399612495,8056.00196,,,
hilbert_rmi,5,100000,8572,1072254,1063159,,5.87777,17013.255027,,8056.00196,8.18644109996967,211177472,250114048,psapi:GetProcessMemoryInfo,5f5aa46fee229fbd57f32912c56db035c5068f1e65920dd1266fe52d337dd676,17126573,hilbert_rmi@100000@w64,798a02ae023a,100000,64.0,cpp/spatial_core/build/water_distance_hilbert.exe,6,False,6,2,87,2026-07-29T06:15:35.741065+00:00,,0.887277,,,,,,1189589.0,,,,25.0,1189589.0,,,original,,,,,,,,,,,disk,rmi,64.0,32.0,12.5,9516712.0,0.0,42.43839,1.58867,9.57681,6.028193,4.43137,80.0313,362.08377,1.7027693468712852,64.0,362.08377,80.0313,42.43839,56.66388,0.43578,517.3435071130551,8056.00196,131072.0,4194400.0,5.0
feature_bvh,2,267362,8572,1072254,1063159,1.622745,62.949997,4247.212289,18921369157.0,70770.599999,64.59381840005517,72527872,85086208,psapi:GetProcessMemoryInfo,310d40874e5b25f2e089bff650c6b022076b2f75aec7cdec703bc12aa8750556,34753040,feature_bvh@countywide,798a02ae023a,countywide,,cpp/spatial_core/build/water_distance_indexed.exe,6,False,6,3,88,2026-07-29T06:16:40.361605+00:00,2807.0,0.002782,6687354.0,25.012358,1469841.0,5.497569,,,,,,,,,,,,,,,,,,,,,,,,,,,,,,,,,,,,,,,,,,,,,,
segment_bvh,3,267362,8572,1072254,1063159,1.605449,9.127957,29290.453173,2515239470.0,9407.617649,10.934290899895132,185856000,342331392,psapi:GetProcessMemoryInfo,be9972181a71b4cd85afb9d7a0d41c02a75a975b0225c8b5485e6fd81552f8b6,40640659,segment_bvh@countywide,798a02ae023a,countywide,,cpp/spatial_core/build/water_distance_segment_bvh.exe,6,False,6,4,89,2026-07-29T06:16:51.322588+00:00,524287.0,0.180123,8240002.0,30.819645,392016.0,1.466237,1063159.0,1189589.0,126430.0,25.0,5748.239565,24.999998,1189589.0,119768836.0,24.999998,original,1646355.0,6.157775,42137936.0,157.606302,2473101534.0,9250.011348,0.0,0.0,0.0,0.0,,,,,,,,,,,,,,,,,,,,,,,,,,
hilbert_binary,4,267362,8572,1072254,1063159,,17.750015,15062.634734,,11021.825858,20.31880030001048,232542208,285200384,psapi:GetProcessMemoryInfo,8ad41e8391f64e683e67ac253dc4d1e4302da7706f893763d0d32a689d6b7e9e,46725584,hilbert_binary@countywide@w64,798a02ae023a,countywide,64.0,cpp/spatial_core/build/water_distance_hilbert.exe,6,False,6,5,90,2026-07-29T06:17:11.672017+00:00,,0.898914,,,,,,1189589.0,,,,25.0,1189589.0,,,original,,,,,,,,,,,disk,binary,64.0,32.0,12.5,9516712.0,20.23764,47.592623,1.606679,10.278319,6.397244,4.63039,70.913503,141.174168,1.1716919272505513,64.0,141.1741683560117,70.91350304082106,47.59262348426478,60.31990709225694,0.38615061227848385,32.23319399612495,11021.82585782572,,,
hilbert_rmi,5,267362,8572,1072254,1063159,,18.897398,14148.085585,,11021.825858,21.454668799997307,232583168,285212672,psapi:GetProcessMemoryInfo,86f05df0c4a32fd69fb4a63be3437edbc20466ec5beb3f22d8dae871302421aa,45656136,hilbert_rmi@countywide@w64,798a02ae023a,countywide,64.0,cpp/spatial_core/build/water_distance_hilbert.exe,6,False,6,6,91,2026-07-29T06:17:33.160012+00:00,,0.892676,,,,,,1189589.0,,,,25.0,1189589.0,,,original,,,,,,,,,,,disk,rmi,64.0,32.0,12.5,9516712.0,0.0,47.592623,1.606679,10.278319,6.397244,4.63039,83.16842,352.515432,1.5388433412534919,64.0,352.51543226038103,83.16841959590369,47.59262348426478,60.31990709225694,0.4600915612540301,517.3435071130551,11021.82585782572,131072.0,4194400.0,5.0
feature_bvh,2,10000,8572,1072254,1063159,1.283687,1.147135,8717.366755,340112139.0,34011.2139,2.4439118000445887,33910784,35110912,psapi:GetProcessMemoryInfo,659b241d72801c12781f35d1553f88fc41e60fc7f38f4c5ed75f1bf4c994fec8,1310617,feature_bvh@10000,798a02ae023a,10000,,cpp/spatial_core/build/water_distance_indexed.exe,6,False,6,7,92,2026-07-29T06:17:35.608979+00:00,2807.0,0.002808,273690.0,27.369,78152.0,7.8152,,,,,,,,,,,,,,,,,,,,,,,,,,,,,,,,,,,,,,,,,,,,,,
segment_bvh,3,10000,8572,1072254,1063159,1.25235,0.073654,135769.398392,12692905.0,1269.2905,1.5177674000151455,153640960,294481920,psapi:GetProcessMemoryInfo,d623c95082ac323f80bc5da6fbd72d4b416cb0dcee9203dcf4a2b72478d6520c,1521740,segment_bvh@10000,798a02ae023a,10000,,cpp/spatial_core/build/water_distance_segment_bvh.exe,6,False,6,8,93,2026-07-29T06:17:37.129605+00:00,524287.0,0.179337,302901.0,30.2901,14030.0,1.403,1063159.0,1189589.0,126430.0,25.0,5748.239565,24.999998,1189589.0,119768836.0,24.999998,original,59173.0,5.9173,2086325.0,208.6325,10606580.0,1060.658,0.0,0.0,0.0,0.0,,,,,,,,,,,,,,,,,,,,,,,,,,
hilbert_binary,4,10000,8572,1072254,1063159,,0.350217,28553.700802,,1486.1057,2.551924900035374,199995392,237244416,psapi:GetProcessMemoryInfo,822a90913ac033a92815c66ee36f0310906eba0be39ee7947220ba500ad821f0,1749012,hilbert_binary@10000@w64,798a02ae023a,10000,64.0,cpp/spatial_core/build/water_distance_hilbert.exe,6,False,6,9,94,2026-07-29T06:17:39.684345+00:00,,0.892618,,,,,,1189589.0,,,,25.0,1189589.0,,,original,,,,,,,,,,,disk,binary,64.0,32.0,12.5,9516712.0,20.2223,46.7108,1.6906,11.7066,6.924524,3.990125,70.2463,113.0575,1.2521107192717233,64.0,113.0575,70.2463,46.7108,58.4894,0.4997,25.05860637272425,1486.1057,,,
hilbert_rmi,5,10000,8572,1072254,1063159,,0.401614,24899.505595,,1486.1057,2.6278261000989005,200167424,237268992,psapi:GetProcessMemoryInfo,a5d4c20c587039d19717dd953b88a77cdeb1971ece7a30cd2fa55dd1906548c4,1709012,hilbert_rmi@10000@w64,798a02ae023a,10000,64.0,cpp/spatial_core/build/water_distance_hilbert.exe,6,False,6,10,95,2026-07-29T06:17:42.314926+00:00,,0.900598,,,,,,1189589.0,,,,25.0,1189589.0,,,original,,,,,,,,,,,disk,rmi,64.0,32.0,12.5,9516712.0,0.0,46.7108,1.6906,11.7066,6.924524,3.990125,87.6208,385.732,2.0385206510937066,64.0,385.732,87.6208,46.7108,58.4894,0.5918,105.68899081538054,1486.1057,131072.0,4194400.0,5.0
feature_bvh,2,100000,8572,1072254,1063159,1.383848,37.48897,2667.451239,11319486859.0,113194.86859,38.88836929993704,44998656,47968256,psapi:GetProcessMemoryInfo,b278640377dd1c3c954cdb8dac4fbe88375ff69a47e32be8386fe7c606a62d9f,13155859,feature_bvh@100000,798a02ae023a,100000,,cpp/spatial_core/build/water_distance_indexed.exe,6,False,6,11,96,2026-07-29T06:18:21.213261+00:00,2807.0,0.002842,2711561.0,27.11561,651398.0,6.51398,,,,,,,,,,,,,,,,,,,,,,,,,,,,,,,,,,,,,,,,,,,,,,
hilbert_binary,4,100000,8572,1072254,1063159,,5.351596,18686.015812,,8056.00196,7.645706599927507,211222528,250134528,psapi:GetProcessMemoryInfo,14fb9d41f0f762b1bdfa078c3dbe93147dd938ca1b5344d3f7b197f332aa9d96,17526573,hilbert_binary@100000@w64,798a02ae023a,100000,64.0,cpp/spatial_core/build/water_distance_hilbert.exe,7,False,7,0,97,2026-07-29T06:18:28.871673+00:00,,0.88135,,,,,,1189589.0,,,,25.0,1189589.0,,,original,,,,,,,,,,,disk,binary,64.0,32.0,12.5,9516712.0,20.21817,42.43839,1.58867,9.57681,6.028193,4.43137,63.84501,82.54203,1.1826374942024194,64.0,82.54203,63.84501,42.43839,56.66388,0.35059,32.23319399612495,8056.00196,,,
hilbert_rmi,5,100000,8572,1072254,1063159,,5.904537,16936.128086,,8056.00196,8.21754390001297,211144704,250118144,psapi:GetProcessMemoryInfo,5f5aa46fee229fbd57f32912c56db035c5068f1e65920dd1266fe52d337dd676,17126573,hilbert_rmi@100000@w64,798a02ae023a,100000,64.0,cpp/spatial_core/build/water_distance_hilbert.exe,7,False,7,1,98,2026-07-29T06:18:37.101247+00:00,,0.871851,,,,,,1189589.0,,,,25.0,1189589.0,,,original,,,,,,,,,,,disk,rmi,64.0,32.0,12.5,9516712.0,0.0,42.43839,1.58867,9.57681,6.028193,4.43137,80.0313,362.08377,1.7027693468712852,64.0,362.08377,80.0313,42.43839,56.66388,0.43578,517.3435071130551,8056.00196,131072.0,4194400.0,5.0
feature_bvh,2,267362,8572,1072254,1063159,1.616052,62.859639,4253.317465,18921369157.0,70770.599999,64.49669860000722,72527872,85082112,psapi:GetProcessMemoryInfo,310d40874e5b25f2e089bff650c6b022076b2f75aec7cdec703bc12aa8750556,34753040,feature_bvh@countywide,798a02ae023a,countywide,,cpp/spatial_core/build/water_distance_indexed.exe,7,False,7,2,99,2026-07-29T06:19:41.620986+00:00,2807.0,0.002881,6687354.0,25.012358,1469841.0,5.497569,,,,,,,,,,,,,,,,,,,,,,,,,,,,,,,,,,,,,,,,,,,,,,
segment_bvh,3,267362,8572,1072254,1063159,1.591202,9.090881,29409.911524,2515239470.0,9407.617649,10.883230600040406,185827328,342323200,psapi:GetProcessMemoryInfo,be9972181a71b4cd85afb9d7a0d41c02a75a975b0225c8b5485e6fd81552f8b6,40640659,segment_bvh@countywide,798a02ae023a,countywide,,cpp/spatial_core/build/water_distance_segment_bvh.exe,7,False,7,3,100,2026-07-29T06:19:52.530584+00:00,524287.0,0.180526,8240002.0,30.819645,392016.0,1.466237,1063159.0,1189589.0,126430.0,25.0,5748.239565,24.999998,1189589.0,119768836.0,24.999998,original,1646355.0,6.157775,42137936.0,157.606302,2473101534.0,9250.011348,0.0,0.0,0.0,0.0,,,,,,,,,,,,,,,,,,,,,,,,,,
hilbert_binary,4,267362,8572,1072254,1063159,,17.757589,15056.21053,,11021.825858,20.30364619998727,232509440,285220864,psapi:GetProcessMemoryInfo,8ad41e8391f64e683e67ac253dc4d1e4302da7706f893763d0d32a689d6b7e9e,46725584,hilbert_binary@countywide@w64,798a02ae023a,countywide,64.0,cpp/spatial_core/build/water_distance_hilbert.exe,7,False,7,4,101,2026-07-29T06:20:12.864383+00:00,,0.880808,,,,,,1189589.0,,,,25.0,1189589.0,,,original,,,,,,,,,,,disk,binary,64.0,32.0,12.5,9516712.0,20.23764,47.592623,1.606679,10.278319,6.397244,4.63039,70.913503,141.174168,1.1716919272505513,64.0,141.1741683560117,70.91350304082106,47.59262348426478,60.31990709225694,0.38615061227848385,32.23319399612495,11021.82585782572,,,
hilbert_rmi,5,267362,8572,1072254,1063159,,18.87662,14163.658686,,11021.825858,21.437297499971464,232501248,285204480,psapi:GetProcessMemoryInfo,86f05df0c4a32fd69fb4a63be3437edbc20466ec5beb3f22d8dae871302421aa,45656136,hilbert_rmi@countywide@w64,798a02ae023a,countywide,64.0,cpp/spatial_core/build/water_distance_hilbert.exe,7,False,7,5,102,2026-07-29T06:20:34.331519+00:00,,0.895174,,,,,,1189589.0,,,,25.0,1189589.0,,,original,,,,,,,,,,,disk,rmi,64.0,32.0,12.5,9516712.0,0.0,47.592623,1.606679,10.278319,6.397244,4.63039,83.16842,352.515432,1.5388433412534919,64.0,352.51543226038103,83.16841959590369,47.59262348426478,60.31990709225694,0.4600915612540301,517.3435071130551,11021.82585782572,131072.0,4194400.0,5.0
feature_bvh,2,10000,8572,1072254,1063159,1.290203,1.144805,8735.112093,340112139.0,34011.2139,2.4483512999722734,33939456,35119104,psapi:GetProcessMemoryInfo,659b241d72801c12781f35d1553f88fc41e60fc7f38f4c5ed75f1bf4c994fec8,1310617,feature_bvh@10000,798a02ae023a,10000,,cpp/spatial_core/build/water_distance_indexed.exe,7,False,7,6,103,2026-07-29T06:20:36.784058+00:00,2807.0,0.003146,273690.0,27.369,78152.0,7.8152,,,,,,,,,,,,,,,,,,,,,,,,,,,,,,,,,,,,,,,,,,,,,,
segment_bvh,3,10000,8572,1072254,1063159,1.264099,0.074856,133590.361188,12692905.0,1269.2905,1.5355556000722572,153661440,294473728,psapi:GetProcessMemoryInfo,d623c95082ac323f80bc5da6fbd72d4b416cb0dcee9203dcf4a2b72478d6520c,1521740,segment_bvh@10000,798a02ae023a,10000,,cpp/spatial_core/build/water_distance_segment_bvh.exe,7,False,7,7,104,2026-07-29T06:20:38.322515+00:00,524287.0,0.183881,302901.0,30.2901,14030.0,1.403,1063159.0,1189589.0,126430.0,25.0,5748.239565,24.999998,1189589.0,119768836.0,24.999998,original,59173.0,5.9173,2086325.0,208.6325,10606580.0,1060.658,0.0,0.0,0.0,0.0,,,,,,,,,,,,,,,,,,,,,,,,,,
hilbert_binary,4,10000,8572,1072254,1063159,,0.339845,29425.196443,,1486.1057,2.5176580999977887,200093696,237232128,psapi:GetProcessMemoryInfo,822a90913ac033a92815c66ee36f0310906eba0be39ee7947220ba500ad821f0,1749012,hilbert_binary@10000@w64,798a02ae023a,10000,64.0,cpp/spatial_core/build/water_distance_hilbert.exe,7,False,7,8,105,2026-07-29T06:20:40.843020+00:00,,0.871404,,,,,,1189589.0,,,,25.0,1189589.0,,,original,,,,,,,,,,,disk,binary,64.0,32.0,12.5,9516712.0,20.2223,46.7108,1.6906,11.7066,6.924524,3.990125,70.2463,113.0575,1.2521107192717233,64.0,113.0575,70.2463,46.7108,58.4894,0.4997,25.05860637272425,1486.1057,,,
hilbert_rmi,5,10000,8572,1072254,1063159,,0.394522,25347.15463,,1486.1057,2.5809585000388324,200089600,237273088,psapi:GetProcessMemoryInfo,a5d4c20c587039d19717dd953b88a77cdeb1971ece7a30cd2fa55dd1906548c4,1709012,hilbert_rmi@10000@w64,798a02ae023a,10000,64.0,cpp/spatial_core/build/water_distance_hilbert.exe,7,False,7,9,106,2026-07-29T06:20:43.426704+00:00,,0.876533,,,,,,1189589.0,,,,25.0,1189589.0,,,original,,,,,,,,,,,disk,rmi,64.0,32.0,12.5,9516712.0,0.0,46.7108,1.6906,11.7066,6.924524,3.990125,87.6208,385.732,2.0385206510937066,64.0,385.732,87.6208,46.7108,58.4894,0.5918,105.68899081538054,1486.1057,131072.0,4194400.0,5.0
feature_bvh,2,100000,8572,1072254,1063159,1.384522,37.596932,2659.791524,11319486859.0,113194.86859,38.99717539991252,45027328,47984640,psapi:GetProcessMemoryInfo,b278640377dd1c3c954cdb8dac4fbe88375ff69a47e32be8386fe7c606a62d9f,13155859,feature_bvh@100000,798a02ae023a,100000,,cpp/spatial_core/build/water_distance_indexed.exe,7,False,7,10,107,2026-07-29T06:21:22.433772+00:00,2807.0,0.002807,2711561.0,27.11561,651398.0,6.51398,,,,,,,,,,,,,,,,,,,,,,,,,,,,,,,,,,,,,,,,,,,,,,
segment_bvh,3,100000,8572,1072254,1063159,1.356525,2.513204,39789.842783,669786024.0,6697.86024,4.065471000038087,164737024,307408896,psapi:GetProcessMemoryInfo,7648c4aed6c55eeed3bbe9dae33b00e32da51d4375f95078999ee248ef415f76,15261391,segment_bvh@100000,798a02ae023a,100000,,cpp/spatial_core/build/water_distance_segment_bvh.exe,7,False,7,11,108,2026-07-29T06:21:26.510537+00:00,524287.0,0.179586,2988325.0,29.88325,144647.0,1.44647,1063159.0,1189589.0,126430.0,25.0,5748.239565,24.999998,1189589.0,119768836.0,24.999998,original,569726.0,5.69726,16231293.0,162.31293,653554731.0,6535.54731,0.0,0.0,0.0,0.0,,,,,,,,,,,,,,,,,,,,,,,,,,
