algorithm,rung,property_count,water_feature_count,vertex_count,segment_count,input_loading_seconds,computation_seconds,properties_per_second,total_segment_checks,average_segment_checks_per_property,total_process_seconds,peak_working_set_bytes,peak_commit_bytes,peak_memory_method,output_sha256,output_size_bytes,workload,seed_window_build,repetition,is_warmup,block,execution_order,bvh_node_count,index_construction_seconds,total_index_node_visits,average_node_visits_per_property,total_candidate_feature_checks,average_candidate_features_per_property,original_segment_count,split_segment_count,added_segment_count,max_segment_length_cap_m,max_original_segment_length_m,max_split_segment_length_m,index_entries,index_bytes,max_entry_extent_m,verification_mode,total_segment_box_tests,average_segment_box_tests_per_property,total_line_segment_checks,average_line_segment_checks_per_property,total_polygon_segment_checks,average_polygon_segment_checks_per_property,total_containment_ring_checks,average_containment_ring_checks_per_property,total_containment_parts_tested,total_containment_parts_skipped,region_mode,seed_mode,seed_window_entries_stdout,hilbert_order_bits_per_axis,inflation_half_m,key_array_bytes,average_seed_probes_per_property,n_decomp_per_property,n_true_r_per_property,n_disk_infl_per_property,geometric_inflation_capped,box_versus_disk_inflation,resolve_nodes_per_property,resolve_entries_per_property,mean_d_seed_over_d_best,seed_window_entries,qs_resolve_entries_per_property,qs_resolve_nodes_per_property,tight_entries_per_property,tight_nodes_per_property,fraction_window_missed,max_d_seed_over_d_best,qs_phase2_segment_checks_per_property,rmi_leaf_count,rmi_model_bytes,rmi_probe_records_asserted
brute_force,1,10000,8572,1072254,1063159,1.28436,44.048071,227.024697,10631590000.0,1063159.0,45.3456550000119,34160640,34189312,psapi:GetProcessMemoryInfo,f17cf98ddaed1f5b408ff6133641ac8a8799818fde0f3f14bf8655006198e7b4,1279135,10000,64,-1,True,0,1,,,,,,,,,,,,,,,,,,,,,,,,,,,,,,,,,,,,,,,,,,,,,,,,,,,,
feature_bvh,2,10000,8572,1072254,1063159,1.295061,1.172661,8527.614419,340112139.0,34011.2139,2.485501099959947,34279424,35147776,psapi:GetProcessMemoryInfo,659b241d72801c12781f35d1553f88fc41e60fc7f38f4c5ed75f1bf4c994fec8,1310617,10000,64,-1,True,0,2,2807.0,0.002815,273690.0,27.369,78152.0,7.8152,,,,,,,,,,,,,,,,,,,,,,,,,,,,,,,,,,,,,,,,,,,,,,
segment_bvh,3,10000,8572,1072254,1063159,1.275028,0.074201,134769.618076,12692905.0,1269.2905,1.561028299969621,153997312,294514688,psapi:GetProcessMemoryInfo,d623c95082ac323f80bc5da6fbd72d4b416cb0dcee9203dcf4a2b72478d6520c,1521740,10000,64,-1,True,0,3,524287.0,0.18795,302901.0,30.2901,14030.0,1.403,1063159.0,1189589.0,126430.0,25.0,5748.239565,24.999998,1189589.0,119768836.0,24.999998,original,59173.0,5.9173,2086325.0,208.6325,10606580.0,1060.658,0.0,0.0,0.0,0.0,,,,,,,,,,,,,,,,,,,,,,,,,,
hilbert_binary,4,10000,8572,1072254,1063159,,0.359541,27813.262866,,1486.1057,2.610982700018212,200335360,237232128,psapi:GetProcessMemoryInfo,822a90913ac033a92815c66ee36f0310906eba0be39ee7947220ba500ad821f0,1749012,10000,64,-1,True,0,4,,0.901266,,,,,,1189589.0,,,,25.0,1189589.0,,,original,,,,,,,,,,,disk,binary,64.0,32.0,12.5,9516712.0,20.2223,46.7108,1.6906,11.7066,6.924524,3.990125,70.2463,113.0575,1.2521107192717233,64.0,113.0575,70.2463,46.7108,58.4894,0.4997,25.05860637272425,1486.1057,,,
hilbert_rmi,5,10000,8572,1072254,1063159,,0.415557,24064.087478,,1486.1057,2.660290099971462,200503296,237281280,psapi:GetProcessMemoryInfo,a5d4c20c587039d19717dd953b88a77cdeb1971ece7a30cd2fa55dd1906548c4,1709012,10000,64,-1,True,0,5,,0.91039,,,,,,1189589.0,,,,25.0,1189589.0,,,original,,,,,,,,,,,disk,rmi,64.0,32.0,12.5,9516712.0,0.0,46.7108,1.6906,11.7066,6.924524,3.990125,87.6208,385.732,2.0385206510937066,64.0,385.732,87.6208,46.7108,58.4894,0.5918,105.68899081538054,1486.1057,131072.0,4194400.0,5.0
brute_force,1,10000,8572,1072254,1063159,1.25511,43.929722,227.636316,10631590000.0,1063159.0,45.19643619999988,34197504,34230272,psapi:GetProcessMemoryInfo,f17cf98ddaed1f5b408ff6133641ac8a8799818fde0f3f14bf8655006198e7b4,1279135,10000,64,1,False,1,6,,,,,,,,,,,,,,,,,,,,,,,,,,,,,,,,,,,,,,,,,,,,,,,,,,,,
feature_bvh,2,10000,8572,1072254,1063159,1.291282,1.159796,8622.208204,340112139.0,34011.2139,2.4654073999845423,34177024,35155968,psapi:GetProcessMemoryInfo,659b241d72801c12781f35d1553f88fc41e60fc7f38f4c5ed75f1bf4c994fec8,1310617,10000,64,1,False,1,7,2807.0,0.002933,273690.0,27.369,78152.0,7.8152,,,,,,,,,,,,,,,,,,,,,,,,,,,,,,,,,,,,,,,,,,,,,,
segment_bvh,3,10000,8572,1072254,1063159,1.278482,0.075005,133324.978301,12692905.0,1269.2905,1.5544083999702707,154030080,294522880,psapi:GetProcessMemoryInfo,d623c95082ac323f80bc5da6fbd72d4b416cb0dcee9203dcf4a2b72478d6520c,1521740,10000,64,1,False,1,8,524287.0,0.18761,302901.0,30.2901,14030.0,1.403,1063159.0,1189589.0,126430.0,25.0,5748.239565,24.999998,1189589.0,119768836.0,24.999998,original,59173.0,5.9173,2086325.0,208.6325,10606580.0,1060.658,0.0,0.0,0.0,0.0,,,,,,,,,,,,,,,,,,,,,,,,,,
hilbert_binary,4,10000,8572,1072254,1063159,,0.35101,28489.241181,,1486.1057,2.5802064000163227,200282112,237240320,psapi:GetProcessMemoryInfo,822a90913ac033a92815c66ee36f0310906eba0be39ee7947220ba500ad821f0,1749012,10000,64,1,False,1,9,,0.906839,,,,,,1189589.0,,,,25.0,1189589.0,,,original,,,,,,,,,,,disk,binary,64.0,32.0,12.5,9516712.0,20.2223,46.7108,1.6906,11.7066,6.924524,3.990125,70.2463,113.0575,1.2521107192717233,64.0,113.0575,70.2463,46.7108,58.4894,0.4997,25.05860637272425,1486.1057,,,
hilbert_rmi,5,10000,8572,1072254,1063159,,0.418177,23913.301846,,1486.1057,2.6392264000023715,200470528,237277184,psapi:GetProcessMemoryInfo,a5d4c20c587039d19717dd953b88a77cdeb1971ece7a30cd2fa55dd1906548c4,1709012,10000,64,1,False,1,10,,0.891724,,,,,,1189589.0,,,,25.0,1189589.0,,,original,,,,,,,,,,,disk,rmi,64.0,32.0,12.5,9516712.0,0.0,46.7108,1.6906,11.7066,6.924524,3.990125,87.6208,385.732,2.0385206510937066,64.0,385.732,87.6208,46.7108,58.4894,0.5918,105.68899081538054,1486.1057,131072.0,4194400.0,5.0
brute_force,1,10000,8572,1072254,1063159,1.281359,44.342177,225.518922,10631590000.0,1063159.0,45.633997299999464,34209792,34246656,psapi:GetProcessMemoryInfo,f17cf98ddaed1f5b408ff6133641ac8a8799818fde0f3f14bf8655006198e7b4,1279135,10000,64,2,False,2,11,,,,,,,,,,,,,,,,,,,,,,,,,,,,,,,,,,,,,,,,,,,,,,,,,,,,
feature_bvh,2,10000,8572,1072254,1063159,1.291783,1.162429,8602.672988,340112139.0,34011.2139,2.4676425000070594,34250752,35155968,psapi:GetProcessMemoryInfo,659b241d72801c12781f35d1553f88fc41e60fc7f38f4c5ed75f1bf4c994fec8,1310617,10000,64,2,False,2,12,2807.0,0.002841,273690.0,27.369,78152.0,7.8152,,,,,,,,,,,,,,,,,,,,,,,,,,,,,,,,,,,,,,,,,,,,,,
segment_bvh,3,10000,8572,1072254,1063159,1.297583,0.076177,131273.735932,12692905.0,1269.2905,1.5714301000116393,153939968,294518784,psapi:GetProcessMemoryInfo,d623c95082ac323f80bc5da6fbd72d4b416cb0dcee9203dcf4a2b72478d6520c,1521740,10000,64,2,False,2,13,524287.0,0.183984,302901.0,30.2901,14030.0,1.403,1063159.0,1189589.0,126430.0,25.0,5748.239565,24.999998,1189589.0,119768836.0,24.999998,original,59173.0,5.9173,2086325.0,208.6325,10606580.0,1060.658,0.0,0.0,0.0,0.0,,,,,,,,,,,,,,,,,,,,,,,,,,
hilbert_binary,4,10000,8572,1072254,1063159,,0.354623,28199.000345,,1486.1057,2.6005393999512307,200314880,237248512,psapi:GetProcessMemoryInfo,822a90913ac033a92815c66ee36f0310906eba0be39ee7947220ba500ad821f0,1749012,10000,64,2,False,2,14,,0.899646,,,,,,1189589.0,,,,25.0,1189589.0,,,original,,,,,,,,,,,disk,binary,64.0,32.0,12.5,9516712.0,20.2223,46.7108,1.6906,11.7066,6.924524,3.990125,70.2463,113.0575,1.2521107192717233,64.0,113.0575,70.2463,46.7108,58.4894,0.4997,25.05860637272425,1486.1057,,,
hilbert_rmi,5,10000,8572,1072254,1063159,,0.410935,24334.736961,,1486.1057,2.6827684000018053,200388608,237264896,psapi:GetProcessMemoryInfo,a5d4c20c587039d19717dd953b88a77cdeb1971ece7a30cd2fa55dd1906548c4,1709012,10000,64,2,False,2,15,,0.902928,,,,,,1189589.0,,,,25.0,1189589.0,,,original,,,,,,,,,,,disk,rmi,64.0,32.0,12.5,9516712.0,0.0,46.7108,1.6906,11.7066,6.924524,3.990125,87.6208,385.732,2.0385206510937066,64.0,385.732,87.6208,46.7108,58.4894,0.5918,105.68899081538054,1486.1057,131072.0,4194400.0,5.0
brute_force,1,10000,8572,1072254,1063159,1.278323,44.956579,222.436856,10631590000.0,1063159.0,46.24506630003452,34234368,34234368,psapi:GetProcessMemoryInfo,f17cf98ddaed1f5b408ff6133641ac8a8799818fde0f3f14bf8655006198e7b4,1279135,10000,64,3,False,3,16,,,,,,,,,,,,,,,,,,,,,,,,,,,,,,,,,,,,,,,,,,,,,,,,,,,,
feature_bvh,2,10000,8572,1072254,1063159,1.302005,1.195904,8361.872404,340112139.0,34011.2139,2.5116027999902144,34271232,35143680,psapi:GetProcessMemoryInfo,659b241d72801c12781f35d1553f88fc41e60fc7f38f4c5ed75f1bf4c994fec8,1310617,10000,64,3,False,3,17,2807.0,0.002891,273690.0,27.369,78152.0,7.8152,,,,,,,,,,,,,,,,,,,,,,,,,,,,,,,,,,,,,,,,,,,,,,
segment_bvh,3,10000,8572,1072254,1063159,1.281986,0.076834,130151.392099,12692905.0,1269.2905,1.5605125000001863,153927680,294526976,psapi:GetProcessMemoryInfo,d623c95082ac323f80bc5da6fbd72d4b416cb0dcee9203dcf4a2b72478d6520c,1521740,10000,64,3,False,3,18,524287.0,0.187428,302901.0,30.2901,14030.0,1.403,1063159.0,1189589.0,126430.0,25.0,5748.239565,24.999998,1189589.0,119768836.0,24.999998,original,59173.0,5.9173,2086325.0,208.6325,10606580.0,1060.658,0.0,0.0,0.0,0.0,,,,,,,,,,,,,,,,,,,,,,,,,,
hilbert_binary,4,10000,8572,1072254,1063159,,0.371702,26903.264738,,1486.1057,2.6200543000013568,200253440,237244416,psapi:GetProcessMemoryInfo,822a90913ac033a92815c66ee36f0310906eba0be39ee7947220ba500ad821f0,1749012,10000,64,3,False,3,19,,0.900307,,,,,,1189589.0,,,,25.0,1189589.0,,,original,,,,,,,,,,,disk,binary,64.0,32.0,12.5,9516712.0,20.2223,46.7108,1.6906,11.7066,6.924524,3.990125,70.2463,113.0575,1.2521107192717233,64.0,113.0575,70.2463,46.7108,58.4894,0.4997,25.05860637272425,1486.1057,,,
hilbert_rmi,5,10000,8572,1072254,1063159,,0.411693,24289.956006,,1486.1057,2.6532718999660574,200421376,237277184,psapi:GetProcessMemoryInfo,a5d4c20c587039d19717dd953b88a77cdeb1971ece7a30cd2fa55dd1906548c4,1709012,10000,64,3,False,3,20,,0.906754,,,,,,1189589.0,,,,25.0,1189589.0,,,original,,,,,,,,,,,disk,rmi,64.0,32.0,12.5,9516712.0,0.0,46.7108,1.6906,11.7066,6.924524,3.990125,87.6208,385.732,2.0385206510937066,64.0,385.732,87.6208,46.7108,58.4894,0.5918,105.68899081538054,1486.1057,131072.0,4194400.0,5.0
feature_bvh,2,10000,8572,1072254,1063159,1.340632,1.159097,8627.405644,340112139.0,34011.2139,2.513576600002125,34242560,35151872,psapi:GetProcessMemoryInfo,659b241d72801c12781f35d1553f88fc41e60fc7f38f4c5ed75f1bf4c994fec8,1310617,10000,64,4,False,4,21,2807.0,0.002944,273690.0,27.369,78152.0,7.8152,,,,,,,,,,,,,,,,,,,,,,,,,,,,,,,,,,,,,,,,,,,,,,
segment_bvh,3,10000,8572,1072254,1063159,1.295316,0.075077,133196.052602,12692905.0,1269.2905,1.5762707000249065,154095616,294518784,psapi:GetProcessMemoryInfo,d623c95082ac323f80bc5da6fbd72d4b416cb0dcee9203dcf4a2b72478d6520c,1521740,10000,64,4,False,4,22,524287.0,0.191692,302901.0,30.2901,14030.0,1.403,1063159.0,1189589.0,126430.0,25.0,5748.239565,24.999998,1189589.0,119768836.0,24.999998,original,59173.0,5.9173,2086325.0,208.6325,10606580.0,1060.658,0.0,0.0,0.0,0.0,,,,,,,,,,,,,,,,,,,,,,,,,,
hilbert_binary,4,10000,8572,1072254,1063159,,0.356651,28038.599057,,1486.1057,2.5958363999961875,200355840,237240320,psapi:GetProcessMemoryInfo,822a90913ac033a92815c66ee36f0310906eba0be39ee7947220ba500ad821f0,1749012,10000,64,4,False,4,23,,0.905558,,,,,,1189589.0,,,,25.0,1189589.0,,,original,,,,,,,,,,,disk,binary,64.0,32.0,12.5,9516712.0,20.2223,46.7108,1.6906,11.7066,6.924524,3.990125,70.2463,113.0575,1.2521107192717233,64.0,113.0575,70.2463,46.7108,58.4894,0.4997,25.05860637272425,1486.1057,,,
hilbert_rmi,5,10000,8572,1072254,1063159,,0.416343,24018.663462,,1486.1057,2.7192414000164717,200302592,237273088,psapi:GetProcessMemoryInfo,a5d4c20c587039d19717dd953b88a77cdeb1971ece7a30cd2fa55dd1906548c4,1709012,10000,64,4,False,4,24,,0.938273,,,,,,1189589.0,,,,25.0,1189589.0,,,original,,,,,,,,,,,disk,rmi,64.0,32.0,12.5,9516712.0,0.0,46.7108,1.6906,11.7066,6.924524,3.990125,87.6208,385.732,2.0385206510937066,64.0,385.732,87.6208,46.7108,58.4894,0.5918,105.68899081538054,1486.1057,131072.0,4194400.0,5.0
feature_bvh,2,10000,8572,1072254,1063159,1.327444,1.172358,8529.816956,340112139.0,34011.2139,2.5142232999787666,34201600,35139584,psapi:GetProcessMemoryInfo,659b241d72801c12781f35d1553f88fc41e60fc7f38f4c5ed75f1bf4c994fec8,1310617,10000,64,5,False,5,25,2807.0,0.003209,273690.0,27.369,78152.0,7.8152,,,,,,,,,,,,,,,,,,,,,,,,,,,,,,,,,,,,,,,,,,,,,,
segment_bvh,3,10000,8572,1072254,1063159,1.314937,0.076033,131521.147285,12692905.0,1269.2905,1.6168578999931924,153948160,294526976,psapi:GetProcessMemoryInfo,d623c95082ac323f80bc5da6fbd72d4b416cb0dcee9203dcf4a2b72478d6520c,1521740,10000,64,5,False,5,26,524287.0,0.207306,302901.0,30.2901,14030.0,1.403,1063159.0,1189589.0,126430.0,25.0,5748.239565,24.999998,1189589.0,119768836.0,24.999998,original,59173.0,5.9173,2086325.0,208.6325,10606580.0,1060.658,0.0,0.0,0.0,0.0,,,,,,,,,,,,,,,,,,,,,,,,,,
hilbert_binary,4,10000,8572,1072254,1063159,,0.353791,28265.29124,,1486.1057,2.670400700008031,200245248,237232128,psapi:GetProcessMemoryInfo,822a90913ac033a92815c66ee36f0310906eba0be39ee7947220ba500ad821f0,1749012,10000,64,5,False,5,27,,0.955023,,,,,,1189589.0,,,,25.0,1189589.0,,,original,,,,,,,,,,,disk,binary,64.0,32.0,12.5,9516712.0,20.2223,46.7108,1.6906,11.7066,6.924524,3.990125,70.2463,113.0575,1.2521107192717233,64.0,113.0575,70.2463,46.7108,58.4894,0.4997,25.05860637272425,1486.1057,,,
hilbert_rmi,5,10000,8572,1072254,1063159,,0.410424,24365.046878,,1486.1057,2.6711379000335,200478720,237273088,psapi:GetProcessMemoryInfo,a5d4c20c587039d19717dd953b88a77cdeb1971ece7a30cd2fa55dd1906548c4,1709012,10000,64,5,False,5,28,,0.905924,,,,,,1189589.0,,,,25.0,1189589.0,,,original,,,,,,,,,,,disk,rmi,64.0,32.0,12.5,9516712.0,0.0,46.7108,1.6906,11.7066,6.924524,3.990125,87.6208,385.732,2.0385206510937066,64.0,385.732,87.6208,46.7108,58.4894,0.5918,105.68899081538054,1486.1057,131072.0,4194400.0,5.0
feature_bvh,2,10000,8572,1072254,1063159,1.30126,1.173172,8523.900035,340112139.0,34011.2139,2.488328500010539,34267136,35151872,psapi:GetProcessMemoryInfo,659b241d72801c12781f35d1553f88fc41e60fc7f38f4c5ed75f1bf4c994fec8,1310617,10000,64,6,False,6,29,2807.0,0.003097,273690.0,27.369,78152.0,7.8152,,,,,,,,,,,,,,,,,,,,,,,,,,,,,,,,,,,,,,,,,,,,,,
segment_bvh,3,10000,8572,1072254,1063159,1.284948,0.074655,133949.501038,12692905.0,1269.2905,1.5617901000077836,153968640,294531072,psapi:GetProcessMemoryInfo,d623c95082ac323f80bc5da6fbd72d4b416cb0dcee9203dcf4a2b72478d6520c,1521740,10000,64,6,False,6,30,524287.0,0.188519,302901.0,30.2901,14030.0,1.403,1063159.0,1189589.0,126430.0,25.0,5748.239565,24.999998,1189589.0,119768836.0,24.999998,original,59173.0,5.9173,2086325.0,208.6325,10606580.0,1060.658,0.0,0.0,0.0,0.0,,,,,,,,,,,,,,,,,,,,,,,,,,
hilbert_binary,4,10000,8572,1072254,1063159,,0.354914,28175.831842,,1486.1057,2.6074989000335336,200400896,237240320,psapi:GetProcessMemoryInfo,822a90913ac033a92815c66ee36f0310906eba0be39ee7947220ba500ad821f0,1749012,10000,64,6,False,6,31,,0.911047,,,,,,1189589.0,,,,25.0,1189589.0,,,original,,,,,,,,,,,disk,binary,64.0,32.0,12.5,9516712.0,20.2223,46.7108,1.6906,11.7066,6.924524,3.990125,70.2463,113.0575,1.2521107192717233,64.0,113.0575,70.2463,46.7108,58.4894,0.4997,25.05860637272425,1486.1057,,,
hilbert_rmi,5,10000,8572,1072254,1063159,,0.405941,24634.139913,,1486.1057,2.6541479000006802,200355840,237281280,psapi:GetProcessMemoryInfo,a5d4c20c587039d19717dd953b88a77cdeb1971ece7a30cd2fa55dd1906548c4,1709012,10000,64,6,False,6,32,,0.906195,,,,,,1189589.0,,,,25.0,1189589.0,,,original,,,,,,,,,,,disk,rmi,64.0,32.0,12.5,9516712.0,0.0,46.7108,1.6906,11.7066,6.924524,3.990125,87.6208,385.732,2.0385206510937066,64.0,385.732,87.6208,46.7108,58.4894,0.5918,105.68899081538054,1486.1057,131072.0,4194400.0,5.0
feature_bvh,2,10000,8572,1072254,1063159,1.291127,1.17713,8495.238419,340112139.0,34011.2139,2.4816557000158355,34254848,35155968,psapi:GetProcessMemoryInfo,659b241d72801c12781f35d1553f88fc41e60fc7f38f4c5ed75f1bf4c994fec8,1310617,10000,64,7,False,7,33,2807.0,0.002947,273690.0,27.369,78152.0,7.8152,,,,,,,,,,,,,,,,,,,,,,,,,,,,,,,,,,,,,,,,,,,,,,
segment_bvh,3,10000,8572,1072254,1063159,1.289179,0.076415,130864.359092,12692905.0,1269.2905,1.5677248000283726,153960448,294547456,psapi:GetProcessMemoryInfo,d623c95082ac323f80bc5da6fbd72d4b416cb0dcee9203dcf4a2b72478d6520c,1521740,10000,64,7,False,7,34,524287.0,0.187841,302901.0,30.2901,14030.0,1.403,1063159.0,1189589.0,126430.0,25.0,5748.239565,24.999998,1189589.0,119768836.0,24.999998,original,59173.0,5.9173,2086325.0,208.6325,10606580.0,1060.658,0.0,0.0,0.0,0.0,,,,,,,,,,,,,,,,,,,,,,,,,,
hilbert_binary,4,10000,8572,1072254,1063159,,0.349076,28647.081421,,1486.1057,2.6206819000071846,200310784,237240320,psapi:GetProcessMemoryInfo,822a90913ac033a92815c66ee36f0310906eba0be39ee7947220ba500ad821f0,1749012,10000,64,7,False,7,35,,0.929798,,,,,,1189589.0,,,,25.0,1189589.0,,,original,,,,,,,,,,,disk,binary,64.0,32.0,12.5,9516712.0,20.2223,46.7108,1.6906,11.7066,6.924524,3.990125,70.2463,113.0575,1.2521107192717233,64.0,113.0575,70.2463,46.7108,58.4894,0.4997,25.05860637272425,1486.1057,,,
hilbert_rmi,5,10000,8572,1072254,1063159,,0.413737,24169.967076,,1486.1057,2.6861436999752186,200404992,237281280,psapi:GetProcessMemoryInfo,a5d4c20c587039d19717dd953b88a77cdeb1971ece7a30cd2fa55dd1906548c4,1709012,10000,64,7,False,7,36,,0.925488,,,,,,1189589.0,,,,25.0,1189589.0,,,original,,,,,,,,,,,disk,rmi,64.0,32.0,12.5,9516712.0,0.0,46.7108,1.6906,11.7066,6.924524,3.990125,87.6208,385.732,2.0385206510937066,64.0,385.732,87.6208,46.7108,58.4894,0.5918,105.68899081538054,1486.1057,131072.0,4194400.0,5.0
