algorithm,property_count,water_feature_count,vertex_count,segment_count,original_segment_count,split_segment_count,added_segment_count,max_segment_length_cap_m,max_original_segment_length_m,max_split_segment_length_m,index_entry_count,index_bytes,max_entry_extent_m,bvh_node_count,verification_mode,input_loading_seconds,index_construction_seconds,computation_seconds,properties_per_second,total_index_node_visits,average_node_visits_per_property,total_candidate_feature_checks,average_candidate_features_per_property,total_segment_checks,average_segment_checks_per_property,total_segment_box_tests,average_segment_box_tests_per_property,total_line_segment_checks,average_line_segment_checks_per_property,total_polygon_segment_checks,average_polygon_segment_checks_per_property,total_containment_ring_checks,average_containment_ring_checks_per_property,total_containment_parts_tested,total_containment_parts_skipped,total_process_seconds,output_size_bytes,repetition,execution_order,cap_argument,cap_label,distance_crs,retained_output_path
segment_bvh,267362,8572,1072254,1063159,1063159,1683537,620378,10.000000000000,5748.239565000000,10.000000000000,1683537,157308884,10.000000000000,524287,original,1.656571000000,0.249972000000,9.712727000000,27526.975972000000,8252628,30.866870000000,371116,1.388066000000,2439595966,9124.692236999999,1995830,7.464898000000,40664683,152.095971000000,2398931283,8972.596266000000,0,0.000000000000,0,0,11.643754800003,40650164,1,1,10,10m,EPSG:26918,
segment_bvh,267362,8572,1072254,1063159,1063159,1683537,620378,10.000000000000,5748.239565000000,10.000000000000,1683537,157308884,10.000000000000,524287,original,1.632609000000,0.245867000000,9.446326000000,28303.278967999999,8252628,30.866870000000,371116,1.388066000000,2439595966,9124.692236999999,1995830,7.464898000000,40664683,152.095971000000,2398931283,8972.596266000000,0,0.000000000000,0,0,11.348539399994,40650164,2,1,10,10m,EPSG:26918,
segment_bvh,267362,8572,1072254,1063159,1063159,1683537,620378,10.000000000000,5748.239565000000,10.000000000000,1683537,157308884,10.000000000000,524287,original,1.625864000000,0.269088000000,9.497578000000,28150.544142999999,8252628,30.866870000000,371116,1.388066000000,2439595966,9124.692236999999,1995830,7.464898000000,40664683,152.095971000000,2398931283,8972.596266000000,0,0.000000000000,0,0,11.416618000003,40650164,3,1,10,10m,EPSG:26918,
segment_bvh,267362,8572,1072254,1063159,1063159,1683537,620378,10.000000000000,5748.239565000000,10.000000000000,1683537,157308884,10.000000000000,524287,original,1.634937000000,0.259984000000,9.990679000000,26761.144865999999,8252628,30.866870000000,371116,1.388066000000,2439595966,9124.692236999999,1995830,7.464898000000,40664683,152.095971000000,2398931283,8972.596266000000,0,0.000000000000,0,0,11.915432400005,40650164,4,1,10,10m,EPSG:26918,
segment_bvh,267362,8572,1072254,1063159,1063159,1683537,620378,10.000000000000,5748.239565000000,10.000000000000,1683537,157308884,10.000000000000,524287,original,1.632127000000,0.254270000000,9.546353000000,28006.716574999999,8252628,30.866870000000,371116,1.388066000000,2439595966,9124.692236999999,1995830,7.464898000000,40664683,152.095971000000,2398931283,8972.596266000000,0,0.000000000000,0,0,11.457211000001,40650164,5,1,10,10m,EPSG:26918,
segment_bvh,267362,8572,1072254,1063159,1063159,1683537,620378,10.000000000000,5748.239565000000,10.000000000000,1683537,157308884,10.000000000000,524287,original,1.628960000000,0.263871000000,9.957781000000,26849.556141000001,8252628,30.866870000000,371116,1.388066000000,2439595966,9124.692236999999,1995830,7.464898000000,40664683,152.095971000000,2398931283,8972.596266000000,0,0.000000000000,0,0,11.880724700000,40650164,6,1,10,10m,EPSG:26918,
segment_bvh,267362,8572,1072254,1063159,1063159,1683537,620378,10.000000000000,5748.239565000000,10.000000000000,1683537,157308884,10.000000000000,524287,original,1.661920000000,0.248126000000,9.727259000000,27485.852155000000,8252628,30.866870000000,371116,1.388066000000,2439595966,9124.692236999999,1995830,7.464898000000,40664683,152.095971000000,2398931283,8972.596266000000,0,0.000000000000,0,0,11.663127400003,40650164,7,1,10,10m,EPSG:26918,C:\Users\salexander\Documents\MY Documents\Summer 2026\caprm-flood\outputs\cpp\segment_bvh_cap_sweep\cpp_nearest_water_segment_bvh_10m_original.csv
segment_bvh,267362,8572,1072254,1063159,1063159,1683537,620378,10.000000000000,5748.239565000000,10.000000000000,1683537,157308884,10.000000000000,524287,split,1.636779000000,0.251787000000,1.623608000000,164671.521696999989,8252628,30.866870000000,371116,1.388066000000,1709458684,6393.798236000000,1995830,7.464898000000,0,0.000000000000,0,0.000000000000,1709458684,6393.798236000000,58987,80270,3.537597400005,39027424,1,1,10,10m,EPSG:26918,
segment_bvh,267362,8572,1072254,1063159,1063159,1683537,620378,10.000000000000,5748.239565000000,10.000000000000,1683537,157308884,10.000000000000,524287,split,1.649149000000,0.251486000000,1.653786000000,161666.614563999989,8252628,30.866870000000,371116,1.388066000000,1709458684,6393.798236000000,1995830,7.464898000000,0,0.000000000000,0,0.000000000000,1709458684,6393.798236000000,58987,80270,3.578375699995,39027424,2,1,10,10m,EPSG:26918,
segment_bvh,267362,8572,1072254,1063159,1063159,1683537,620378,10.000000000000,5748.239565000000,10.000000000000,1683537,157308884,10.000000000000,524287,split,1.611256000000,0.259067000000,1.616976000000,165346.939638999989,8252628,30.866870000000,371116,1.388066000000,1709458684,6393.798236000000,1995830,7.464898000000,0,0.000000000000,0,0.000000000000,1709458684,6393.798236000000,58987,80270,3.515289800001,39027424,3,1,10,10m,EPSG:26918,
segment_bvh,267362,8572,1072254,1063159,1063159,1683537,620378,10.000000000000,5748.239565000000,10.000000000000,1683537,157308884,10.000000000000,524287,split,1.653372000000,0.246825000000,1.649600000000,162076.916245000000,8252628,30.866870000000,371116,1.388066000000,1709458684,6393.798236000000,1995830,7.464898000000,0,0.000000000000,0,0.000000000000,1709458684,6393.798236000000,58987,80270,3.574262800001,39027424,4,1,10,10m,EPSG:26918,
segment_bvh,267362,8572,1072254,1063159,1063159,1683537,620378,10.000000000000,5748.239565000000,10.000000000000,1683537,157308884,10.000000000000,524287,split,1.623392000000,0.257113000000,1.640875000000,162938.715731000004,8252628,30.866870000000,371116,1.388066000000,1709458684,6393.798236000000,1995830,7.464898000000,0,0.000000000000,0,0.000000000000,1709458684,6393.798236000000,58987,80270,3.550037000001,39027424,5,1,10,10m,EPSG:26918,
segment_bvh,267362,8572,1072254,1063159,1063159,1683537,620378,10.000000000000,5748.239565000000,10.000000000000,1683537,157308884,10.000000000000,524287,split,1.629083000000,0.248516000000,1.649752000000,162061.963627999998,8252628,30.866870000000,371116,1.388066000000,1709458684,6393.798236000000,1995830,7.464898000000,0,0.000000000000,0,0.000000000000,1709458684,6393.798236000000,58987,80270,3.551393700000,39027424,6,1,10,10m,EPSG:26918,
segment_bvh,267362,8572,1072254,1063159,1063159,1683537,620378,10.000000000000,5748.239565000000,10.000000000000,1683537,157308884,10.000000000000,524287,split,1.627163000000,0.262576000000,1.625460000000,164483.920180999994,8252628,30.866870000000,371116,1.388066000000,1709458684,6393.798236000000,1995830,7.464898000000,0,0.000000000000,0,0.000000000000,1709458684,6393.798236000000,58987,80270,3.545401600000,39027424,7,1,10,10m,EPSG:26918,C:\Users\salexander\Documents\MY Documents\Summer 2026\caprm-flood\outputs\cpp\segment_bvh_cap_sweep\cpp_nearest_water_segment_bvh_10m_split.csv
segment_bvh,267362,8572,1072254,1063159,1063159,1189589,126430,25.000000000000,5748.239565000000,24.999998000000,1189589,119768836,24.999998000000,524287,original,1.633098000000,0.190622000000,9.596304000000,27860.933632000000,8240002,30.819645000000,392016,1.466237000000,2515239470,9407.617649000000,1646355,6.157775000000,42137936,157.606302000000,2473101534,9250.011348000000,0,0.000000000000,0,0,11.443509699995,40640659,1,1,25,25m,EPSG:26918,
segment_bvh,267362,8572,1072254,1063159,1063159,1189589,126430,25.000000000000,5748.239565000000,24.999998000000,1189589,119768836,24.999998000000,524287,original,1.662996000000,0.187816000000,9.774358000000,27353.406363999999,8240002,30.819645000000,392016,1.466237000000,2515239470,9407.617649000000,1646355,6.157775000000,42137936,157.606302000000,2473101534,9250.011348000000,0,0.000000000000,0,0,11.653276300000,40640659,2,1,25,25m,EPSG:26918,
segment_bvh,267362,8572,1072254,1063159,1063159,1189589,126430,25.000000000000,5748.239565000000,24.999998000000,1189589,119768836,24.999998000000,524287,original,1.633745000000,0.185994000000,9.745531000000,27434.318073999999,8240002,30.819645000000,392016,1.466237000000,2515239470,9407.617649000000,1646355,6.157775000000,42137936,157.606302000000,2473101534,9250.011348000000,0,0.000000000000,0,0,11.588346899996,40640659,3,1,25,25m,EPSG:26918,
segment_bvh,267362,8572,1072254,1063159,1063159,1189589,126430,25.000000000000,5748.239565000000,24.999998000000,1189589,119768836,24.999998000000,524287,original,1.635697000000,0.187933000000,9.973521000000,26807.182470000000,8240002,30.819645000000,392016,1.466237000000,2515239470,9407.617649000000,1646355,6.157775000000,42137936,157.606302000000,2473101534,9250.011348000000,0,0.000000000000,0,0,11.820939799996,40640659,4,1,25,25m,EPSG:26918,
segment_bvh,267362,8572,1072254,1063159,1063159,1189589,126430,25.000000000000,5748.239565000000,24.999998000000,1189589,119768836,24.999998000000,524287,original,1.663914000000,0.196885000000,9.438750000000,28325.996856999998,8240002,30.819645000000,392016,1.466237000000,2515239470,9407.617649000000,1646355,6.157775000000,42137936,157.606302000000,2473101534,9250.011348000000,0,0.000000000000,0,0,11.323305200000,40640659,5,1,25,25m,EPSG:26918,
segment_bvh,267362,8572,1072254,1063159,1063159,1189589,126430,25.000000000000,5748.239565000000,24.999998000000,1189589,119768836,24.999998000000,524287,original,1.640705000000,0.184082000000,9.241373000000,28930.981188999998,8240002,30.819645000000,392016,1.466237000000,2515239470,9407.617649000000,1646355,6.157775000000,42137936,157.606302000000,2473101534,9250.011348000000,0,0.000000000000,0,0,11.089716499999,40640659,6,1,25,25m,EPSG:26918,
segment_bvh,267362,8572,1072254,1063159,1063159,1189589,126430,25.000000000000,5748.239565000000,24.999998000000,1189589,119768836,24.999998000000,524287,original,1.658391000000,0.188446000000,9.530390000000,28053.625464000001,8240002,30.819645000000,392016,1.466237000000,2515239470,9407.617649000000,1646355,6.157775000000,42137936,157.606302000000,2473101534,9250.011348000000,0,0.000000000000,0,0,11.400198300005,40640659,7,1,25,25m,EPSG:26918,C:\Users\salexander\Documents\MY Documents\Summer 2026\caprm-flood\outputs\cpp\segment_bvh_cap_sweep\cpp_nearest_water_segment_bvh_25m_original.csv
segment_bvh,267362,8572,1072254,1063159,1063159,1189589,126430,25.000000000000,5748.239565000000,24.999998000000,1189589,119768836,24.999998000000,524287,split,1.641998000000,0.188096000000,1.594932000000,167632.235583000001,8240002,30.819645000000,392016,1.466237000000,1725473942,6453.699262000000,1646355,6.157775000000,0,0.000000000000,0,0.000000000000,1725473942,6453.699262000000,61822,83873,3.449260300004,39018583,1,1,25,25m,EPSG:26918,
segment_bvh,267362,8572,1072254,1063159,1063159,1189589,126430,25.000000000000,5748.239565000000,24.999998000000,1189589,119768836,24.999998000000,524287,split,1.669949000000,0.181629000000,1.704883000000,156821.300133999990,8240002,30.819645000000,392016,1.466237000000,1725473942,6453.699262000000,1646355,6.157775000000,0,0.000000000000,0,0.000000000000,1725473942,6453.699262000000,61822,83873,3.581247700000,39018583,2,1,25,25m,EPSG:26918,
segment_bvh,267362,8572,1072254,1063159,1063159,1189589,126430,25.000000000000,5748.239565000000,24.999998000000,1189589,119768836,24.999998000000,524287,split,1.671748000000,0.195555000000,1.674492000000,159667.519482000003,8240002,30.819645000000,392016,1.466237000000,1725473942,6453.699262000000,1646355,6.157775000000,0,0.000000000000,0,0.000000000000,1725473942,6453.699262000000,61822,83873,3.567696799997,39018583,3,1,25,25m,EPSG:26918,
segment_bvh,267362,8572,1072254,1063159,1063159,1189589,126430,25.000000000000,5748.239565000000,24.999998000000,1189589,119768836,24.999998000000,524287,split,1.684855000000,0.188410000000,1.721785000000,155281.891210000002,8240002,30.819645000000,392016,1.466237000000,1725473942,6453.699262000000,1646355,6.157775000000,0,0.000000000000,0,0.000000000000,1725473942,6453.699262000000,61822,83873,3.625148399995,39018583,4,1,25,25m,EPSG:26918,
segment_bvh,267362,8572,1072254,1063159,1063159,1189589,126430,25.000000000000,5748.239565000000,24.999998000000,1189589,119768836,24.999998000000,524287,split,1.701797000000,0.207530000000,1.719384000000,155498.686361000000,8240002,30.819645000000,392016,1.466237000000,1725473942,6453.699262000000,1646355,6.157775000000,0,0.000000000000,0,0.000000000000,1725473942,6453.699262000000,61822,83873,3.656561999996,39018583,5,1,25,25m,EPSG:26918,
segment_bvh,267362,8572,1072254,1063159,1063159,1189589,126430,25.000000000000,5748.239565000000,24.999998000000,1189589,119768836,24.999998000000,524287,split,1.672492000000,0.183894000000,1.717642000000,155656.408281999989,8240002,30.819645000000,392016,1.466237000000,1725473942,6453.699262000000,1646355,6.157775000000,0,0.000000000000,0,0.000000000000,1725473942,6453.699262000000,61822,83873,3.599638200001,39018583,6,1,25,25m,EPSG:26918,
segment_bvh,267362,8572,1072254,1063159,1063159,1189589,126430,25.000000000000,5748.239565000000,24.999998000000,1189589,119768836,24.999998000000,524287,split,1.698631000000,0.191110000000,1.673814000000,159732.185329000000,8240002,30.819645000000,392016,1.466237000000,1725473942,6453.699262000000,1646355,6.157775000000,0,0.000000000000,0,0.000000000000,1725473942,6453.699262000000,61822,83873,3.595306599993,39018583,7,1,25,25m,EPSG:26918,C:\Users\salexander\Documents\MY Documents\Summer 2026\caprm-flood\outputs\cpp\segment_bvh_cap_sweep\cpp_nearest_water_segment_bvh_25m_split.csv
segment_bvh,267362,8572,1072254,1063159,1063159,1092224,29065,50.000000000000,5748.239565000000,49.999996000000,1092224,102577608,49.999996000000,349439,original,1.641676000000,0.167845000000,10.718646000000,24943.634674000001,7703116,28.811559000000,391694,1.465032000000,2630405944,9838.368743999999,1713356,6.408375000000,40333792,150.858357000000,2590072152,9687.510387000000,0,0.000000000000,0,0,12.551337999997,40658286,1,1,50,50m,EPSG:26918,
segment_bvh,267362,8572,1072254,1063159,1063159,1092224,29065,50.000000000000,5748.239565000000,49.999996000000,1092224,102577608,49.999996000000,349439,original,1.633458000000,0.162033000000,10.104497000000,26459.703245000001,7703116,28.811559000000,391694,1.465032000000,2630405944,9838.368743999999,1713356,6.408375000000,40333792,150.858357000000,2590072152,9687.510387000000,0,0.000000000000,0,0,11.922617999997,40658286,2,1,50,50m,EPSG:26918,
segment_bvh,267362,8572,1072254,1063159,1063159,1092224,29065,50.000000000000,5748.239565000000,49.999996000000,1092224,102577608,49.999996000000,349439,original,1.640088000000,0.165999000000,10.128022000000,26398.245178000001,7703116,28.811559000000,391694,1.465032000000,2630405944,9838.368743999999,1713356,6.408375000000,40333792,150.858357000000,2590072152,9687.510387000000,0,0.000000000000,0,0,11.957517700001,40658286,3,1,50,50m,EPSG:26918,
segment_bvh,267362,8572,1072254,1063159,1063159,1092224,29065,50.000000000000,5748.239565000000,49.999996000000,1092224,102577608,49.999996000000,349439,original,1.666806000000,0.167776000000,9.602701000000,27842.374185000001,7703116,28.811559000000,391694,1.465032000000,2630405944,9838.368743999999,1713356,6.408375000000,40333792,150.858357000000,2590072152,9687.510387000000,0,0.000000000000,0,0,11.461552300003,40658286,4,1,50,50m,EPSG:26918,
segment_bvh,267362,8572,1072254,1063159,1063159,1092224,29065,50.000000000000,5748.239565000000,49.999996000000,1092224,102577608,49.999996000000,349439,original,1.629044000000,0.168679000000,9.615894000000,27804.173889000002,7703116,28.811559000000,391694,1.465032000000,2630405944,9838.368743999999,1713356,6.408375000000,40333792,150.858357000000,2590072152,9687.510387000000,0,0.000000000000,0,0,11.438117100006,40658286,5,1,50,50m,EPSG:26918,
segment_bvh,267362,8572,1072254,1063159,1063159,1092224,29065,50.000000000000,5748.239565000000,49.999996000000,1092224,102577608,49.999996000000,349439,original,1.655634000000,0.175423000000,9.832685000000,27191.149534000000,7703116,28.811559000000,391694,1.465032000000,2630405944,9838.368743999999,1713356,6.408375000000,40333792,150.858357000000,2590072152,9687.510387000000,0,0.000000000000,0,0,11.688279900001,40658286,6,1,50,50m,EPSG:26918,
segment_bvh,267362,8572,1072254,1063159,1063159,1092224,29065,50.000000000000,5748.239565000000,49.999996000000,1092224,102577608,49.999996000000,349439,original,1.729613000000,0.172395000000,9.983797000000,26779.589897999998,7703116,28.811559000000,391694,1.465032000000,2630405944,9838.368743999999,1713356,6.408375000000,40333792,150.858357000000,2590072152,9687.510387000000,0,0.000000000000,0,0,11.911640699996,40658286,7,1,50,50m,EPSG:26918,C:\Users\salexander\Documents\MY Documents\Summer 2026\caprm-flood\outputs\cpp\segment_bvh_cap_sweep\cpp_nearest_water_segment_bvh_50m_original.csv
segment_bvh,267362,8572,1072254,1063159,1063159,1092224,29065,50.000000000000,5748.239565000000,49.999996000000,1092224,102577608,49.999996000000,349439,split,1.691411000000,0.186722000000,1.702215000000,157067.097038999986,7703116,28.811559000000,391694,1.465032000000,1796620780,6719.806031000000,1713356,6.408375000000,0,0.000000000000,0,0.000000000000,1796620780,6719.806031000000,62195,89758,3.607530200003,39027664,1,1,50,50m,EPSG:26918,
segment_bvh,267362,8572,1072254,1063159,1063159,1092224,29065,50.000000000000,5748.239565000000,49.999996000000,1092224,102577608,49.999996000000,349439,split,1.704665000000,0.178837000000,1.813246000000,147449.340174999990,7703116,28.811559000000,391694,1.465032000000,1796620780,6719.806031000000,1713356,6.408375000000,0,0.000000000000,0,0.000000000000,1796620780,6719.806031000000,62195,89758,3.724559099996,39027664,2,1,50,50m,EPSG:26918,
segment_bvh,267362,8572,1072254,1063159,1063159,1092224,29065,50.000000000000,5748.239565000000,49.999996000000,1092224,102577608,49.999996000000,349439,split,1.796397000000,0.193573000000,1.810815000000,147647.354530999990,7703116,28.811559000000,391694,1.465032000000,1796620780,6719.806031000000,1713356,6.408375000000,0,0.000000000000,0,0.000000000000,1796620780,6719.806031000000,62195,89758,3.830357300001,39027664,3,1,50,50m,EPSG:26918,
segment_bvh,267362,8572,1072254,1063159,1063159,1092224,29065,50.000000000000,5748.239565000000,49.999996000000,1092224,102577608,49.999996000000,349439,split,1.725918000000,0.181080000000,1.788215000000,149513.349878000008,7703116,28.811559000000,391694,1.465032000000,1796620780,6719.806031000000,1713356,6.408375000000,0,0.000000000000,0,0.000000000000,1796620780,6719.806031000000,62195,89758,3.721092899999,39027664,4,1,50,50m,EPSG:26918,
segment_bvh,267362,8572,1072254,1063159,1063159,1092224,29065,50.000000000000,5748.239565000000,49.999996000000,1092224,102577608,49.999996000000,349439,split,1.796447000000,0.172196000000,1.684058000000,158760.565253999986,7703116,28.811559000000,391694,1.465032000000,1796620780,6719.806031000000,1713356,6.408375000000,0,0.000000000000,0,0.000000000000,1796620780,6719.806031000000,62195,89758,3.676561200002,39027664,5,1,50,50m,EPSG:26918,
segment_bvh,267362,8572,1072254,1063159,1063159,1092224,29065,50.000000000000,5748.239565000000,49.999996000000,1092224,102577608,49.999996000000,349439,split,1.718037000000,0.173402000000,1.767590000000,151257.927461000014,7703116,28.811559000000,391694,1.465032000000,1796620780,6719.806031000000,1713356,6.408375000000,0,0.000000000000,0,0.000000000000,1796620780,6719.806031000000,62195,89758,3.684404399995,39027664,6,1,50,50m,EPSG:26918,
segment_bvh,267362,8572,1072254,1063159,1063159,1092224,29065,50.000000000000,5748.239565000000,49.999996000000,1092224,102577608,49.999996000000,349439,split,1.722750000000,0.181460000000,1.752492000000,152561.038795000000,7703116,28.811559000000,391694,1.465032000000,1796620780,6719.806031000000,1713356,6.408375000000,0,0.000000000000,0,0.000000000000,1796620780,6719.806031000000,62195,89758,3.684254699998,39027664,7,1,50,50m,EPSG:26918,C:\Users\salexander\Documents\MY Documents\Summer 2026\caprm-flood\outputs\cpp\segment_bvh_cap_sweep\cpp_nearest_water_segment_bvh_50m_split.csv
segment_bvh,267362,8572,1072254,1063159,1063159,1068510,5351,100.000000000000,5748.239565000000,99.997451000000,1068510,98119376,99.997451000000,302011,original,1.737760000000,0.191137000000,10.121883000000,26414.254089999999,7563037,28.287629000000,400281,1.497150000000,2597922599,9716.873000000000,1736031,6.493185000000,41515133,155.276864000000,2556407466,9561.596136000000,0,0.000000000000,0,0,12.076567700002,40666111,1,1,100,100m,EPSG:26918,
segment_bvh,267362,8572,1072254,1063159,1063159,1068510,5351,100.000000000000,5748.239565000000,99.997451000000,1068510,98119376,99.997451000000,302011,original,1.657637000000,0.160393000000,9.881268000000,27057.457795999999,7563037,28.287629000000,400281,1.497150000000,2597922599,9716.873000000000,1736031,6.493185000000,41515133,155.276864000000,2556407466,9561.596136000000,0,0.000000000000,0,0,11.723387900005,40666111,2,1,100,100m,EPSG:26918,
segment_bvh,267362,8572,1072254,1063159,1063159,1068510,5351,100.000000000000,5748.239565000000,99.997451000000,1068510,98119376,99.997451000000,302011,original,1.946388000000,0.156892000000,9.817352000000,27233.617392000000,7563037,28.287629000000,400281,1.497150000000,2597922599,9716.873000000000,1736031,6.493185000000,41515133,155.276864000000,2556407466,9561.596136000000,0,0.000000000000,0,0,11.943540400003,40666111,3,1,100,100m,EPSG:26918,
segment_bvh,267362,8572,1072254,1063159,1063159,1068510,5351,100.000000000000,5748.239565000000,99.997451000000,1068510,98119376,99.997451000000,302011,original,1.648130000000,0.156473000000,9.683288000000,27610.663395000000,7563037,28.287629000000,400281,1.497150000000,2597922599,9716.873000000000,1736031,6.493185000000,41515133,155.276864000000,2556407466,9561.596136000000,0,0.000000000000,0,0,11.510106000002,40666111,4,1,100,100m,EPSG:26918,
segment_bvh,267362,8572,1072254,1063159,1063159,1068510,5351,100.000000000000,5748.239565000000,99.997451000000,1068510,98119376,99.997451000000,302011,original,1.629781000000,0.168672000000,9.690129000000,27591.171493999998,7563037,28.287629000000,400281,1.497150000000,2597922599,9716.873000000000,1736031,6.493185000000,41515133,155.276864000000,2556407466,9561.596136000000,0,0.000000000000,0,0,11.510634799997,40666111,5,1,100,100m,EPSG:26918,
segment_bvh,267362,8572,1072254,1063159,1063159,1068510,5351,100.000000000000,5748.239565000000,99.997451000000,1068510,98119376,99.997451000000,302011,original,1.637781000000,0.153721000000,9.834387000000,27186.442006000001,7563037,28.287629000000,400281,1.497150000000,2597922599,9716.873000000000,1736031,6.493185000000,41515133,155.276864000000,2556407466,9561.596136000000,0,0.000000000000,0,0,11.647778300001,40666111,6,1,100,100m,EPSG:26918,
segment_bvh,267362,8572,1072254,1063159,1063159,1068510,5351,100.000000000000,5748.239565000000,99.997451000000,1068510,98119376,99.997451000000,302011,original,1.617895000000,0.163309000000,9.726981000000,27486.638274000001,7563037,28.287629000000,400281,1.497150000000,2597922599,9716.873000000000,1736031,6.493185000000,41515133,155.276864000000,2556407466,9561.596136000000,0,0.000000000000,0,0,11.530273400000,40666111,7,1,100,100m,EPSG:26918,C:\Users\salexander\Documents\MY Documents\Summer 2026\caprm-flood\outputs\cpp\segment_bvh_cap_sweep\cpp_nearest_water_segment_bvh_100m_original.csv
segment_bvh,267362,8572,1072254,1063159,1063159,1068510,5351,100.000000000000,5748.239565000000,99.997451000000,1068510,98119376,99.997451000000,302011,split,1.638550000000,0.156727000000,1.616323000000,165413.771076000005,7563037,28.287629000000,400281,1.497150000000,1815483036,6790.355533000000,1736031,6.493185000000,0,0.000000000000,0,0.000000000000,1815483036,6790.355533000000,63102,91802,3.434901100001,39032932,1,1,100,100m,EPSG:26918,
segment_bvh,267362,8572,1072254,1063159,1063159,1068510,5351,100.000000000000,5748.239565000000,99.997451000000,1068510,98119376,99.997451000000,302011,split,1.628516000000,0.167416000000,1.658291000000,161227.432338000013,7563037,28.287629000000,400281,1.497150000000,1815483036,6790.355533000000,1736031,6.493185000000,0,0.000000000000,0,0.000000000000,1815483036,6790.355533000000,63102,91802,3.477251800003,39032932,2,1,100,100m,EPSG:26918,
segment_bvh,267362,8572,1072254,1063159,1063159,1068510,5351,100.000000000000,5748.239565000000,99.997451000000,1068510,98119376,99.997451000000,302011,split,1.614495000000,0.157406000000,1.679847000000,159158.532940000005,7563037,28.287629000000,400281,1.497150000000,1815483036,6790.355533000000,1736031,6.493185000000,0,0.000000000000,0,0.000000000000,1815483036,6790.355533000000,63102,91802,3.473660500000,39032932,3,1,100,100m,EPSG:26918,
segment_bvh,267362,8572,1072254,1063159,1063159,1068510,5351,100.000000000000,5748.239565000000,99.997451000000,1068510,98119376,99.997451000000,302011,split,1.663801000000,0.158872000000,1.617303000000,165313.487949000002,7563037,28.287629000000,400281,1.497150000000,1815483036,6790.355533000000,1736031,6.493185000000,0,0.000000000000,0,0.000000000000,1815483036,6790.355533000000,63102,91802,3.463851399996,39032932,4,1,100,100m,EPSG:26918,
segment_bvh,267362,8572,1072254,1063159,1063159,1068510,5351,100.000000000000,5748.239565000000,99.997451000000,1068510,98119376,99.997451000000,302011,split,1.658045000000,0.152912000000,1.630194000000,164006.267229999998,7563037,28.287629000000,400281,1.497150000000,1815483036,6790.355533000000,1736031,6.493185000000,0,0.000000000000,0,0.000000000000,1815483036,6790.355533000000,63102,91802,3.464287800001,39032932,5,1,100,100m,EPSG:26918,
segment_bvh,267362,8572,1072254,1063159,1063159,1068510,5351,100.000000000000,5748.239565000000,99.997451000000,1068510,98119376,99.997451000000,302011,split,1.639728000000,0.167043000000,1.624558000000,164575.256391000003,7563037,28.287629000000,400281,1.497150000000,1815483036,6790.355533000000,1736031,6.493185000000,0,0.000000000000,0,0.000000000000,1815483036,6790.355533000000,63102,91802,3.454678199996,39032932,6,1,100,100m,EPSG:26918,
segment_bvh,267362,8572,1072254,1063159,1063159,1068510,5351,100.000000000000,5748.239565000000,99.997451000000,1068510,98119376,99.997451000000,302011,split,1.659555000000,0.156882000000,1.688775000000,158317.160857000010,7563037,28.287629000000,400281,1.497150000000,1815483036,6790.355533000000,1736031,6.493185000000,0,0.000000000000,0,0.000000000000,1815483036,6790.355533000000,63102,91802,3.531688100004,39032932,7,1,100,100m,EPSG:26918,C:\Users\salexander\Documents\MY Documents\Summer 2026\caprm-flood\outputs\cpp\segment_bvh_cap_sweep\cpp_nearest_water_segment_bvh_100m_split.csv
segment_bvh,267362,8572,1072254,1063159,1063159,1063936,777,200.000000000000,5748.239565000000,199.795960000000,1063936,97259464,199.795960000000,292863,original,1.634482000000,0.155093000000,10.259572000000,26059.760794999998,7536875,28.189776000000,395560,1.479492000000,2774797727,10378.429721000000,1715974,6.418167000000,41811005,156.383499000000,2732986722,10222.046222000001,0,0.000000000000,0,0,12.071250800000,40676897,1,1,200,200m,EPSG:26918,
segment_bvh,267362,8572,1072254,1063159,1063159,1063936,777,200.000000000000,5748.239565000000,199.795960000000,1063936,97259464,199.795960000000,292863,original,1.647922000000,0.156418000000,10.231964000000,26130.077320000000,7536875,28.189776000000,395560,1.479492000000,2774797727,10378.429721000000,1715974,6.418167000000,41811005,156.383499000000,2732986722,10222.046222000001,0,0.000000000000,0,0,12.058842400002,40676897,2,1,200,200m,EPSG:26918,
segment_bvh,267362,8572,1072254,1063159,1063159,1063936,777,200.000000000000,5748.239565000000,199.795960000000,1063936,97259464,199.795960000000,292863,original,1.640869000000,0.159523000000,10.377540000000,25763.524415000000,7536875,28.189776000000,395560,1.479492000000,2774797727,10378.429721000000,1715974,6.418167000000,41811005,156.383499000000,2732986722,10222.046222000001,0,0.000000000000,0,0,12.200268499997,40676897,3,1,200,200m,EPSG:26918,
segment_bvh,267362,8572,1072254,1063159,1063159,1063936,777,200.000000000000,5748.239565000000,199.795960000000,1063936,97259464,199.795960000000,292863,original,1.663635000000,0.158819000000,10.334686000000,25870.354672000001,7536875,28.189776000000,395560,1.479492000000,2774797727,10378.429721000000,1715974,6.418167000000,41811005,156.383499000000,2732986722,10222.046222000001,0,0.000000000000,0,0,12.178711300003,40676897,4,1,200,200m,EPSG:26918,
segment_bvh,267362,8572,1072254,1063159,1063159,1063936,777,200.000000000000,5748.239565000000,199.795960000000,1063936,97259464,199.795960000000,292863,original,1.627855000000,0.168278000000,10.194372000000,26226.431604000001,7536875,28.189776000000,395560,1.479492000000,2774797727,10378.429721000000,1715974,6.418167000000,41811005,156.383499000000,2732986722,10222.046222000001,0,0.000000000000,0,0,12.012504900005,40676897,5,1,200,200m,EPSG:26918,
segment_bvh,267362,8572,1072254,1063159,1063159,1063936,777,200.000000000000,5748.239565000000,199.795960000000,1063936,97259464,199.795960000000,292863,original,1.622550000000,0.161756000000,10.257287000000,26065.567358000000,7536875,28.189776000000,395560,1.479492000000,2774797727,10378.429721000000,1715974,6.418167000000,41811005,156.383499000000,2732986722,10222.046222000001,0,0.000000000000,0,0,12.063998700003,40676897,6,1,200,200m,EPSG:26918,
segment_bvh,267362,8572,1072254,1063159,1063159,1063936,777,200.000000000000,5748.239565000000,199.795960000000,1063936,97259464,199.795960000000,292863,original,1.610093000000,0.164230000000,10.290361000000,25981.790396000000,7536875,28.189776000000,395560,1.479492000000,2774797727,10378.429721000000,1715974,6.418167000000,41811005,156.383499000000,2732986722,10222.046222000001,0,0.000000000000,0,0,12.088049300000,40676897,7,1,200,200m,EPSG:26918,C:\Users\salexander\Documents\MY Documents\Summer 2026\caprm-flood\outputs\cpp\segment_bvh_cap_sweep\cpp_nearest_water_segment_bvh_200m_original.csv
segment_bvh,267362,8572,1072254,1063159,1063159,1063936,777,200.000000000000,5748.239565000000,199.795960000000,1063936,97259464,199.795960000000,292863,split,1.628449000000,0.156250000000,1.662245000000,160843.899563999992,7536875,28.189776000000,395560,1.479492000000,1833713384,6858.541543000000,1715974,6.418167000000,0,0.000000000000,0,0.000000000000,1833713384,6858.541543000000,64273,92252,3.470160799996,39039093,1,1,200,200m,EPSG:26918,
segment_bvh,267362,8572,1072254,1063159,1063159,1063936,777,200.000000000000,5748.239565000000,199.795960000000,1063936,97259464,199.795960000000,292863,split,1.625268000000,0.157931000000,1.652364000000,161805.732659000001,7536875,28.189776000000,395560,1.479492000000,1833713384,6858.541543000000,1715974,6.418167000000,0,0.000000000000,0,0.000000000000,1833713384,6858.541543000000,64273,92252,3.458641799996,39039093,2,1,200,200m,EPSG:26918,
segment_bvh,267362,8572,1072254,1063159,1063159,1063936,777,200.000000000000,5748.239565000000,199.795960000000,1063936,97259464,199.795960000000,292863,split,1.643486000000,0.155149000000,1.645453000000,162485.316355999996,7536875,28.189776000000,395560,1.479492000000,1833713384,6858.541543000000,1715974,6.418167000000,0,0.000000000000,0,0.000000000000,1833713384,6858.541543000000,64273,92252,3.466237799999,39039093,3,1,200,200m,EPSG:26918,
segment_bvh,267362,8572,1072254,1063159,1063159,1063936,777,200.000000000000,5748.239565000000,199.795960000000,1063936,97259464,199.795960000000,292863,split,1.631068000000,0.154179000000,1.626225000000,164406.524311999994,7536875,28.189776000000,395560,1.479492000000,1833713384,6858.541543000000,1715974,6.418167000000,0,0.000000000000,0,0.000000000000,1833713384,6858.541543000000,64273,92252,3.434637699997,39039093,4,1,200,200m,EPSG:26918,
segment_bvh,267362,8572,1072254,1063159,1063159,1063936,777,200.000000000000,5748.239565000000,199.795960000000,1063936,97259464,199.795960000000,292863,split,1.657942000000,0.162617000000,1.627783000000,164249.186071000004,7536875,28.189776000000,395560,1.479492000000,1833713384,6858.541543000000,1715974,6.418167000000,0,0.000000000000,0,0.000000000000,1833713384,6858.541543000000,64273,92252,3.476043099996,39039093,5,1,200,200m,EPSG:26918,
segment_bvh,267362,8572,1072254,1063159,1063159,1063936,777,200.000000000000,5748.239565000000,199.795960000000,1063936,97259464,199.795960000000,292863,split,1.646726000000,0.153438000000,1.672545000000,159853.425741000014,7536875,28.189776000000,395560,1.479492000000,1833713384,6858.541543000000,1715974,6.418167000000,0,0.000000000000,0,0.000000000000,1833713384,6858.541543000000,64273,92252,3.495366399999,39039093,6,1,200,200m,EPSG:26918,
segment_bvh,267362,8572,1072254,1063159,1063159,1063936,777,200.000000000000,5748.239565000000,199.795960000000,1063936,97259464,199.795960000000,292863,split,1.636532000000,0.168538000000,1.610080000000,166055.113165999996,7536875,28.189776000000,395560,1.479492000000,1833713384,6858.541543000000,1715974,6.418167000000,0,0.000000000000,0,0.000000000000,1833713384,6858.541543000000,64273,92252,3.438996500001,39039093,7,1,200,200m,EPSG:26918,C:\Users\salexander\Documents\MY Documents\Summer 2026\caprm-flood\outputs\cpp\segment_bvh_cap_sweep\cpp_nearest_water_segment_bvh_200m_split.csv
segment_bvh,267362,8572,1072254,1063159,1063159,1063200,41,500.000000000000,5748.239565000000,492.571427000000,1063200,97121096,492.571427000000,291391,original,1.608200000000,0.155862000000,9.604084000000,27838.366588000001,7513799,28.103466000000,396085,1.481456000000,2573968335,9627.278129000000,1728682,6.465698000000,42895687,160.440478000000,2531072648,9466.837651000000,0,0.000000000000,0,0,11.390820799999,40658244,1,1,500,500m,EPSG:26918,
segment_bvh,267362,8572,1072254,1063159,1063159,1063200,41,500.000000000000,5748.239565000000,492.571427000000,1063200,97121096,492.571427000000,291391,original,1.620388000000,0.154607000000,9.619359000000,27794.158805999999,7513799,28.103466000000,396085,1.481456000000,2573968335,9627.278129000000,1728682,6.465698000000,42895687,160.440478000000,2531072648,9466.837651000000,0,0.000000000000,0,0,11.417643600005,40658244,2,1,500,500m,EPSG:26918,
segment_bvh,267362,8572,1072254,1063159,1063159,1063200,41,500.000000000000,5748.239565000000,492.571427000000,1063200,97121096,492.571427000000,291391,original,1.665106000000,0.155669000000,9.844278000000,27159.127638999998,7513799,28.103466000000,396085,1.481456000000,2573968335,9627.278129000000,1728682,6.465698000000,42895687,160.440478000000,2531072648,9466.837651000000,0,0.000000000000,0,0,11.687878700002,40658244,3,1,500,500m,EPSG:26918,
segment_bvh,267362,8572,1072254,1063159,1063159,1063200,41,500.000000000000,5748.239565000000,492.571427000000,1063200,97121096,492.571427000000,291391,original,1.838538000000,0.159901000000,9.832969000000,27190.363635000002,7513799,28.103466000000,396085,1.481456000000,2573968335,9627.278129000000,1728682,6.465698000000,42895687,160.440478000000,2531072648,9466.837651000000,0,0.000000000000,0,0,11.854998399998,40658244,4,1,500,500m,EPSG:26918,
segment_bvh,267362,8572,1072254,1063159,1063159,1063200,41,500.000000000000,5748.239565000000,492.571427000000,1063200,97121096,492.571427000000,291391,original,1.664350000000,0.155841000000,9.801127000000,27278.698849000000,7513799,28.103466000000,396085,1.481456000000,2573968335,9627.278129000000,1728682,6.465698000000,42895687,160.440478000000,2531072648,9466.837651000000,0,0.000000000000,0,0,11.646457899995,40658244,5,1,500,500m,EPSG:26918,
segment_bvh,267362,8572,1072254,1063159,1063159,1063200,41,500.000000000000,5748.239565000000,492.571427000000,1063200,97121096,492.571427000000,291391,original,1.684775000000,0.158044000000,9.751443000000,27417.686334999999,7513799,28.103466000000,396085,1.481456000000,2573968335,9627.278129000000,1728682,6.465698000000,42895687,160.440478000000,2531072648,9466.837651000000,0,0.000000000000,0,0,11.617689500003,40658244,6,1,500,500m,EPSG:26918,
segment_bvh,267362,8572,1072254,1063159,1063159,1063200,41,500.000000000000,5748.239565000000,492.571427000000,1063200,97121096,492.571427000000,291391,original,1.682006000000,0.163441000000,9.671344000000,27644.763109000000,7513799,28.103466000000,396085,1.481456000000,2573968335,9627.278129000000,1728682,6.465698000000,42895687,160.440478000000,2531072648,9466.837651000000,0,0.000000000000,0,0,11.540244500000,40658244,7,1,500,500m,EPSG:26918,C:\Users\salexander\Documents\MY Documents\Summer 2026\caprm-flood\outputs\cpp\segment_bvh_cap_sweep\cpp_nearest_water_segment_bvh_500m_original.csv
segment_bvh,267362,8572,1072254,1063159,1063159,1063200,41,500.000000000000,5748.239565000000,492.571427000000,1063200,97121096,492.571427000000,291391,split,1.664622000000,0.157989000000,1.661384000000,160927.304150000011,7513799,28.103466000000,396085,1.481456000000,1789383082,6692.735250000000,1728682,6.465698000000,0,0.000000000000,0,0.000000000000,1789383082,6692.735250000000,61328,88280,3.510759600002,39022042,1,1,500,500m,EPSG:26918,
segment_bvh,267362,8572,1072254,1063159,1063159,1063200,41,500.000000000000,5748.239565000000,492.571427000000,1063200,97121096,492.571427000000,291391,split,1.673107000000,0.159502000000,1.627110000000,164317.051608000009,7513799,28.103466000000,396085,1.481456000000,1789383082,6692.735250000000,1728682,6.465698000000,0,0.000000000000,0,0.000000000000,1789383082,6692.735250000000,61328,88280,3.484975399995,39022042,2,1,500,500m,EPSG:26918,
segment_bvh,267362,8572,1072254,1063159,1063159,1063200,41,500.000000000000,5748.239565000000,492.571427000000,1063200,97121096,492.571427000000,291391,split,1.666078000000,0.160750000000,1.656552000000,161396.693939999997,7513799,28.103466000000,396085,1.481456000000,1789383082,6692.735250000000,1728682,6.465698000000,0,0.000000000000,0,0.000000000000,1789383082,6692.735250000000,61328,88280,3.507605300001,39022042,3,1,500,500m,EPSG:26918,
segment_bvh,267362,8572,1072254,1063159,1063159,1063200,41,500.000000000000,5748.239565000000,492.571427000000,1063200,97121096,492.571427000000,291391,split,1.648269000000,0.164236000000,1.626982000000,164330.039565999992,7513799,28.103466000000,396085,1.481456000000,1789383082,6692.735250000000,1728682,6.465698000000,0,0.000000000000,0,0.000000000000,1789383082,6692.735250000000,61328,88280,3.463747900001,39022042,4,1,500,500m,EPSG:26918,
segment_bvh,267362,8572,1072254,1063159,1063159,1063200,41,500.000000000000,5748.239565000000,492.571427000000,1063200,97121096,492.571427000000,291391,split,1.662471000000,0.160573000000,1.629475000000,164078.614277999994,7513799,28.103466000000,396085,1.481456000000,1789383082,6692.735250000000,1728682,6.465698000000,0,0.000000000000,0,0.000000000000,1789383082,6692.735250000000,61328,88280,3.478258000003,39022042,5,1,500,500m,EPSG:26918,
segment_bvh,267362,8572,1072254,1063159,1063159,1063200,41,500.000000000000,5748.239565000000,492.571427000000,1063200,97121096,492.571427000000,291391,split,1.669378000000,0.172724000000,1.607691000000,166301.878445999988,7513799,28.103466000000,396085,1.481456000000,1789383082,6692.735250000000,1728682,6.465698000000,0,0.000000000000,0,0.000000000000,1789383082,6692.735250000000,61328,88280,3.475937499999,39022042,6,1,500,500m,EPSG:26918,
segment_bvh,267362,8572,1072254,1063159,1063159,1063200,41,500.000000000000,5748.239565000000,492.571427000000,1063200,97121096,492.571427000000,291391,split,1.669563000000,0.158369000000,1.703128000000,156982.916139999987,7513799,28.103466000000,396085,1.481456000000,1789383082,6692.735250000000,1728682,6.465698000000,0,0.000000000000,0,0.000000000000,1789383082,6692.735250000000,61328,88280,3.560926900005,39022042,7,1,500,500m,EPSG:26918,C:\Users\salexander\Documents\MY Documents\Summer 2026\caprm-flood\outputs\cpp\segment_bvh_cap_sweep\cpp_nearest_water_segment_bvh_500m_split.csv
segment_bvh,267362,8572,1072254,1063159,1063159,1063159,0,0.000000000000,5748.239565000000,5748.239565000000,1063159,97113388,5748.239565000000,291309,original,1.662375000000,0.161664000000,9.895718000000,27017.948571000001,7516371,28.113086000000,390134,1.459198000000,2576392529,9636.345214000001,1714078,6.411076000000,42143066,157.625489000000,2534249463,9478.719725000001,0,0.000000000000,0,0,11.743313600004,40649826,1,1,0,unlimited,EPSG:26918,
segment_bvh,267362,8572,1072254,1063159,1063159,1063159,0,0.000000000000,5748.239565000000,5748.239565000000,1063159,97113388,5748.239565000000,291309,original,1.723055000000,0.157622000000,9.743343000000,27440.479668000000,7516371,28.113086000000,390134,1.459198000000,2576392529,9636.345214000001,1714078,6.411076000000,42143066,157.625489000000,2534249463,9478.719725000001,0,0.000000000000,0,0,11.647191700002,40649826,2,1,0,unlimited,EPSG:26918,
segment_bvh,267362,8572,1072254,1063159,1063159,1063159,0,0.000000000000,5748.239565000000,5748.239565000000,1063159,97113388,5748.239565000000,291309,original,1.670419000000,0.176913000000,9.878412000000,27065.281890999999,7516371,28.113086000000,390134,1.459198000000,2576392529,9636.345214000001,1714078,6.411076000000,42143066,157.625489000000,2534249463,9478.719725000001,0,0.000000000000,0,0,11.749791400005,40649826,3,1,0,unlimited,EPSG:26918,
segment_bvh,267362,8572,1072254,1063159,1063159,1063159,0,0.000000000000,5748.239565000000,5748.239565000000,1063159,97113388,5748.239565000000,291309,original,1.657660000000,0.161648000000,9.753981000000,27410.550526999999,7516371,28.113086000000,390134,1.459198000000,2576392529,9636.345214000001,1714078,6.411076000000,42143066,157.625489000000,2534249463,9478.719725000001,0,0.000000000000,0,0,11.596407800003,40649826,4,1,0,unlimited,EPSG:26918,
segment_bvh,267362,8572,1072254,1063159,1063159,1063159,0,0.000000000000,5748.239565000000,5748.239565000000,1063159,97113388,5748.239565000000,291309,original,1.635110000000,0.164345000000,9.775492000000,27350.235766999998,7516371,28.113086000000,390134,1.459198000000,2576392529,9636.345214000001,1714078,6.411076000000,42143066,157.625489000000,2534249463,9478.719725000001,0,0.000000000000,0,0,11.597819600007,40649826,5,1,0,unlimited,EPSG:26918,
segment_bvh,267362,8572,1072254,1063159,1063159,1063159,0,0.000000000000,5748.239565000000,5748.239565000000,1063159,97113388,5748.239565000000,291309,original,1.627862000000,0.158412000000,9.686299000000,27602.080010000001,7516371,28.113086000000,390134,1.459198000000,2576392529,9636.345214000001,1714078,6.411076000000,42143066,157.625489000000,2534249463,9478.719725000001,0,0.000000000000,0,0,11.494802100002,40649826,6,1,0,unlimited,EPSG:26918,
segment_bvh,267362,8572,1072254,1063159,1063159,1063159,0,0.000000000000,5748.239565000000,5748.239565000000,1063159,97113388,5748.239565000000,291309,original,1.621477000000,0.160679000000,9.582631000000,27900.687361000000,7516371,28.113086000000,390134,1.459198000000,2576392529,9636.345214000001,1714078,6.411076000000,42143066,157.625489000000,2534249463,9478.719725000001,0,0.000000000000,0,0,11.387721899999,40649826,7,1,0,unlimited,EPSG:26918,C:\Users\salexander\Documents\MY Documents\Summer 2026\caprm-flood\outputs\cpp\segment_bvh_cap_sweep\cpp_nearest_water_segment_bvh_unlimited_original.csv
segment_bvh,267362,8572,1072254,1063159,1063159,1063159,0,0.000000000000,5748.239565000000,5748.239565000000,1063159,97113388,5748.239565000000,291309,split,1.632663000000,0.159955000000,1.612567000000,165799.002459999989,7516371,28.113086000000,390134,1.459198000000,1796562707,6719.588823000000,1714078,6.411076000000,0,0.000000000000,0,0.000000000000,1796562707,6719.588823000000,62078,90325,3.429186999994,39024978,1,1,0,unlimited,EPSG:26918,
segment_bvh,267362,8572,1072254,1063159,1063159,1063159,0,0.000000000000,5748.239565000000,5748.239565000000,1063159,97113388,5748.239565000000,291309,split,1.657409000000,0.163844000000,1.617863000000,165256.297706999991,7516371,28.113086000000,390134,1.459198000000,1796562707,6719.588823000000,1714078,6.411076000000,0,0.000000000000,0,0.000000000000,1796562707,6719.588823000000,62078,90325,3.462025399996,39024978,2,1,0,unlimited,EPSG:26918,
segment_bvh,267362,8572,1072254,1063159,1063159,1063159,0,0.000000000000,5748.239565000000,5748.239565000000,1063159,97113388,5748.239565000000,291309,split,1.629463000000,0.165853000000,1.627507000000,164277.030100000004,7516371,28.113086000000,390134,1.459198000000,1796562707,6719.588823000000,1714078,6.411076000000,0,0.000000000000,0,0.000000000000,1796562707,6719.588823000000,62078,90325,3.446987100004,39024978,3,1,0,unlimited,EPSG:26918,
segment_bvh,267362,8572,1072254,1063159,1063159,1063159,0,0.000000000000,5748.239565000000,5748.239565000000,1063159,97113388,5748.239565000000,291309,split,1.627359000000,0.155503000000,1.619156000000,165124.289128000004,7516371,28.113086000000,390134,1.459198000000,1796562707,6719.588823000000,1714078,6.411076000000,0,0.000000000000,0,0.000000000000,1796562707,6719.588823000000,62078,90325,3.425474700001,39024978,4,1,0,unlimited,EPSG:26918,
segment_bvh,267362,8572,1072254,1063159,1063159,1063159,0,0.000000000000,5748.239565000000,5748.239565000000,1063159,97113388,5748.239565000000,291309,split,1.646652000000,0.159254000000,1.614552000000,165595.151745000010,7516371,28.113086000000,390134,1.459198000000,1796562707,6719.588823000000,1714078,6.411076000000,0,0.000000000000,0,0.000000000000,1796562707,6719.588823000000,62078,90325,3.448290099994,39024978,5,1,0,unlimited,EPSG:26918,
segment_bvh,267362,8572,1072254,1063159,1063159,1063159,0,0.000000000000,5748.239565000000,5748.239565000000,1063159,97113388,5748.239565000000,291309,split,1.623351000000,0.161079000000,1.632181000000,163806.617735000007,7516371,28.113086000000,390134,1.459198000000,1796562707,6719.588823000000,1714078,6.411076000000,0,0.000000000000,0,0.000000000000,1796562707,6719.588823000000,62078,90325,3.440940000000,39024978,6,1,0,unlimited,EPSG:26918,
segment_bvh,267362,8572,1072254,1063159,1063159,1063159,0,0.000000000000,5748.239565000000,5748.239565000000,1063159,97113388,5748.239565000000,291309,split,1.676794000000,0.160312000000,1.615605000000,165487.283552000008,7516371,28.113086000000,390134,1.459198000000,1796562707,6719.588823000000,1714078,6.411076000000,0,0.000000000000,0,0.000000000000,1796562707,6719.588823000000,62078,90325,3.475570199997,39024978,7,1,0,unlimited,EPSG:26918,C:\Users\salexander\Documents\MY Documents\Summer 2026\caprm-flood\outputs\cpp\segment_bvh_cap_sweep\cpp_nearest_water_segment_bvh_unlimited_split.csv
