algorithm,rung,property_count,water_feature_count,vertex_count,segment_count,split_segment_count,verification_mode,region_mode,seed_mode,seed_window_entries_stdout,hilbert_order_bits_per_axis,max_split_segment_length_m,inflation_half_m,index_entries,key_array_bytes,index_construction_seconds,computation_seconds,properties_per_second,average_seed_probes_per_property,n_decomp_per_property,n_true_r_per_property,n_disk_infl_per_property,geometric_inflation_capped,box_versus_disk_inflation,average_segment_checks_per_property,resolve_nodes_per_property,resolve_entries_per_property,mean_d_seed_over_d_best,total_process_seconds,peak_working_set_bytes,peak_commit_bytes,peak_memory_method,output_sha256,output_size_bytes,seed_window_entries,qs_resolve_entries_per_property,qs_resolve_nodes_per_property,tight_entries_per_property,tight_nodes_per_property,fraction_window_missed,max_d_seed_over_d_best,qs_phase2_segment_checks_per_property,cell_key,session_id,workload,seed_window_build,executable,repetition,is_warmup,block,position_in_block,execution_order,started_at_utc,rmi_leaf_count,rmi_model_bytes,rmi_probe_records_asserted
hilbert_binary,4,267362,8572,1072254,1063159,1189589,original,disk,binary,8,32,25.0,12.5,1189589,9516712,0.920854,18.138548,14739.98911,20.23764,47.592623,1.606679,10.278319,6.397244,4.63039,11021.825858,74.983988,167.972087,1.2995785295067468,20.728570199979004,232480768,285220864,psapi:GetProcessMemoryInfo,8ad41e8391f64e683e67ac253dc4d1e4302da7706f893763d0d32a689d6b7e9e,46725584,8,167.97208653436167,74.98398800128665,47.59262348426478,60.31990709225694,0.6987978845161242,108.80716516728772,11021.82585782572,hilbert_binary@countywide@w8,d28e78887724,countywide,8,cpp/spatial_core/build/water_distance_hilbert_w8.exe,-1,True,0,0,1,2026-07-29T03:14:10.797497+00:00,,,
hilbert_binary,4,267362,8572,1072254,1063159,1189589,original,disk,binary,16,32,25.0,12.5,1189589,9516712,0.906858,18.046149,14815.45991,20.23764,47.592623,1.606679,10.278319,6.397244,4.63039,11021.825858,73.973366,162.071065,1.2595458506267132,20.630637799971737,232488960,285212672,psapi:GetProcessMemoryInfo,8ad41e8391f64e683e67ac253dc4d1e4302da7706f893763d0d32a689d6b7e9e,46725584,16,162.0710646987979,73.97336569894001,47.59262348426478,60.31990709225694,0.6075769929907765,108.80716516728772,11021.82585782572,hilbert_binary@countywide@w16,d28e78887724,countywide,16,cpp/spatial_core/build/water_distance_hilbert_w16.exe,-1,True,0,1,2,2026-07-29T03:14:31.459346+00:00,,,
hilbert_binary,4,267362,8572,1072254,1063159,1189589,original,disk,binary,32,32,25.0,12.5,1189589,9516712,0.90259,18.016163,14840.119254,20.23764,47.592623,1.606679,10.278319,6.397244,4.63039,11021.825858,72.745742,153.844982,1.2149287631756989,20.628606499987654,232501248,285212672,psapi:GetProcessMemoryInfo,8ad41e8391f64e683e67ac253dc4d1e4302da7706f893763d0d32a689d6b7e9e,46725584,32,153.84498171019067,72.74574172844308,47.59262348426478,60.31990709225694,0.4992631712808851,96.38698922438562,11021.82585782572,hilbert_binary@countywide@w32,d28e78887724,countywide,32,cpp/spatial_core/build/water_distance_hilbert_w32.exe,-1,True,0,2,3,2026-07-29T03:14:52.118737+00:00,,,
hilbert_binary,4,267362,8572,1072254,1063159,1189589,original,disk,binary,64,32,25.0,12.5,1189589,9516712,0.913351,17.92608,14914.694288,20.23764,47.592623,1.606679,10.278319,6.397244,4.63039,11021.825858,70.913503,141.174168,1.1716919272505513,20.519934299984016,232521728,285216768,psapi:GetProcessMemoryInfo,8ad41e8391f64e683e67ac253dc4d1e4302da7706f893763d0d32a689d6b7e9e,46725584,64,141.1741683560117,70.91350304082106,47.59262348426478,60.31990709225694,0.38615061227848385,32.23319399612495,11021.82585782572,hilbert_binary@countywide@w64,d28e78887724,countywide,64,cpp/spatial_core/build/water_distance_hilbert_w64.exe,-1,True,0,3,4,2026-07-29T03:15:12.670804+00:00,,,
hilbert_binary,4,267362,8572,1072254,1063159,1189589,original,disk,binary,128,32,25.0,12.5,1189589,9516712,0.902911,17.894698,14940.849911,20.23764,47.592623,1.606679,10.278319,6.397244,4.63039,11021.825858,69.511206,133.036864,1.1379628107584276,20.473650600004476,232464384,285204480,psapi:GetProcessMemoryInfo,8ad41e8391f64e683e67ac253dc4d1e4302da7706f893763d0d32a689d6b7e9e,46725584,128,133.03686387743957,69.51120578092623,47.59262348426478,60.31990709225694,0.2851040910825024,32.23319399612495,11021.82585782572,hilbert_binary@countywide@w128,d28e78887724,countywide,128,cpp/spatial_core/build/water_distance_hilbert_w128.exe,-1,True,0,4,5,2026-07-29T03:15:33.175642+00:00,,,
hilbert_binary,4,267362,8572,1072254,1063159,1189589,original,disk,binary,256,32,25.0,12.5,1189589,9516712,0.912685,17.884545,14949.331868,20.23764,47.592623,1.606679,10.278319,6.397244,4.63039,11021.825858,67.145582,98.352634,1.1085579986699086,20.46837780001806,232402944,285224960,psapi:GetProcessMemoryInfo,8ad41e8391f64e683e67ac253dc4d1e4302da7706f893763d0d32a689d6b7e9e,46725584,256,98.35263425617701,67.14558164585843,47.59262348426478,60.31990709225694,0.23136047755477593,32.23319399612495,11021.82585782572,hilbert_binary@countywide@w256,d28e78887724,countywide,256,cpp/spatial_core/build/water_distance_hilbert_w256.exe,-1,True,0,5,6,2026-07-29T03:15:53.672916+00:00,,,
hilbert_binary,4,267362,8572,1072254,1063159,1189589,original,disk,binary,512,32,25.0,12.5,1189589,9516712,0.912344,18.320847,14593.320851,20.23764,47.592623,1.606679,10.278319,6.397244,4.63039,11021.825858,65.929904,87.909441,1.0851163047527554,20.923887700017076,232456192,285212672,psapi:GetProcessMemoryInfo,8ad41e8391f64e683e67ac253dc4d1e4302da7706f893763d0d32a689d6b7e9e,46725584,512,87.90944113224766,65.92990402525415,47.59262348426478,60.31990709225694,0.1713332485543944,32.23319399612495,11021.82585782572,hilbert_binary@countywide@w512,d28e78887724,countywide,512,cpp/spatial_core/build/water_distance_hilbert_w512.exe,-1,True,0,6,7,2026-07-29T03:16:14.626181+00:00,,,
hilbert_binary,4,267362,8572,1072254,1063159,1189589,original,disk,binary,1024,32,25.0,12.5,1189589,9516712,0.917911,19.154803,13957.961353,20.23764,47.592623,1.606679,10.278319,6.397244,4.63039,11021.825858,65.363791,81.922005,1.0714848157425225,21.74674169998616,232464384,285220864,psapi:GetProcessMemoryInfo,8ad41e8391f64e683e67ac253dc4d1e4302da7706f893763d0d32a689d6b7e9e,46725584,1024,81.92200462294566,65.3637914138883,47.59262348426478,60.31990709225694,0.1427053956807624,27.562416131538136,11021.82585782572,hilbert_binary@countywide@w1024,d28e78887724,countywide,1024,cpp/spatial_core/build/water_distance_hilbert_w1024.exe,-1,True,0,7,8,2026-07-29T03:16:36.402128+00:00,,,
hilbert_binary,4,267362,8572,1072254,1063159,1189589,original,disk,binary,2048,32,25.0,12.5,1189589,9516712,0.917895,20.873977,12808.388105,20.23764,47.592623,1.606679,10.278319,6.397244,4.63039,11021.825858,64.662173,77.464161,1.0609392279398582,23.477682499971706,232435712,285220864,psapi:GetProcessMemoryInfo,8ad41e8391f64e683e67ac253dc4d1e4302da7706f893763d0d32a689d6b7e9e,46725584,2048,77.46416095032204,64.66217338290407,47.59262348426478,60.31990709225694,0.11835264547691893,23.4322724546416,11021.82585782572,hilbert_binary@countywide@w2048,d28e78887724,countywide,2048,cpp/spatial_core/build/water_distance_hilbert_w2048.exe,-1,True,0,8,9,2026-07-29T03:16:59.908416+00:00,,,
hilbert_rmi,5,267362,8572,1072254,1063159,1189589,original,disk,rmi,8,32,25.0,12.5,1189589,9516712,0.930036,20.216696,13224.811547,0.0,47.592623,1.606679,10.278319,6.397244,4.63039,11021.825858,97.81237,523.042818,2.3084423545694475,22.839845300011802,232443904,285229056,psapi:GetProcessMemoryInfo,86f05df0c4a32fd69fb4a63be3437edbc20466ec5beb3f22d8dae871302421aa,45656136,8,523.0428183511493,97.81237049393705,47.59262348426478,60.31990709225694,0.7914662517485657,8877.224333006976,11021.82585782572,hilbert_rmi@countywide@w8,d28e78887724,countywide,8,cpp/spatial_core/build/water_distance_hilbert_w8.exe,-1,True,0,9,10,2026-07-29T03:17:22.776501+00:00,131072.0,4194400.0,5.0
hilbert_rmi,5,267362,8572,1072254,1063159,1189589,original,disk,rmi,16,32,25.0,12.5,1189589,9516712,0.909228,19.891164,13441.244497,0.0,47.592623,1.606679,10.278319,6.397244,4.63039,11021.825858,93.958554,481.209914,1.9849233826174602,22.49204679997638,232411136,285212672,psapi:GetProcessMemoryInfo,86f05df0c4a32fd69fb4a63be3437edbc20466ec5beb3f22d8dae871302421aa,45656136,16,481.20991389950706,93.95855431961161,47.59262348426478,60.31990709225694,0.6895706944143146,2023.760005018199,11021.82585782572,hilbert_rmi@countywide@w16,d28e78887724,countywide,16,cpp/spatial_core/build/water_distance_hilbert_w16.exe,-1,True,0,10,11,2026-07-29T03:17:45.296365+00:00,131072.0,4194400.0,5.0
hilbert_rmi,5,267362,8572,1072254,1063159,1189589,original,disk,rmi,32,32,25.0,12.5,1189589,9516712,0.913422,19.580255,13654.674128,0.0,47.592623,1.606679,10.278319,6.397244,4.63039,11021.825858,89.14373,425.239118,1.7367465528732917,22.186382800049614,232435712,285208576,psapi:GetProcessMemoryInfo,86f05df0c4a32fd69fb4a63be3437edbc20466ec5beb3f22d8dae871302421aa,45656136,32,425.23911775046565,89.14373022344238,47.59262348426478,60.31990709225694,0.5767498747017152,622.0004652544069,11021.82585782572,hilbert_rmi@countywide@w32,d28e78887724,countywide,32,cpp/spatial_core/build/water_distance_hilbert_w32.exe,-1,True,0,11,12,2026-07-29T03:18:07.510106+00:00,131072.0,4194400.0,5.0
hilbert_rmi,5,267362,8572,1072254,1063159,1189589,original,disk,rmi,64,32,25.0,12.5,1189589,9516712,0.901228,19.039472,14042.511484,0.0,47.592623,1.606679,10.278319,6.397244,4.63039,11021.825858,83.16842,352.515432,1.5388433412534919,21.61751459998777,232366080,285204480,psapi:GetProcessMemoryInfo,86f05df0c4a32fd69fb4a63be3437edbc20466ec5beb3f22d8dae871302421aa,45656136,64,352.51543226038103,83.16841959590369,47.59262348426478,60.31990709225694,0.4600915612540301,517.3435071130551,11021.82585782572,hilbert_rmi@countywide@w64,d28e78887724,countywide,64,cpp/spatial_core/build/water_distance_hilbert_w64.exe,-1,True,0,12,13,2026-07-29T03:18:29.159097+00:00,131072.0,4194400.0,5.0
hilbert_rmi,5,267362,8572,1072254,1063159,1189589,original,disk,rmi,128,32,25.0,12.5,1189589,9516712,0.888985,18.730534,14274.126179,0.0,47.592623,1.606679,10.278319,6.397244,4.63039,11021.825858,77.994345,285.395722,1.3716233479402213,21.30517680000048,232419328,285208576,psapi:GetProcessMemoryInfo,86f05df0c4a32fd69fb4a63be3437edbc20466ec5beb3f22d8dae871302421aa,45656136,128,285.39572190513235,77.99434474607462,47.59262348426478,60.31990709225694,0.34191096715314817,101.4538809445732,11021.82585782572,hilbert_rmi@countywide@w128,d28e78887724,countywide,128,cpp/spatial_core/build/water_distance_hilbert_w128.exe,-1,True,0,13,14,2026-07-29T03:18:50.491925+00:00,131072.0,4194400.0,5.0
hilbert_rmi,5,267362,8572,1072254,1063159,1189589,original,disk,rmi,256,32,25.0,12.5,1189589,9516712,0.910911,18.406934,14525.069579,0.0,47.592623,1.606679,10.278319,6.397244,4.63039,11021.825858,72.356827,196.291163,1.2434167205239846,21.00075479998486,232468480,285216768,psapi:GetProcessMemoryInfo,86f05df0c4a32fd69fb4a63be3437edbc20466ec5beb3f22d8dae871302421aa,45656136,256,196.29116329171686,72.3568270734061,47.59262348426478,60.31990709225694,0.263193722368923,101.38558794252857,11021.82585782572,hilbert_rmi@countywide@w256,d28e78887724,countywide,256,cpp/spatial_core/build/water_distance_hilbert_w256.exe,-1,True,0,14,15,2026-07-29T03:19:11.520026+00:00,131072.0,4194400.0,5.0
hilbert_rmi,5,267362,8572,1072254,1063159,1189589,original,disk,rmi,512,32,25.0,12.5,1189589,9516712,0.914438,18.504757,14448.28476,0.0,47.592623,1.606679,10.278319,6.397244,4.63039,11021.825858,68.800836,150.062529,1.1591483187648373,21.099684400018305,232423424,285208576,psapi:GetProcessMemoryInfo,86f05df0c4a32fd69fb4a63be3437edbc20466ec5beb3f22d8dae871302421aa,45656136,512,150.0625294544475,68.80083557124797,47.59262348426478,60.31990709225694,0.18595761551753803,61.51572638052632,11021.82585782572,hilbert_rmi@countywide@w512,d28e78887724,countywide,512,cpp/spatial_core/build/water_distance_hilbert_w512.exe,-1,True,0,15,16,2026-07-29T03:19:32.647629+00:00,131072.0,4194400.0,5.0
hilbert_rmi,5,267362,8572,1072254,1063159,1189589,original,disk,rmi,1024,32,25.0,12.5,1189589,9516712,0.928131,19.181966,13938.195617,0.0,47.592623,1.606679,10.278319,6.397244,4.63039,11021.825858,66.746045,113.145638,1.1064928565938394,21.821485899970867,232345600,285188096,psapi:GetProcessMemoryInfo,86f05df0c4a32fd69fb4a63be3437edbc20466ec5beb3f22d8dae871302421aa,45656136,1024,113.145637749568,66.7460446884748,47.59262348426478,60.31990709225694,0.14846911677800137,61.51572638052632,11021.82585782572,hilbert_rmi@countywide@w1024,d28e78887724,countywide,1024,cpp/spatial_core/build/water_distance_hilbert_w1024.exe,-1,True,0,16,17,2026-07-29T03:19:54.496528+00:00,131072.0,4194400.0,5.0
hilbert_rmi,5,267362,8572,1072254,1063159,1189589,original,disk,rmi,2048,32,25.0,12.5,1189589,9516712,0.915657,20.846387,12825.339888,0.0,47.592623,1.606679,10.278319,6.397244,4.63039,11021.825858,65.419865,94.188789,1.0783234430702657,23.44912469998235,232423424,285208576,psapi:GetProcessMemoryInfo,86f05df0c4a32fd69fb4a63be3437edbc20466ec5beb3f22d8dae871302421aa,45656136,2048,94.18878898272754,65.41986520148713,47.59262348426478,60.31990709225694,0.12161788137431646,61.51572638052632,11021.82585782572,hilbert_rmi@countywide@w2048,d28e78887724,countywide,2048,cpp/spatial_core/build/water_distance_hilbert_w2048.exe,-1,True,0,17,18,2026-07-29T03:20:17.974209+00:00,131072.0,4194400.0,5.0
hilbert_binary,4,267362,8572,1072254,1063159,1189589,original,disk,binary,8,32,25.0,12.5,1189589,9516712,0.905299,18.124372,14751.518174,20.23764,47.592623,1.606679,10.278319,6.397244,4.63039,11021.825858,74.983988,167.972087,1.2995785295067468,20.70562500000233,232513536,285216768,psapi:GetProcessMemoryInfo,8ad41e8391f64e683e67ac253dc4d1e4302da7706f893763d0d32a689d6b7e9e,46725584,8,167.97208653436167,74.98398800128665,47.59262348426478,60.31990709225694,0.6987978845161242,108.80716516728772,11021.82585782572,hilbert_binary@countywide@w8,d28e78887724,countywide,8,cpp/spatial_core/build/water_distance_hilbert_w8.exe,1,False,1,0,19,2026-07-29T03:20:38.711094+00:00,,,
hilbert_binary,4,267362,8572,1072254,1063159,1189589,original,disk,binary,16,32,25.0,12.5,1189589,9516712,0.909731,18.047638,14814.237741,20.23764,47.592623,1.606679,10.278319,6.397244,4.63039,11021.825858,73.973366,162.071065,1.2595458506267132,20.62611359998118,232472576,285212672,psapi:GetProcessMemoryInfo,8ad41e8391f64e683e67ac253dc4d1e4302da7706f893763d0d32a689d6b7e9e,46725584,16,162.0710646987979,73.97336569894001,47.59262348426478,60.31990709225694,0.6075769929907765,108.80716516728772,11021.82585782572,hilbert_binary@countywide@w16,d28e78887724,countywide,16,cpp/spatial_core/build/water_distance_hilbert_w16.exe,1,False,1,1,20,2026-07-29T03:20:59.368022+00:00,,,
hilbert_binary,4,267362,8572,1072254,1063159,1189589,original,disk,binary,32,32,25.0,12.5,1189589,9516712,0.917912,17.96672,14880.957433,20.23764,47.592623,1.606679,10.278319,6.397244,4.63039,11021.825858,72.745742,153.844982,1.2149287631756989,20.555274499987718,232407040,285216768,psapi:GetProcessMemoryInfo,8ad41e8391f64e683e67ac253dc4d1e4302da7706f893763d0d32a689d6b7e9e,46725584,32,153.84498171019067,72.74574172844308,47.59262348426478,60.31990709225694,0.4992631712808851,96.38698922438562,11021.82585782572,hilbert_binary@countywide@w32,d28e78887724,countywide,32,cpp/spatial_core/build/water_distance_hilbert_w32.exe,1,False,1,2,21,2026-07-29T03:21:19.954437+00:00,,,
hilbert_binary,4,267362,8572,1072254,1063159,1189589,original,disk,binary,64,32,25.0,12.5,1189589,9516712,0.881223,17.939195,14903.790442,20.23764,47.592623,1.606679,10.278319,6.397244,4.63039,11021.825858,70.913503,141.174168,1.1716919272505513,20.48658730002353,232505344,285224960,psapi:GetProcessMemoryInfo,8ad41e8391f64e683e67ac253dc4d1e4302da7706f893763d0d32a689d6b7e9e,46725584,64,141.1741683560117,70.91350304082106,47.59262348426478,60.31990709225694,0.38615061227848385,32.23319399612495,11021.82585782572,hilbert_binary@countywide@w64,d28e78887724,countywide,64,cpp/spatial_core/build/water_distance_hilbert_w64.exe,1,False,1,3,22,2026-07-29T03:21:40.473640+00:00,,,
hilbert_binary,4,267362,8572,1072254,1063159,1189589,original,disk,binary,128,32,25.0,12.5,1189589,9516712,0.909417,17.920468,14919.364912,20.23764,47.592623,1.606679,10.278319,6.397244,4.63039,11021.825858,69.511206,133.036864,1.1379628107584276,20.50230999995256,232407040,285212672,psapi:GetProcessMemoryInfo,8ad41e8391f64e683e67ac253dc4d1e4302da7706f893763d0d32a689d6b7e9e,46725584,128,133.03686387743957,69.51120578092623,47.59262348426478,60.31990709225694,0.2851040910825024,32.23319399612495,11021.82585782572,hilbert_binary@countywide@w128,d28e78887724,countywide,128,cpp/spatial_core/build/water_distance_hilbert_w128.exe,1,False,1,4,23,2026-07-29T03:22:01.008045+00:00,,,
hilbert_binary,4,267362,8572,1072254,1063159,1189589,original,disk,binary,256,32,25.0,12.5,1189589,9516712,0.913963,17.98889,14862.6179,20.23764,47.592623,1.606679,10.278319,6.397244,4.63039,11021.825858,67.145582,98.352634,1.1085579986699086,20.5673563000164,232509440,285204480,psapi:GetProcessMemoryInfo,8ad41e8391f64e683e67ac253dc4d1e4302da7706f893763d0d32a689d6b7e9e,46725584,256,98.35263425617701,67.14558164585843,47.59262348426478,60.31990709225694,0.23136047755477593,32.23319399612495,11021.82585782572,hilbert_binary@countywide@w256,d28e78887724,countywide,256,cpp/spatial_core/build/water_distance_hilbert_w256.exe,1,False,1,5,24,2026-07-29T03:22:21.607161+00:00,,,
hilbert_binary,4,267362,8572,1072254,1063159,1189589,original,disk,binary,512,32,25.0,12.5,1189589,9516712,0.899735,18.275338,14629.661182,20.23764,47.592623,1.606679,10.278319,6.397244,4.63039,11021.825858,65.929904,87.909441,1.0851163047527554,20.83818630001042,232443904,285212672,psapi:GetProcessMemoryInfo,8ad41e8391f64e683e67ac253dc4d1e4302da7706f893763d0d32a689d6b7e9e,46725584,512,87.90944113224766,65.92990402525415,47.59262348426478,60.31990709225694,0.1713332485543944,32.23319399612495,11021.82585782572,hilbert_binary@countywide@w512,d28e78887724,countywide,512,cpp/spatial_core/build/water_distance_hilbert_w512.exe,1,False,1,6,25,2026-07-29T03:22:42.475999+00:00,,,
hilbert_binary,4,267362,8572,1072254,1063159,1189589,original,disk,binary,1024,32,25.0,12.5,1189589,9516712,0.902412,19.152852,13959.38325,20.23764,47.592623,1.606679,10.278319,6.397244,4.63039,11021.825858,65.363791,81.922005,1.0714848157425225,21.7260589999496,232501248,285212672,psapi:GetProcessMemoryInfo,8ad41e8391f64e683e67ac253dc4d1e4302da7706f893763d0d32a689d6b7e9e,46725584,1024,81.92200462294566,65.3637914138883,47.59262348426478,60.31990709225694,0.1427053956807624,27.562416131538136,11021.82585782572,hilbert_binary@countywide@w1024,d28e78887724,countywide,1024,cpp/spatial_core/build/water_distance_hilbert_w1024.exe,1,False,1,7,26,2026-07-29T03:23:04.233605+00:00,,,
hilbert_binary,4,267362,8572,1072254,1063159,1189589,original,disk,binary,2048,32,25.0,12.5,1189589,9516712,0.879965,20.849991,12823.12298,20.23764,47.592623,1.606679,10.278319,6.397244,4.63039,11021.825858,64.662173,77.464161,1.0609392279398582,23.42537239997182,232468480,285216768,psapi:GetProcessMemoryInfo,8ad41e8391f64e683e67ac253dc4d1e4302da7706f893763d0d32a689d6b7e9e,46725584,2048,77.46416095032204,64.66217338290407,47.59262348426478,60.31990709225694,0.11835264547691893,23.4322724546416,11021.82585782572,hilbert_binary@countywide@w2048,d28e78887724,countywide,2048,cpp/spatial_core/build/water_distance_hilbert_w2048.exe,1,False,1,8,27,2026-07-29T03:23:27.689880+00:00,,,
hilbert_rmi,5,267362,8572,1072254,1063159,1189589,original,disk,rmi,8,32,25.0,12.5,1189589,9516712,0.882124,20.169105,13256.017259,0.0,47.592623,1.606679,10.278319,6.397244,4.63039,11021.825858,97.81237,523.042818,2.3084423545694475,22.740668799960986,232472576,285224960,psapi:GetProcessMemoryInfo,86f05df0c4a32fd69fb4a63be3437edbc20466ec5beb3f22d8dae871302421aa,45656136,8,523.0428183511493,97.81237049393705,47.59262348426478,60.31990709225694,0.7914662517485657,8877.224333006976,11021.82585782572,hilbert_rmi@countywide@w8,d28e78887724,countywide,8,cpp/spatial_core/build/water_distance_hilbert_w8.exe,1,False,1,9,28,2026-07-29T03:23:50.460395+00:00,131072.0,4194400.0,5.0
hilbert_rmi,5,267362,8572,1072254,1063159,1189589,original,disk,rmi,16,32,25.0,12.5,1189589,9516712,0.885966,19.932203,13413.569923,0.0,47.592623,1.606679,10.278319,6.397244,4.63039,11021.825858,93.958554,481.209914,1.9849233826174602,22.48462090000976,232398848,285196288,psapi:GetProcessMemoryInfo,86f05df0c4a32fd69fb4a63be3437edbc20466ec5beb3f22d8dae871302421aa,45656136,16,481.20991389950706,93.95855431961161,47.59262348426478,60.31990709225694,0.6895706944143146,2023.760005018199,11021.82585782572,hilbert_rmi@countywide@w16,d28e78887724,countywide,16,cpp/spatial_core/build/water_distance_hilbert_w16.exe,1,False,1,10,29,2026-07-29T03:24:12.977910+00:00,131072.0,4194400.0,5.0
hilbert_rmi,5,267362,8572,1072254,1063159,1189589,original,disk,rmi,32,32,25.0,12.5,1189589,9516712,0.88795,19.504095,13707.992905,0.0,47.592623,1.606679,10.278319,6.397244,4.63039,11021.825858,89.14373,425.239118,1.7367465528732917,22.058693300001323,232493056,285220864,psapi:GetProcessMemoryInfo,86f05df0c4a32fd69fb4a63be3437edbc20466ec5beb3f22d8dae871302421aa,45656136,32,425.23911775046565,89.14373022344238,47.59262348426478,60.31990709225694,0.5767498747017152,622.0004652544069,11021.82585782572,hilbert_rmi@countywide@w32,d28e78887724,countywide,32,cpp/spatial_core/build/water_distance_hilbert_w32.exe,1,False,1,11,30,2026-07-29T03:24:35.067017+00:00,131072.0,4194400.0,5.0
hilbert_rmi,5,267362,8572,1072254,1063159,1189589,original,disk,rmi,64,32,25.0,12.5,1189589,9516712,0.900773,19.06803,14021.479933,0.0,47.592623,1.606679,10.278319,6.397244,4.63039,11021.825858,83.16842,352.515432,1.5388433412534919,21.635165699990466,232419328,285224960,psapi:GetProcessMemoryInfo,86f05df0c4a32fd69fb4a63be3437edbc20466ec5beb3f22d8dae871302421aa,45656136,64,352.51543226038103,83.16841959590369,47.59262348426478,60.31990709225694,0.4600915612540301,517.3435071130551,11021.82585782572,hilbert_rmi@countywide@w64,d28e78887724,countywide,64,cpp/spatial_core/build/water_distance_hilbert_w64.exe,1,False,1,12,31,2026-07-29T03:24:56.733393+00:00,131072.0,4194400.0,5.0
hilbert_rmi,5,267362,8572,1072254,1063159,1189589,original,disk,rmi,128,32,25.0,12.5,1189589,9516712,0.903874,18.682239,14311.025492,0.0,47.592623,1.606679,10.278319,6.397244,4.63039,11021.825858,77.994345,285.395722,1.3716233479402213,21.29276189999655,232411136,285204480,psapi:GetProcessMemoryInfo,86f05df0c4a32fd69fb4a63be3437edbc20466ec5beb3f22d8dae871302421aa,45656136,128,285.39572190513235,77.99434474607462,47.59262348426478,60.31990709225694,0.34191096715314817,101.4538809445732,11021.82585782572,hilbert_rmi@countywide@w128,d28e78887724,countywide,128,cpp/spatial_core/build/water_distance_hilbert_w128.exe,1,False,1,13,32,2026-07-29T03:25:18.056218+00:00,131072.0,4194400.0,5.0
hilbert_rmi,5,267362,8572,1072254,1063159,1189589,original,disk,rmi,256,32,25.0,12.5,1189589,9516712,0.891805,18.400079,14530.481092,0.0,47.592623,1.606679,10.278319,6.397244,4.63039,11021.825858,72.356827,196.291163,1.2434167205239846,20.968204199976753,232366080,285220864,psapi:GetProcessMemoryInfo,86f05df0c4a32fd69fb4a63be3437edbc20466ec5beb3f22d8dae871302421aa,45656136,256,196.29116329171686,72.3568270734061,47.59262348426478,60.31990709225694,0.263193722368923,101.38558794252857,11021.82585782572,hilbert_rmi@countywide@w256,d28e78887724,countywide,256,cpp/spatial_core/build/water_distance_hilbert_w256.exe,1,False,1,14,33,2026-07-29T03:25:39.054654+00:00,131072.0,4194400.0,5.0
hilbert_rmi,5,267362,8572,1072254,1063159,1189589,original,disk,rmi,512,32,25.0,12.5,1189589,9516712,0.903466,18.504591,14448.414138,0.0,47.592623,1.606679,10.278319,6.397244,4.63039,11021.825858,68.800836,150.062529,1.1591483187648373,21.07520530000329,232374272,285208576,psapi:GetProcessMemoryInfo,86f05df0c4a32fd69fb4a63be3437edbc20466ec5beb3f22d8dae871302421aa,45656136,512,150.0625294544475,68.80083557124797,47.59262348426478,60.31990709225694,0.18595761551753803,61.51572638052632,11021.82585782572,hilbert_rmi@countywide@w512,d28e78887724,countywide,512,cpp/spatial_core/build/water_distance_hilbert_w512.exe,1,False,1,15,34,2026-07-29T03:26:00.160344+00:00,131072.0,4194400.0,5.0
hilbert_rmi,5,267362,8572,1072254,1063159,1189589,original,disk,rmi,1024,32,25.0,12.5,1189589,9516712,0.904989,19.223807,13907.85929,0.0,47.592623,1.606679,10.278319,6.397244,4.63039,11021.825858,66.746045,113.145638,1.1064928565938394,21.81219140003668,232366080,285204480,psapi:GetProcessMemoryInfo,86f05df0c4a32fd69fb4a63be3437edbc20466ec5beb3f22d8dae871302421aa,45656136,1024,113.145637749568,66.7460446884748,47.59262348426478,60.31990709225694,0.14846911677800137,61.51572638052632,11021.82585782572,hilbert_rmi@countywide@w1024,d28e78887724,countywide,1024,cpp/spatial_core/build/water_distance_hilbert_w1024.exe,1,False,1,16,35,2026-07-29T03:26:22.002380+00:00,131072.0,4194400.0,5.0
hilbert_rmi,5,267362,8572,1072254,1063159,1189589,original,disk,rmi,2048,32,25.0,12.5,1189589,9516712,0.91916,20.859132,12817.503439,0.0,47.592623,1.606679,10.278319,6.397244,4.63039,11021.825858,65.419865,94.188789,1.0783234430702657,23.44553770002676,232480768,285216768,psapi:GetProcessMemoryInfo,86f05df0c4a32fd69fb4a63be3437edbc20466ec5beb3f22d8dae871302421aa,45656136,2048,94.18878898272754,65.41986520148713,47.59262348426478,60.31990709225694,0.12161788137431646,61.51572638052632,11021.82585782572,hilbert_rmi@countywide@w2048,d28e78887724,countywide,2048,cpp/spatial_core/build/water_distance_hilbert_w2048.exe,1,False,1,17,36,2026-07-29T03:26:45.479955+00:00,131072.0,4194400.0,5.0
hilbert_binary,4,267362,8572,1072254,1063159,1189589,original,disk,binary,16,32,25.0,12.5,1189589,9516712,0.899008,18.064354,14800.528936,20.23764,47.592623,1.606679,10.278319,6.397244,4.63039,11021.825858,73.973366,162.071065,1.2595458506267132,20.637628800002858,232452096,285192192,psapi:GetProcessMemoryInfo,8ad41e8391f64e683e67ac253dc4d1e4302da7706f893763d0d32a689d6b7e9e,46725584,16,162.0710646987979,73.97336569894001,47.59262348426478,60.31990709225694,0.6075769929907765,108.80716516728772,11021.82585782572,hilbert_binary@countywide@w16,d28e78887724,countywide,16,cpp/spatial_core/build/water_distance_hilbert_w16.exe,2,False,2,0,37,2026-07-29T03:27:06.149235+00:00,,,
hilbert_binary,4,267362,8572,1072254,1063159,1189589,original,disk,binary,32,32,25.0,12.5,1189589,9516712,0.915128,18.023708,14833.906706,20.23764,47.592623,1.606679,10.278319,6.397244,4.63039,11021.825858,72.745742,153.844982,1.2149287631756989,20.602453600033186,232415232,285224960,psapi:GetProcessMemoryInfo,8ad41e8391f64e683e67ac253dc4d1e4302da7706f893763d0d32a689d6b7e9e,46725584,32,153.84498171019067,72.74574172844308,47.59262348426478,60.31990709225694,0.4992631712808851,96.38698922438562,11021.82585782572,hilbert_binary@countywide@w32,d28e78887724,countywide,32,cpp/spatial_core/build/water_distance_hilbert_w32.exe,2,False,2,1,38,2026-07-29T03:27:26.782773+00:00,,,
hilbert_binary,4,267362,8572,1072254,1063159,1189589,original,disk,binary,64,32,25.0,12.5,1189589,9516712,0.905371,17.887942,14946.492839,20.23764,47.592623,1.606679,10.278319,6.397244,4.63039,11021.825858,70.913503,141.174168,1.1716919272505513,20.46462420001626,232456192,285212672,psapi:GetProcessMemoryInfo,8ad41e8391f64e683e67ac253dc4d1e4302da7706f893763d0d32a689d6b7e9e,46725584,64,141.1741683560117,70.91350304082106,47.59262348426478,60.31990709225694,0.38615061227848385,32.23319399612495,11021.82585782572,hilbert_binary@countywide@w64,d28e78887724,countywide,64,cpp/spatial_core/build/water_distance_hilbert_w64.exe,2,False,2,2,39,2026-07-29T03:27:47.278245+00:00,,,
hilbert_binary,4,267362,8572,1072254,1063159,1189589,original,disk,binary,128,32,25.0,12.5,1189589,9516712,0.903338,17.951709,14893.401206,20.23764,47.592623,1.606679,10.278319,6.397244,4.63039,11021.825858,69.511206,133.036864,1.1379628107584276,20.52547079999931,232529920,285216768,psapi:GetProcessMemoryInfo,8ad41e8391f64e683e67ac253dc4d1e4302da7706f893763d0d32a689d6b7e9e,46725584,128,133.03686387743957,69.51120578092623,47.59262348426478,60.31990709225694,0.2851040910825024,32.23319399612495,11021.82585782572,hilbert_binary@countywide@w128,d28e78887724,countywide,128,cpp/spatial_core/build/water_distance_hilbert_w128.exe,2,False,2,3,40,2026-07-29T03:28:07.834992+00:00,,,
hilbert_binary,4,267362,8572,1072254,1063159,1189589,original,disk,binary,256,32,25.0,12.5,1189589,9516712,0.901529,17.935236,14907.080036,20.23764,47.592623,1.606679,10.278319,6.397244,4.63039,11021.825858,67.145582,98.352634,1.1085579986699086,20.525772000022698,232525824,285220864,psapi:GetProcessMemoryInfo,8ad41e8391f64e683e67ac253dc4d1e4302da7706f893763d0d32a689d6b7e9e,46725584,256,98.35263425617701,67.14558164585843,47.59262348426478,60.31990709225694,0.23136047755477593,32.23319399612495,11021.82585782572,hilbert_binary@countywide@w256,d28e78887724,countywide,256,cpp/spatial_core/build/water_distance_hilbert_w256.exe,2,False,2,4,41,2026-07-29T03:28:28.391594+00:00,,,
hilbert_binary,4,267362,8572,1072254,1063159,1189589,original,disk,binary,512,32,25.0,12.5,1189589,9516712,0.90573,18.293197,14615.379002,20.23764,47.592623,1.606679,10.278319,6.397244,4.63039,11021.825858,65.929904,87.909441,1.0851163047527554,20.865375699999277,232460288,285220864,psapi:GetProcessMemoryInfo,8ad41e8391f64e683e67ac253dc4d1e4302da7706f893763d0d32a689d6b7e9e,46725584,512,87.90944113224766,65.92990402525415,47.59262348426478,60.31990709225694,0.1713332485543944,32.23319399612495,11021.82585782572,hilbert_binary@countywide@w512,d28e78887724,countywide,512,cpp/spatial_core/build/water_distance_hilbert_w512.exe,2,False,2,5,42,2026-07-29T03:28:49.287853+00:00,,,
hilbert_binary,4,267362,8572,1072254,1063159,1189589,original,disk,binary,1024,32,25.0,12.5,1189589,9516712,0.922533,19.480902,13724.313176,20.23764,47.592623,1.606679,10.278319,6.397244,4.63039,11021.825858,65.363791,81.922005,1.0714848157425225,22.065639699983876,232534016,285204480,psapi:GetProcessMemoryInfo,8ad41e8391f64e683e67ac253dc4d1e4302da7706f893763d0d32a689d6b7e9e,46725584,1024,81.92200462294566,65.3637914138883,47.59262348426478,60.31990709225694,0.1427053956807624,27.562416131538136,11021.82585782572,hilbert_binary@countywide@w1024,d28e78887724,countywide,1024,cpp/spatial_core/build/water_distance_hilbert_w1024.exe,2,False,2,6,43,2026-07-29T03:29:11.384922+00:00,,,
hilbert_binary,4,267362,8572,1072254,1063159,1189589,original,disk,binary,2048,32,25.0,12.5,1189589,9516712,0.908504,20.884953,12801.656649,20.23764,47.592623,1.606679,10.278319,6.397244,4.63039,11021.825858,64.662173,77.464161,1.0609392279398582,23.478559800016228,232468480,285208576,psapi:GetProcessMemoryInfo,8ad41e8391f64e683e67ac253dc4d1e4302da7706f893763d0d32a689d6b7e9e,46725584,2048,77.46416095032204,64.66217338290407,47.59262348426478,60.31990709225694,0.11835264547691893,23.4322724546416,11021.82585782572,hilbert_binary@countywide@w2048,d28e78887724,countywide,2048,cpp/spatial_core/build/water_distance_hilbert_w2048.exe,2,False,2,7,44,2026-07-29T03:29:34.895115+00:00,,,
hilbert_rmi,5,267362,8572,1072254,1063159,1189589,original,disk,rmi,8,32,25.0,12.5,1189589,9516712,0.884652,20.306701,13166.19573,0.0,47.592623,1.606679,10.278319,6.397244,4.63039,11021.825858,97.81237,523.042818,2.3084423545694475,22.88443079998251,232542208,285212672,psapi:GetProcessMemoryInfo,86f05df0c4a32fd69fb4a63be3437edbc20466ec5beb3f22d8dae871302421aa,45656136,8,523.0428183511493,97.81237049393705,47.59262348426478,60.31990709225694,0.7914662517485657,8877.224333006976,11021.82585782572,hilbert_rmi@countywide@w8,d28e78887724,countywide,8,cpp/spatial_core/build/water_distance_hilbert_w8.exe,2,False,2,8,45,2026-07-29T03:29:57.810392+00:00,131072.0,4194400.0,5.0
hilbert_rmi,5,267362,8572,1072254,1063159,1189589,original,disk,rmi,16,32,25.0,12.5,1189589,9516712,0.929952,19.935368,13411.440478,0.0,47.592623,1.606679,10.278319,6.397244,4.63039,11021.825858,93.958554,481.209914,1.9849233826174602,22.544947599992156,232488960,285212672,psapi:GetProcessMemoryInfo,86f05df0c4a32fd69fb4a63be3437edbc20466ec5beb3f22d8dae871302421aa,45656136,16,481.20991389950706,93.95855431961161,47.59262348426478,60.31990709225694,0.6895706944143146,2023.760005018199,11021.82585782572,hilbert_rmi@countywide@w16,d28e78887724,countywide,16,cpp/spatial_core/build/water_distance_hilbert_w16.exe,2,False,2,9,46,2026-07-29T03:30:20.385531+00:00,131072.0,4194400.0,5.0
hilbert_rmi,5,267362,8572,1072254,1063159,1189589,original,disk,rmi,32,32,25.0,12.5,1189589,9516712,0.910592,19.535136,13686.211418,0.0,47.592623,1.606679,10.278319,6.397244,4.63039,11021.825858,89.14373,425.239118,1.7367465528732917,22.13295229995856,232460288,285212672,psapi:GetProcessMemoryInfo,86f05df0c4a32fd69fb4a63be3437edbc20466ec5beb3f22d8dae871302421aa,45656136,32,425.23911775046565,89.14373022344238,47.59262348426478,60.31990709225694,0.5767498747017152,622.0004652544069,11021.82585782572,hilbert_rmi@countywide@w32,d28e78887724,countywide,32,cpp/spatial_core/build/water_distance_hilbert_w32.exe,2,False,2,10,47,2026-07-29T03:30:42.548917+00:00,131072.0,4194400.0,5.0
hilbert_rmi,5,267362,8572,1072254,1063159,1189589,original,disk,rmi,64,32,25.0,12.5,1189589,9516712,0.89351,19.076382,14015.341064,0.0,47.592623,1.606679,10.278319,6.397244,4.63039,11021.825858,83.16842,352.515432,1.5388433412534919,21.66597480000928,232435712,285216768,psapi:GetProcessMemoryInfo,86f05df0c4a32fd69fb4a63be3437edbc20466ec5beb3f22d8dae871302421aa,45656136,64,352.51543226038103,83.16841959590369,47.59262348426478,60.31990709225694,0.4600915612540301,517.3435071130551,11021.82585782572,hilbert_rmi@countywide@w64,d28e78887724,countywide,64,cpp/spatial_core/build/water_distance_hilbert_w64.exe,2,False,2,11,48,2026-07-29T03:31:04.244783+00:00,131072.0,4194400.0,5.0
hilbert_rmi,5,267362,8572,1072254,1063159,1189589,original,disk,rmi,128,32,25.0,12.5,1189589,9516712,0.902103,18.720143,14282.049097,0.0,47.592623,1.606679,10.278319,6.397244,4.63039,11021.825858,77.994345,285.395722,1.3716233479402213,21.300292600004468,232292352,285216768,psapi:GetProcessMemoryInfo,86f05df0c4a32fd69fb4a63be3437edbc20466ec5beb3f22d8dae871302421aa,45656136,128,285.39572190513235,77.99434474607462,47.59262348426478,60.31990709225694,0.34191096715314817,101.4538809445732,11021.82585782572,hilbert_rmi@countywide@w128,d28e78887724,countywide,128,cpp/spatial_core/build/water_distance_hilbert_w128.exe,2,False,2,12,49,2026-07-29T03:31:25.576595+00:00,131072.0,4194400.0,5.0
hilbert_rmi,5,267362,8572,1072254,1063159,1189589,original,disk,rmi,256,32,25.0,12.5,1189589,9516712,0.900565,18.395709,14533.932728,0.0,47.592623,1.606679,10.278319,6.397244,4.63039,11021.825858,72.356827,196.291163,1.2434167205239846,20.986404000024777,232415232,285204480,psapi:GetProcessMemoryInfo,86f05df0c4a32fd69fb4a63be3437edbc20466ec5beb3f22d8dae871302421aa,45656136,256,196.29116329171686,72.3568270734061,47.59262348426478,60.31990709225694,0.263193722368923,101.38558794252857,11021.82585782572,hilbert_rmi@countywide@w256,d28e78887724,countywide,256,cpp/spatial_core/build/water_distance_hilbert_w256.exe,2,False,2,13,50,2026-07-29T03:31:46.593187+00:00,131072.0,4194400.0,5.0
hilbert_rmi,5,267362,8572,1072254,1063159,1189589,original,disk,rmi,512,32,25.0,12.5,1189589,9516712,0.916535,18.579535,14390.134478,0.0,47.592623,1.606679,10.278319,6.397244,4.63039,11021.825858,68.800836,150.062529,1.1591483187648373,21.19377190002706,232394752,285224960,psapi:GetProcessMemoryInfo,86f05df0c4a32fd69fb4a63be3437edbc20466ec5beb3f22d8dae871302421aa,45656136,512,150.0625294544475,68.80083557124797,47.59262348426478,60.31990709225694,0.18595761551753803,61.51572638052632,11021.82585782572,hilbert_rmi@countywide@w512,d28e78887724,countywide,512,cpp/spatial_core/build/water_distance_hilbert_w512.exe,2,False,2,14,51,2026-07-29T03:32:07.818597+00:00,131072.0,4194400.0,5.0
hilbert_rmi,5,267362,8572,1072254,1063159,1189589,original,disk,rmi,1024,32,25.0,12.5,1189589,9516712,0.895567,19.191769,13931.076027,0.0,47.592623,1.606679,10.278319,6.397244,4.63039,11021.825858,66.746045,113.145638,1.1064928565938394,21.772157099971082,232439808,285208576,psapi:GetProcessMemoryInfo,86f05df0c4a32fd69fb4a63be3437edbc20466ec5beb3f22d8dae871302421aa,45656136,1024,113.145637749568,66.7460446884748,47.59262348426478,60.31990709225694,0.14846911677800137,61.51572638052632,11021.82585782572,hilbert_rmi@countywide@w1024,d28e78887724,countywide,1024,cpp/spatial_core/build/water_distance_hilbert_w1024.exe,2,False,2,15,52,2026-07-29T03:32:29.621097+00:00,131072.0,4194400.0,5.0
hilbert_rmi,5,267362,8572,1072254,1063159,1189589,original,disk,rmi,2048,32,25.0,12.5,1189589,9516712,0.907411,20.843386,12827.1864,0.0,47.592623,1.606679,10.278319,6.397244,4.63039,11021.825858,65.419865,94.188789,1.0783234430702657,23.442194799950812,232431616,285220864,psapi:GetProcessMemoryInfo,86f05df0c4a32fd69fb4a63be3437edbc20466ec5beb3f22d8dae871302421aa,45656136,2048,94.18878898272754,65.41986520148713,47.59262348426478,60.31990709225694,0.12161788137431646,61.51572638052632,11021.82585782572,hilbert_rmi@countywide@w2048,d28e78887724,countywide,2048,cpp/spatial_core/build/water_distance_hilbert_w2048.exe,2,False,2,16,53,2026-07-29T03:32:53.093174+00:00,131072.0,4194400.0,5.0
hilbert_binary,4,267362,8572,1072254,1063159,1189589,original,disk,binary,8,32,25.0,12.5,1189589,9516712,0.909024,18.092057,14777.866739,20.23764,47.592623,1.606679,10.278319,6.397244,4.63039,11021.825858,74.983988,167.972087,1.2995785295067468,20.69324079999933,232448000,285224960,psapi:GetProcessMemoryInfo,8ad41e8391f64e683e67ac253dc4d1e4302da7706f893763d0d32a689d6b7e9e,46725584,8,167.97208653436167,74.98398800128665,47.59262348426478,60.31990709225694,0.6987978845161242,108.80716516728772,11021.82585782572,hilbert_binary@countywide@w8,d28e78887724,countywide,8,cpp/spatial_core/build/water_distance_hilbert_w8.exe,2,False,2,17,54,2026-07-29T03:33:13.816906+00:00,,,
hilbert_binary,4,267362,8572,1072254,1063159,1189589,original,disk,binary,32,32,25.0,12.5,1189589,9516712,0.909213,18.033532,14825.825579,20.23764,47.592623,1.606679,10.278319,6.397244,4.63039,11021.825858,72.745742,153.844982,1.2149287631756989,20.615809199982323,232497152,285212672,psapi:GetProcessMemoryInfo,8ad41e8391f64e683e67ac253dc4d1e4302da7706f893763d0d32a689d6b7e9e,46725584,32,153.84498171019067,72.74574172844308,47.59262348426478,60.31990709225694,0.4992631712808851,96.38698922438562,11021.82585782572,hilbert_binary@countywide@w32,d28e78887724,countywide,32,cpp/spatial_core/build/water_distance_hilbert_w32.exe,3,False,3,0,55,2026-07-29T03:33:34.464058+00:00,,,
hilbert_binary,4,267362,8572,1072254,1063159,1189589,original,disk,binary,64,32,25.0,12.5,1189589,9516712,0.914277,17.933864,14908.220477,20.23764,47.592623,1.606679,10.278319,6.397244,4.63039,11021.825858,70.913503,141.174168,1.1716919272505513,20.52628160000313,232529920,285220864,psapi:GetProcessMemoryInfo,8ad41e8391f64e683e67ac253dc4d1e4302da7706f893763d0d32a689d6b7e9e,46725584,64,141.1741683560117,70.91350304082106,47.59262348426478,60.31990709225694,0.38615061227848385,32.23319399612495,11021.82585782572,hilbert_binary@countywide@w64,d28e78887724,countywide,64,cpp/spatial_core/build/water_distance_hilbert_w64.exe,3,False,3,1,56,2026-07-29T03:33:55.021183+00:00,,,
hilbert_binary,4,267362,8572,1072254,1063159,1189589,original,disk,binary,128,32,25.0,12.5,1189589,9516712,0.908708,18.025044,14832.806819,20.23764,47.592623,1.606679,10.278319,6.397244,4.63039,11021.825858,69.511206,133.036864,1.1379628107584276,20.60876679996727,232497152,285204480,psapi:GetProcessMemoryInfo,8ad41e8391f64e683e67ac253dc4d1e4302da7706f893763d0d32a689d6b7e9e,46725584,128,133.03686387743957,69.51120578092623,47.59262348426478,60.31990709225694,0.2851040910825024,32.23319399612495,11021.82585782572,hilbert_binary@countywide@w128,d28e78887724,countywide,128,cpp/spatial_core/build/water_distance_hilbert_w128.exe,3,False,3,2,57,2026-07-29T03:34:15.661275+00:00,,,
hilbert_binary,4,267362,8572,1072254,1063159,1189589,original,disk,binary,256,32,25.0,12.5,1189589,9516712,0.889908,17.997272,14855.696155,20.23764,47.592623,1.606679,10.278319,6.397244,4.63039,11021.825858,67.145582,98.352634,1.1085579986699086,20.584154799988028,232509440,285208576,psapi:GetProcessMemoryInfo,8ad41e8391f64e683e67ac253dc4d1e4302da7706f893763d0d32a689d6b7e9e,46725584,256,98.35263425617701,67.14558164585843,47.59262348426478,60.31990709225694,0.23136047755477593,32.23319399612495,11021.82585782572,hilbert_binary@countywide@w256,d28e78887724,countywide,256,cpp/spatial_core/build/water_distance_hilbert_w256.exe,3,False,3,3,58,2026-07-29T03:34:36.276019+00:00,,,
hilbert_binary,4,267362,8572,1072254,1063159,1189589,original,disk,binary,512,32,25.0,12.5,1189589,9516712,0.900672,18.352888,14567.843888,20.23764,47.592623,1.606679,10.278319,6.397244,4.63039,11021.825858,65.929904,87.909441,1.0851163047527554,20.95447639998747,232468480,285212672,psapi:GetProcessMemoryInfo,8ad41e8391f64e683e67ac253dc4d1e4302da7706f893763d0d32a689d6b7e9e,46725584,512,87.90944113224766,65.92990402525415,47.59262348426478,60.31990709225694,0.1713332485543944,32.23319399612495,11021.82585782572,hilbert_binary@countywide@w512,d28e78887724,countywide,512,cpp/spatial_core/build/water_distance_hilbert_w512.exe,3,False,3,4,59,2026-07-29T03:34:57.261634+00:00,,,
hilbert_binary,4,267362,8572,1072254,1063159,1189589,original,disk,binary,1024,32,25.0,12.5,1189589,9516712,0.905709,19.176187,13942.396078,20.23764,47.592623,1.606679,10.278319,6.397244,4.63039,11021.825858,65.363791,81.922005,1.0714848157425225,21.7569714000565,232472576,285208576,psapi:GetProcessMemoryInfo,8ad41e8391f64e683e67ac253dc4d1e4302da7706f893763d0d32a689d6b7e9e,46725584,1024,81.92200462294566,65.3637914138883,47.59262348426478,60.31990709225694,0.1427053956807624,27.562416131538136,11021.82585782572,hilbert_binary@countywide@w1024,d28e78887724,countywide,1024,cpp/spatial_core/build/water_distance_hilbert_w1024.exe,3,False,3,5,60,2026-07-29T03:35:19.049571+00:00,,,
hilbert_binary,4,267362,8572,1072254,1063159,1189589,original,disk,binary,2048,32,25.0,12.5,1189589,9516712,0.889213,20.908483,12787.250159,20.23764,47.592623,1.606679,10.278319,6.397244,4.63039,11021.825858,64.662173,77.464161,1.0609392279398582,23.466416599985678,232439808,285200384,psapi:GetProcessMemoryInfo,8ad41e8391f64e683e67ac253dc4d1e4302da7706f893763d0d32a689d6b7e9e,46725584,2048,77.46416095032204,64.66217338290407,47.59262348426478,60.31990709225694,0.11835264547691893,23.4322724546416,11021.82585782572,hilbert_binary@countywide@w2048,d28e78887724,countywide,2048,cpp/spatial_core/build/water_distance_hilbert_w2048.exe,3,False,3,6,61,2026-07-29T03:35:42.546067+00:00,,,
hilbert_rmi,5,267362,8572,1072254,1063159,1189589,original,disk,rmi,8,32,25.0,12.5,1189589,9516712,0.899084,20.233729,13213.678936,0.0,47.592623,1.606679,10.278319,6.397244,4.63039,11021.825858,97.81237,523.042818,2.3084423545694475,22.81428450002568,232497152,285216768,psapi:GetProcessMemoryInfo,86f05df0c4a32fd69fb4a63be3437edbc20466ec5beb3f22d8dae871302421aa,45656136,8,523.0428183511493,97.81237049393705,47.59262348426478,60.31990709225694,0.7914662517485657,8877.224333006976,11021.82585782572,hilbert_rmi@countywide@w8,d28e78887724,countywide,8,cpp/spatial_core/build/water_distance_hilbert_w8.exe,3,False,3,7,62,2026-07-29T03:36:05.390249+00:00,131072.0,4194400.0,5.0
hilbert_rmi,5,267362,8572,1072254,1063159,1189589,original,disk,rmi,16,32,25.0,12.5,1189589,9516712,0.906106,19.911483,13427.528023,0.0,47.592623,1.606679,10.278319,6.397244,4.63039,11021.825858,93.958554,481.209914,1.9849233826174602,22.51263279997511,232468480,285204480,psapi:GetProcessMemoryInfo,86f05df0c4a32fd69fb4a63be3437edbc20466ec5beb3f22d8dae871302421aa,45656136,16,481.20991389950706,93.95855431961161,47.59262348426478,60.31990709225694,0.6895706944143146,2023.760005018199,11021.82585782572,hilbert_rmi@countywide@w16,d28e78887724,countywide,16,cpp/spatial_core/build/water_distance_hilbert_w16.exe,3,False,3,8,63,2026-07-29T03:36:27.933021+00:00,131072.0,4194400.0,5.0
hilbert_rmi,5,267362,8572,1072254,1063159,1189589,original,disk,rmi,32,32,25.0,12.5,1189589,9516712,0.88882,19.536414,13685.316256,0.0,47.592623,1.606679,10.278319,6.397244,4.63039,11021.825858,89.14373,425.239118,1.7367465528732917,22.089947499975096,232370176,285220864,psapi:GetProcessMemoryInfo,86f05df0c4a32fd69fb4a63be3437edbc20466ec5beb3f22d8dae871302421aa,45656136,32,425.23911775046565,89.14373022344238,47.59262348426478,60.31990709225694,0.5767498747017152,622.0004652544069,11021.82585782572,hilbert_rmi@countywide@w32,d28e78887724,countywide,32,cpp/spatial_core/build/water_distance_hilbert_w32.exe,3,False,3,9,64,2026-07-29T03:36:50.052550+00:00,131072.0,4194400.0,5.0
hilbert_rmi,5,267362,8572,1072254,1063159,1189589,original,disk,rmi,64,32,25.0,12.5,1189589,9516712,0.920735,19.053177,14032.410374,0.0,47.592623,1.606679,10.278319,6.397244,4.63039,11021.825858,83.16842,352.515432,1.5388433412534919,21.651151300000492,232333312,285208576,psapi:GetProcessMemoryInfo,86f05df0c4a32fd69fb4a63be3437edbc20466ec5beb3f22d8dae871302421aa,45656136,64,352.51543226038103,83.16841959590369,47.59262348426478,60.31990709225694,0.4600915612540301,517.3435071130551,11021.82585782572,hilbert_rmi@countywide@w64,d28e78887724,countywide,64,cpp/spatial_core/build/water_distance_hilbert_w64.exe,3,False,3,10,65,2026-07-29T03:37:11.732954+00:00,131072.0,4194400.0,5.0
hilbert_rmi,5,267362,8572,1072254,1063159,1189589,original,disk,rmi,128,32,25.0,12.5,1189589,9516712,0.901437,18.682017,14311.195627,0.0,47.592623,1.606679,10.278319,6.397244,4.63039,11021.825858,77.994345,285.395722,1.3716233479402213,21.257146499992814,232566784,285249536,psapi:GetProcessMemoryInfo,86f05df0c4a32fd69fb4a63be3437edbc20466ec5beb3f22d8dae871302421aa,45656136,128,285.39572190513235,77.99434474607462,47.59262348426478,60.31990709225694,0.34191096715314817,101.4538809445732,11021.82585782572,hilbert_rmi@countywide@w128,d28e78887724,countywide,128,cpp/spatial_core/build/water_distance_hilbert_w128.exe,3,False,3,11,66,2026-07-29T03:37:33.019918+00:00,131072.0,4194400.0,5.0
hilbert_rmi,5,267362,8572,1072254,1063159,1189589,original,disk,rmi,256,32,25.0,12.5,1189589,9516712,0.900067,18.416543,14517.490755,0.0,47.592623,1.606679,10.278319,6.397244,4.63039,11021.825858,72.356827,196.291163,1.2434167205239846,20.999205600004643,232456192,285208576,psapi:GetProcessMemoryInfo,86f05df0c4a32fd69fb4a63be3437edbc20466ec5beb3f22d8dae871302421aa,45656136,256,196.29116329171686,72.3568270734061,47.59262348426478,60.31990709225694,0.263193722368923,101.38558794252857,11021.82585782572,hilbert_rmi@countywide@w256,d28e78887724,countywide,256,cpp/spatial_core/build/water_distance_hilbert_w256.exe,3,False,3,12,67,2026-07-29T03:37:54.051309+00:00,131072.0,4194400.0,5.0
hilbert_rmi,5,267362,8572,1072254,1063159,1189589,original,disk,rmi,512,32,25.0,12.5,1189589,9516712,0.897432,18.563942,14402.220864,0.0,47.592623,1.606679,10.278319,6.397244,4.63039,11021.825858,68.800836,150.062529,1.1591483187648373,21.148552200000267,232456192,285204480,psapi:GetProcessMemoryInfo,86f05df0c4a32fd69fb4a63be3437edbc20466ec5beb3f22d8dae871302421aa,45656136,512,150.0625294544475,68.80083557124797,47.59262348426478,60.31990709225694,0.18595761551753803,61.51572638052632,11021.82585782572,hilbert_rmi@countywide@w512,d28e78887724,countywide,512,cpp/spatial_core/build/water_distance_hilbert_w512.exe,3,False,3,13,68,2026-07-29T03:38:15.229665+00:00,131072.0,4194400.0,5.0
hilbert_rmi,5,267362,8572,1072254,1063159,1189589,original,disk,rmi,1024,32,25.0,12.5,1189589,9516712,0.920105,19.231406,13902.363593,0.0,47.592623,1.606679,10.278319,6.397244,4.63039,11021.825858,66.746045,113.145638,1.1064928565938394,21.838414800004102,232464384,285200384,psapi:GetProcessMemoryInfo,86f05df0c4a32fd69fb4a63be3437edbc20466ec5beb3f22d8dae871302421aa,45656136,1024,113.145637749568,66.7460446884748,47.59262348426478,60.31990709225694,0.14846911677800137,61.51572638052632,11021.82585782572,hilbert_rmi@countywide@w1024,d28e78887724,countywide,1024,cpp/spatial_core/build/water_distance_hilbert_w1024.exe,3,False,3,14,69,2026-07-29T03:38:37.097507+00:00,131072.0,4194400.0,5.0
hilbert_rmi,5,267362,8572,1072254,1063159,1189589,original,disk,rmi,2048,32,25.0,12.5,1189589,9516712,0.912921,20.89281,12796.84255,0.0,47.592623,1.606679,10.278319,6.397244,4.63039,11021.825858,65.419865,94.188789,1.0783234430702657,24.026387799996883,232394752,285208576,psapi:GetProcessMemoryInfo,86f05df0c4a32fd69fb4a63be3437edbc20466ec5beb3f22d8dae871302421aa,45656136,2048,94.18878898272754,65.41986520148713,47.59262348426478,60.31990709225694,0.12161788137431646,61.51572638052632,11021.82585782572,hilbert_rmi@countywide@w2048,d28e78887724,countywide,2048,cpp/spatial_core/build/water_distance_hilbert_w2048.exe,3,False,3,15,70,2026-07-29T03:39:01.153811+00:00,131072.0,4194400.0,5.0
hilbert_binary,4,267362,8572,1072254,1063159,1189589,original,disk,binary,8,32,25.0,12.5,1189589,9516712,0.892145,18.12729,14749.143337,20.23764,47.592623,1.606679,10.278319,6.397244,4.63039,11021.825858,74.983988,167.972087,1.2995785295067468,20.698562200006563,232521728,285204480,psapi:GetProcessMemoryInfo,8ad41e8391f64e683e67ac253dc4d1e4302da7706f893763d0d32a689d6b7e9e,46725584,8,167.97208653436167,74.98398800128665,47.59262348426478,60.31990709225694,0.6987978845161242,108.80716516728772,11021.82585782572,hilbert_binary@countywide@w8,d28e78887724,countywide,8,cpp/spatial_core/build/water_distance_hilbert_w8.exe,3,False,3,16,71,2026-07-29T03:39:21.882462+00:00,,,
hilbert_binary,4,267362,8572,1072254,1063159,1189589,original,disk,binary,16,32,25.0,12.5,1189589,9516712,0.902394,18.065938,14799.231898,20.23764,47.592623,1.606679,10.278319,6.397244,4.63039,11021.825858,73.973366,162.071065,1.2595458506267132,20.641762399987783,232538112,285220864,psapi:GetProcessMemoryInfo,8ad41e8391f64e683e67ac253dc4d1e4302da7706f893763d0d32a689d6b7e9e,46725584,16,162.0710646987979,73.97336569894001,47.59262348426478,60.31990709225694,0.6075769929907765,108.80716516728772,11021.82585782572,hilbert_binary@countywide@w16,d28e78887724,countywide,16,cpp/spatial_core/build/water_distance_hilbert_w16.exe,3,False,3,17,72,2026-07-29T03:39:42.554538+00:00,,,
hilbert_binary,4,267362,8572,1072254,1063159,1189589,original,disk,binary,64,32,25.0,12.5,1189589,9516712,0.89961,17.934907,14907.353908,20.23764,47.592623,1.606679,10.278319,6.397244,4.63039,11021.825858,70.913503,141.174168,1.1716919272505513,20.49767010001233,232476672,285212672,psapi:GetProcessMemoryInfo,8ad41e8391f64e683e67ac253dc4d1e4302da7706f893763d0d32a689d6b7e9e,46725584,64,141.1741683560117,70.91350304082106,47.59262348426478,60.31990709225694,0.38615061227848385,32.23319399612495,11021.82585782572,hilbert_binary@countywide@w64,d28e78887724,countywide,64,cpp/spatial_core/build/water_distance_hilbert_w64.exe,4,False,4,0,73,2026-07-29T03:40:03.082413+00:00,,,
hilbert_binary,4,267362,8572,1072254,1063159,1189589,original,disk,binary,128,32,25.0,12.5,1189589,9516712,0.910952,17.927326,14913.657674,20.23764,47.592623,1.606679,10.278319,6.397244,4.63039,11021.825858,69.511206,133.036864,1.1379628107584276,20.52004620002117,232423424,285208576,psapi:GetProcessMemoryInfo,8ad41e8391f64e683e67ac253dc4d1e4302da7706f893763d0d32a689d6b7e9e,46725584,128,133.03686387743957,69.51120578092623,47.59262348426478,60.31990709225694,0.2851040910825024,32.23319399612495,11021.82585782572,hilbert_binary@countywide@w128,d28e78887724,countywide,128,cpp/spatial_core/build/water_distance_hilbert_w128.exe,4,False,4,1,74,2026-07-29T03:40:23.632374+00:00,,,
hilbert_binary,4,267362,8572,1072254,1063159,1189589,original,disk,binary,256,32,25.0,12.5,1189589,9516712,0.911233,17.975645,14873.569127,20.23764,47.592623,1.606679,10.278319,6.397244,4.63039,11021.825858,67.145582,98.352634,1.1085579986699086,20.622779399971478,232542208,285204480,psapi:GetProcessMemoryInfo,8ad41e8391f64e683e67ac253dc4d1e4302da7706f893763d0d32a689d6b7e9e,46725584,256,98.35263425617701,67.14558164585843,47.59262348426478,60.31990709225694,0.23136047755477593,32.23319399612495,11021.82585782572,hilbert_binary@countywide@w256,d28e78887724,countywide,256,cpp/spatial_core/build/water_distance_hilbert_w256.exe,4,False,4,2,75,2026-07-29T03:40:44.285383+00:00,,,
hilbert_binary,4,267362,8572,1072254,1063159,1189589,original,disk,binary,512,32,25.0,12.5,1189589,9516712,0.896687,18.342205,14576.328359,20.23764,47.592623,1.606679,10.278319,6.397244,4.63039,11021.825858,65.929904,87.909441,1.0851163047527554,20.90265379997436,232407040,285220864,psapi:GetProcessMemoryInfo,8ad41e8391f64e683e67ac253dc4d1e4302da7706f893763d0d32a689d6b7e9e,46725584,512,87.90944113224766,65.92990402525415,47.59262348426478,60.31990709225694,0.1713332485543944,32.23319399612495,11021.82585782572,hilbert_binary@countywide@w512,d28e78887724,countywide,512,cpp/spatial_core/build/water_distance_hilbert_w512.exe,4,False,4,3,76,2026-07-29T03:41:05.217994+00:00,,,
hilbert_binary,4,267362,8572,1072254,1063159,1189589,original,disk,binary,1024,32,25.0,12.5,1189589,9516712,0.905198,19.162849,13952.100464,20.23764,47.592623,1.606679,10.278319,6.397244,4.63039,11021.825858,65.363791,81.922005,1.0714848157425225,21.73723109997809,232497152,285200384,psapi:GetProcessMemoryInfo,8ad41e8391f64e683e67ac253dc4d1e4302da7706f893763d0d32a689d6b7e9e,46725584,1024,81.92200462294566,65.3637914138883,47.59262348426478,60.31990709225694,0.1427053956807624,27.562416131538136,11021.82585782572,hilbert_binary@countywide@w1024,d28e78887724,countywide,1024,cpp/spatial_core/build/water_distance_hilbert_w1024.exe,4,False,4,4,77,2026-07-29T03:41:26.986631+00:00,,,
hilbert_binary,4,267362,8572,1072254,1063159,1189589,original,disk,binary,2048,32,25.0,12.5,1189589,9516712,0.909848,20.832969,12833.600557,20.23764,47.592623,1.606679,10.278319,6.397244,4.63039,11021.825858,64.662173,77.464161,1.0609392279398582,23.406370499986224,232468480,285216768,psapi:GetProcessMemoryInfo,8ad41e8391f64e683e67ac253dc4d1e4302da7706f893763d0d32a689d6b7e9e,46725584,2048,77.46416095032204,64.66217338290407,47.59262348426478,60.31990709225694,0.11835264547691893,23.4322724546416,11021.82585782572,hilbert_binary@countywide@w2048,d28e78887724,countywide,2048,cpp/spatial_core/build/water_distance_hilbert_w2048.exe,4,False,4,5,78,2026-07-29T03:41:50.424146+00:00,,,
hilbert_rmi,5,267362,8572,1072254,1063159,1189589,original,disk,rmi,8,32,25.0,12.5,1189589,9516712,0.914811,20.306467,13166.347709,0.0,47.592623,1.606679,10.278319,6.397244,4.63039,11021.825858,97.81237,523.042818,2.3084423545694475,22.901003800041508,232480768,285212672,psapi:GetProcessMemoryInfo,86f05df0c4a32fd69fb4a63be3437edbc20466ec5beb3f22d8dae871302421aa,45656136,8,523.0428183511493,97.81237049393705,47.59262348426478,60.31990709225694,0.7914662517485657,8877.224333006976,11021.82585782572,hilbert_rmi@countywide@w8,d28e78887724,countywide,8,cpp/spatial_core/build/water_distance_hilbert_w8.exe,4,False,4,6,79,2026-07-29T03:42:13.355833+00:00,131072.0,4194400.0,5.0
hilbert_rmi,5,267362,8572,1072254,1063159,1189589,original,disk,rmi,16,32,25.0,12.5,1189589,9516712,0.909526,19.960177,13394.7712,0.0,47.592623,1.606679,10.278319,6.397244,4.63039,11021.825858,93.958554,481.209914,1.9849233826174602,22.570529699965846,232431616,285216768,psapi:GetProcessMemoryInfo,86f05df0c4a32fd69fb4a63be3437edbc20466ec5beb3f22d8dae871302421aa,45656136,16,481.20991389950706,93.95855431961161,47.59262348426478,60.31990709225694,0.6895706944143146,2023.760005018199,11021.82585782572,hilbert_rmi@countywide@w16,d28e78887724,countywide,16,cpp/spatial_core/build/water_distance_hilbert_w16.exe,4,False,4,7,80,2026-07-29T03:42:35.956631+00:00,131072.0,4194400.0,5.0
hilbert_rmi,5,267362,8572,1072254,1063159,1189589,original,disk,rmi,32,32,25.0,12.5,1189589,9516712,0.914212,19.518942,13697.56626,0.0,47.592623,1.606679,10.278319,6.397244,4.63039,11021.825858,89.14373,425.239118,1.7367465528732917,22.10163819999434,232427520,285216768,psapi:GetProcessMemoryInfo,86f05df0c4a32fd69fb4a63be3437edbc20466ec5beb3f22d8dae871302421aa,45656136,32,425.23911775046565,89.14373022344238,47.59262348426478,60.31990709225694,0.5767498747017152,622.0004652544069,11021.82585782572,hilbert_rmi@countywide@w32,d28e78887724,countywide,32,cpp/spatial_core/build/water_distance_hilbert_w32.exe,4,False,4,8,81,2026-07-29T03:42:58.088280+00:00,131072.0,4194400.0,5.0
hilbert_rmi,5,267362,8572,1072254,1063159,1189589,original,disk,rmi,64,32,25.0,12.5,1189589,9516712,0.913602,19.063179,14025.047679,0.0,47.592623,1.606679,10.278319,6.397244,4.63039,11021.825858,83.16842,352.515432,1.5388433412534919,21.826586199982557,232448000,285220864,psapi:GetProcessMemoryInfo,86f05df0c4a32fd69fb4a63be3437edbc20466ec5beb3f22d8dae871302421aa,45656136,64,352.51543226038103,83.16841959590369,47.59262348426478,60.31990709225694,0.4600915612540301,517.3435071130551,11021.82585782572,hilbert_rmi@countywide@w64,d28e78887724,countywide,64,cpp/spatial_core/build/water_distance_hilbert_w64.exe,4,False,4,9,82,2026-07-29T03:43:19.948768+00:00,131072.0,4194400.0,5.0
hilbert_rmi,5,267362,8572,1072254,1063159,1189589,original,disk,rmi,128,32,25.0,12.5,1189589,9516712,0.886375,18.666709,14322.93142,0.0,47.592623,1.606679,10.278319,6.397244,4.63039,11021.825858,77.994345,285.395722,1.3716233479402213,21.235149499960244,232382464,285216768,psapi:GetProcessMemoryInfo,86f05df0c4a32fd69fb4a63be3437edbc20466ec5beb3f22d8dae871302421aa,45656136,128,285.39572190513235,77.99434474607462,47.59262348426478,60.31990709225694,0.34191096715314817,101.4538809445732,11021.82585782572,hilbert_rmi@countywide@w128,d28e78887724,countywide,128,cpp/spatial_core/build/water_distance_hilbert_w128.exe,4,False,4,10,83,2026-07-29T03:43:41.214147+00:00,131072.0,4194400.0,5.0
hilbert_rmi,5,267362,8572,1072254,1063159,1189589,original,disk,rmi,256,32,25.0,12.5,1189589,9516712,0.893606,18.414429,14519.157776,0.0,47.592623,1.606679,10.278319,6.397244,4.63039,11021.825858,72.356827,196.291163,1.2434167205239846,20.985075399978086,232378368,285208576,psapi:GetProcessMemoryInfo,86f05df0c4a32fd69fb4a63be3437edbc20466ec5beb3f22d8dae871302421aa,45656136,256,196.29116329171686,72.3568270734061,47.59262348426478,60.31990709225694,0.263193722368923,101.38558794252857,11021.82585782572,hilbert_rmi@countywide@w256,d28e78887724,countywide,256,cpp/spatial_core/build/water_distance_hilbert_w256.exe,4,False,4,11,84,2026-07-29T03:44:02.228951+00:00,131072.0,4194400.0,5.0
hilbert_rmi,5,267362,8572,1072254,1063159,1189589,original,disk,rmi,512,32,25.0,12.5,1189589,9516712,0.879144,18.427214,14509.084463,0.0,47.592623,1.606679,10.278319,6.397244,4.63039,11021.825858,68.800836,150.062529,1.1591483187648373,21.05140699999174,232361984,285200384,psapi:GetProcessMemoryInfo,86f05df0c4a32fd69fb4a63be3437edbc20466ec5beb3f22d8dae871302421aa,45656136,512,150.0625294544475,68.80083557124797,47.59262348426478,60.31990709225694,0.18595761551753803,61.51572638052632,11021.82585782572,hilbert_rmi@countywide@w512,d28e78887724,countywide,512,cpp/spatial_core/build/water_distance_hilbert_w512.exe,4,False,4,12,85,2026-07-29T03:44:23.310024+00:00,131072.0,4194400.0,5.0
hilbert_rmi,5,267362,8572,1072254,1063159,1189589,original,disk,rmi,1024,32,25.0,12.5,1189589,9516712,0.875897,19.142912,13966.631837,0.0,47.592623,1.606679,10.278319,6.397244,4.63039,11021.825858,66.746045,113.145638,1.1064928565938394,21.702851200010628,232427520,285204480,psapi:GetProcessMemoryInfo,86f05df0c4a32fd69fb4a63be3437edbc20466ec5beb3f22d8dae871302421aa,45656136,1024,113.145637749568,66.7460446884748,47.59262348426478,60.31990709225694,0.14846911677800137,61.51572638052632,11021.82585782572,hilbert_rmi@countywide@w1024,d28e78887724,countywide,1024,cpp/spatial_core/build/water_distance_hilbert_w1024.exe,4,False,4,13,86,2026-07-29T03:44:45.042420+00:00,131072.0,4194400.0,5.0
hilbert_rmi,5,267362,8572,1072254,1063159,1189589,original,disk,rmi,2048,32,25.0,12.5,1189589,9516712,0.884444,20.744894,12888.087064,0.0,47.592623,1.606679,10.278319,6.397244,4.63039,11021.825858,65.419865,94.188789,1.0783234430702657,23.347082799999043,232394752,285208576,psapi:GetProcessMemoryInfo,86f05df0c4a32fd69fb4a63be3437edbc20466ec5beb3f22d8dae871302421aa,45656136,2048,94.18878898272754,65.41986520148713,47.59262348426478,60.31990709225694,0.12161788137431646,61.51572638052632,11021.82585782572,hilbert_rmi@countywide@w2048,d28e78887724,countywide,2048,cpp/spatial_core/build/water_distance_hilbert_w2048.exe,4,False,4,14,87,2026-07-29T03:45:08.418776+00:00,131072.0,4194400.0,5.0
hilbert_binary,4,267362,8572,1072254,1063159,1189589,original,disk,binary,8,32,25.0,12.5,1189589,9516712,0.879433,18.161534,14721.333967,20.23764,47.592623,1.606679,10.278319,6.397244,4.63039,11021.825858,74.983988,167.972087,1.2995785295067468,20.70794759999262,232468480,285204480,psapi:GetProcessMemoryInfo,8ad41e8391f64e683e67ac253dc4d1e4302da7706f893763d0d32a689d6b7e9e,46725584,8,167.97208653436167,74.98398800128665,47.59262348426478,60.31990709225694,0.6987978845161242,108.80716516728772,11021.82585782572,hilbert_binary@countywide@w8,d28e78887724,countywide,8,cpp/spatial_core/build/water_distance_hilbert_w8.exe,4,False,4,15,88,2026-07-29T03:45:29.159501+00:00,,,
hilbert_binary,4,267362,8572,1072254,1063159,1189589,original,disk,binary,16,32,25.0,12.5,1189589,9516712,0.905385,18.116771,14757.706692,20.23764,47.592623,1.606679,10.278319,6.397244,4.63039,11021.825858,73.973366,162.071065,1.2595458506267132,20.702219699975103,232493056,285196288,psapi:GetProcessMemoryInfo,8ad41e8391f64e683e67ac253dc4d1e4302da7706f893763d0d32a689d6b7e9e,46725584,16,162.0710646987979,73.97336569894001,47.59262348426478,60.31990709225694,0.6075769929907765,108.80716516728772,11021.82585782572,hilbert_binary@countywide@w16,d28e78887724,countywide,16,cpp/spatial_core/build/water_distance_hilbert_w16.exe,4,False,4,16,89,2026-07-29T03:45:49.892705+00:00,,,
hilbert_binary,4,267362,8572,1072254,1063159,1189589,original,disk,binary,32,32,25.0,12.5,1189589,9516712,0.900356,18.003459,14850.591068,20.23764,47.592623,1.606679,10.278319,6.397244,4.63039,11021.825858,72.745742,153.844982,1.2149287631756989,20.59923880000133,232472576,285212672,psapi:GetProcessMemoryInfo,8ad41e8391f64e683e67ac253dc4d1e4302da7706f893763d0d32a689d6b7e9e,46725584,32,153.84498171019067,72.74574172844308,47.59262348426478,60.31990709225694,0.4992631712808851,96.38698922438562,11021.82585782572,hilbert_binary@countywide@w32,d28e78887724,countywide,32,cpp/spatial_core/build/water_distance_hilbert_w32.exe,4,False,4,17,90,2026-07-29T03:46:10.521860+00:00,,,
hilbert_binary,4,267362,8572,1072254,1063159,1189589,original,disk,binary,128,32,25.0,12.5,1189589,9516712,0.912187,17.946474,14897.745456,20.23764,47.592623,1.606679,10.278319,6.397244,4.63039,11021.825858,69.511206,133.036864,1.1379628107584276,20.5345198000432,232579072,285212672,psapi:GetProcessMemoryInfo,8ad41e8391f64e683e67ac253dc4d1e4302da7706f893763d0d32a689d6b7e9e,46725584,128,133.03686387743957,69.51120578092623,47.59262348426478,60.31990709225694,0.2851040910825024,32.23319399612495,11021.82585782572,hilbert_binary@countywide@w128,d28e78887724,countywide,128,cpp/spatial_core/build/water_distance_hilbert_w128.exe,5,False,5,0,91,2026-07-29T03:46:31.088087+00:00,,,
hilbert_binary,4,267362,8572,1072254,1063159,1189589,original,disk,binary,256,32,25.0,12.5,1189589,9516712,0.891573,17.94519,14898.811408,20.23764,47.592623,1.606679,10.278319,6.397244,4.63039,11021.825858,67.145582,98.352634,1.1085579986699086,20.527083299995866,232493056,285212672,psapi:GetProcessMemoryInfo,8ad41e8391f64e683e67ac253dc4d1e4302da7706f893763d0d32a689d6b7e9e,46725584,256,98.35263425617701,67.14558164585843,47.59262348426478,60.31990709225694,0.23136047755477593,32.23319399612495,11021.82585782572,hilbert_binary@countywide@w256,d28e78887724,countywide,256,cpp/spatial_core/build/water_distance_hilbert_w256.exe,5,False,5,1,92,2026-07-29T03:46:51.646043+00:00,,,
hilbert_binary,4,267362,8572,1072254,1063159,1189589,original,disk,binary,512,32,25.0,12.5,1189589,9516712,0.907336,18.346621,14572.820021,20.23764,47.592623,1.606679,10.278319,6.397244,4.63039,11021.825858,65.929904,87.909441,1.0851163047527554,20.93259780004155,232460288,285216768,psapi:GetProcessMemoryInfo,8ad41e8391f64e683e67ac253dc4d1e4302da7706f893763d0d32a689d6b7e9e,46725584,512,87.90944113224766,65.92990402525415,47.59262348426478,60.31990709225694,0.1713332485543944,32.23319399612495,11021.82585782572,hilbert_binary@countywide@w512,d28e78887724,countywide,512,cpp/spatial_core/build/water_distance_hilbert_w512.exe,5,False,5,2,93,2026-07-29T03:47:12.610141+00:00,,,
hilbert_binary,4,267362,8572,1072254,1063159,1189589,original,disk,binary,1024,32,25.0,12.5,1189589,9516712,0.902056,19.120686,13982.866441,20.23764,47.592623,1.606679,10.278319,6.397244,4.63039,11021.825858,65.363791,81.922005,1.0714848157425225,21.698473099968396,232550400,285216768,psapi:GetProcessMemoryInfo,8ad41e8391f64e683e67ac253dc4d1e4302da7706f893763d0d32a689d6b7e9e,46725584,1024,81.92200462294566,65.3637914138883,47.59262348426478,60.31990709225694,0.1427053956807624,27.562416131538136,11021.82585782572,hilbert_binary@countywide@w1024,d28e78887724,countywide,1024,cpp/spatial_core/build/water_distance_hilbert_w1024.exe,5,False,5,3,94,2026-07-29T03:47:34.338346+00:00,,,
hilbert_binary,4,267362,8572,1072254,1063159,1189589,original,disk,binary,2048,32,25.0,12.5,1189589,9516712,0.905109,20.863967,12814.533305,20.23764,47.592623,1.606679,10.278319,6.397244,4.63039,11021.825858,64.662173,77.464161,1.0609392279398582,23.44176029996015,232562688,285220864,psapi:GetProcessMemoryInfo,8ad41e8391f64e683e67ac253dc4d1e4302da7706f893763d0d32a689d6b7e9e,46725584,2048,77.46416095032204,64.66217338290407,47.59262348426478,60.31990709225694,0.11835264547691893,23.4322724546416,11021.82585782572,hilbert_binary@countywide@w2048,d28e78887724,countywide,2048,cpp/spatial_core/build/water_distance_hilbert_w2048.exe,5,False,5,4,95,2026-07-29T03:47:57.811065+00:00,,,
hilbert_rmi,5,267362,8572,1072254,1063159,1189589,original,disk,rmi,8,32,25.0,12.5,1189589,9516712,0.901459,20.212497,13227.559037,0.0,47.592623,1.606679,10.278319,6.397244,4.63039,11021.825858,97.81237,523.042818,2.3084423545694475,22.806247400003485,232534016,285208576,psapi:GetProcessMemoryInfo,86f05df0c4a32fd69fb4a63be3437edbc20466ec5beb3f22d8dae871302421aa,45656136,8,523.0428183511493,97.81237049393705,47.59262348426478,60.31990709225694,0.7914662517485657,8877.224333006976,11021.82585782572,hilbert_rmi@countywide@w8,d28e78887724,countywide,8,cpp/spatial_core/build/water_distance_hilbert_w8.exe,5,False,5,5,96,2026-07-29T03:48:20.647517+00:00,131072.0,4194400.0,5.0
hilbert_rmi,5,267362,8572,1072254,1063159,1189589,original,disk,rmi,16,32,25.0,12.5,1189589,9516712,0.889815,19.883015,13446.753625,0.0,47.592623,1.606679,10.278319,6.397244,4.63039,11021.825858,93.958554,481.209914,1.9849233826174602,22.444905000040308,232456192,285220864,psapi:GetProcessMemoryInfo,86f05df0c4a32fd69fb4a63be3437edbc20466ec5beb3f22d8dae871302421aa,45656136,16,481.20991389950706,93.95855431961161,47.59262348426478,60.31990709225694,0.6895706944143146,2023.760005018199,11021.82585782572,hilbert_rmi@countywide@w16,d28e78887724,countywide,16,cpp/spatial_core/build/water_distance_hilbert_w16.exe,5,False,5,6,97,2026-07-29T03:48:43.122019+00:00,131072.0,4194400.0,5.0
hilbert_rmi,5,267362,8572,1072254,1063159,1189589,original,disk,rmi,32,32,25.0,12.5,1189589,9516712,0.887314,19.548062,13677.16145,0.0,47.592623,1.606679,10.278319,6.397244,4.63039,11021.825858,89.14373,425.239118,1.7367465528732917,22.108392599970102,232497152,285200384,psapi:GetProcessMemoryInfo,86f05df0c4a32fd69fb4a63be3437edbc20466ec5beb3f22d8dae871302421aa,45656136,32,425.23911775046565,89.14373022344238,47.59262348426478,60.31990709225694,0.5767498747017152,622.0004652544069,11021.82585782572,hilbert_rmi@countywide@w32,d28e78887724,countywide,32,cpp/spatial_core/build/water_distance_hilbert_w32.exe,5,False,5,7,98,2026-07-29T03:49:05.261191+00:00,131072.0,4194400.0,5.0
hilbert_rmi,5,267362,8572,1072254,1063159,1189589,original,disk,rmi,64,32,25.0,12.5,1189589,9516712,0.918268,19.081145,14011.842801,0.0,47.592623,1.606679,10.278319,6.397244,4.63039,11021.825858,83.16842,352.515432,1.5388433412534919,21.685506899957545,232468480,285212672,psapi:GetProcessMemoryInfo,86f05df0c4a32fd69fb4a63be3437edbc20466ec5beb3f22d8dae871302421aa,45656136,64,352.51543226038103,83.16841959590369,47.59262348426478,60.31990709225694,0.4600915612540301,517.3435071130551,11021.82585782572,hilbert_rmi@countywide@w64,d28e78887724,countywide,64,cpp/spatial_core/build/water_distance_hilbert_w64.exe,5,False,5,8,99,2026-07-29T03:49:26.977441+00:00,131072.0,4194400.0,5.0
hilbert_rmi,5,267362,8572,1072254,1063159,1189589,original,disk,rmi,128,32,25.0,12.5,1189589,9516712,0.913491,18.702905,14295.212275,0.0,47.592623,1.606679,10.278319,6.397244,4.63039,11021.825858,77.994345,285.395722,1.3716233479402213,21.28857129998505,232345600,285261824,psapi:GetProcessMemoryInfo,86f05df0c4a32fd69fb4a63be3437edbc20466ec5beb3f22d8dae871302421aa,45656136,128,285.39572190513235,77.99434474607462,47.59262348426478,60.31990709225694,0.34191096715314817,101.4538809445732,11021.82585782572,hilbert_rmi@countywide@w128,d28e78887724,countywide,128,cpp/spatial_core/build/water_distance_hilbert_w128.exe,5,False,5,9,100,2026-07-29T03:49:48.295645+00:00,131072.0,4194400.0,5.0
hilbert_rmi,5,267362,8572,1072254,1063159,1189589,original,disk,rmi,256,32,25.0,12.5,1189589,9516712,0.8819,18.491005,14459.030293,0.0,47.592623,1.606679,10.278319,6.397244,4.63039,11021.825858,72.356827,196.291163,1.2434167205239846,21.086368300020695,232452096,285204480,psapi:GetProcessMemoryInfo,86f05df0c4a32fd69fb4a63be3437edbc20466ec5beb3f22d8dae871302421aa,45656136,256,196.29116329171686,72.3568270734061,47.59262348426478,60.31990709225694,0.263193722368923,101.38558794252857,11021.82585782572,hilbert_rmi@countywide@w256,d28e78887724,countywide,256,cpp/spatial_core/build/water_distance_hilbert_w256.exe,5,False,5,10,101,2026-07-29T03:50:09.413034+00:00,131072.0,4194400.0,5.0
hilbert_rmi,5,267362,8572,1072254,1063159,1189589,original,disk,rmi,512,32,25.0,12.5,1189589,9516712,0.88484,18.565917,14400.68941,0.0,47.592623,1.606679,10.278319,6.397244,4.63039,11021.825858,68.800836,150.062529,1.1591483187648373,21.14884769998025,232460288,285212672,psapi:GetProcessMemoryInfo,86f05df0c4a32fd69fb4a63be3437edbc20466ec5beb3f22d8dae871302421aa,45656136,512,150.0625294544475,68.80083557124797,47.59262348426478,60.31990709225694,0.18595761551753803,61.51572638052632,11021.82585782572,hilbert_rmi@countywide@w512,d28e78887724,countywide,512,cpp/spatial_core/build/water_distance_hilbert_w512.exe,5,False,5,11,102,2026-07-29T03:50:30.591434+00:00,131072.0,4194400.0,5.0
hilbert_rmi,5,267362,8572,1072254,1063159,1189589,original,disk,rmi,1024,32,25.0,12.5,1189589,9516712,0.884256,19.193721,13929.659601,0.0,47.592623,1.606679,10.278319,6.397244,4.63039,11021.825858,66.746045,113.145638,1.1064928565938394,21.763679899973795,232501248,285208576,psapi:GetProcessMemoryInfo,86f05df0c4a32fd69fb4a63be3437edbc20466ec5beb3f22d8dae871302421aa,45656136,1024,113.145637749568,66.7460446884748,47.59262348426478,60.31990709225694,0.14846911677800137,61.51572638052632,11021.82585782572,hilbert_rmi@countywide@w1024,d28e78887724,countywide,1024,cpp/spatial_core/build/water_distance_hilbert_w1024.exe,5,False,5,12,103,2026-07-29T03:50:52.384614+00:00,131072.0,4194400.0,5.0
hilbert_rmi,5,267362,8572,1072254,1063159,1189589,original,disk,rmi,2048,32,25.0,12.5,1189589,9516712,0.886042,20.868293,12811.876851,0.0,47.592623,1.606679,10.278319,6.397244,4.63039,11021.825858,65.419865,94.188789,1.0783234430702657,23.445002399967052,232378368,285208576,psapi:GetProcessMemoryInfo,86f05df0c4a32fd69fb4a63be3437edbc20466ec5beb3f22d8dae871302421aa,45656136,2048,94.18878898272754,65.41986520148713,47.59262348426478,60.31990709225694,0.12161788137431646,61.51572638052632,11021.82585782572,hilbert_rmi@countywide@w2048,d28e78887724,countywide,2048,cpp/spatial_core/build/water_distance_hilbert_w2048.exe,5,False,5,13,104,2026-07-29T03:51:15.858772+00:00,131072.0,4194400.0,5.0
hilbert_binary,4,267362,8572,1072254,1063159,1189589,original,disk,binary,8,32,25.0,12.5,1189589,9516712,0.90988,18.079598,14788.050126,20.23764,47.592623,1.606679,10.278319,6.397244,4.63039,11021.825858,74.983988,167.972087,1.2995785295067468,20.649006800027564,232431616,285216768,psapi:GetProcessMemoryInfo,8ad41e8391f64e683e67ac253dc4d1e4302da7706f893763d0d32a689d6b7e9e,46725584,8,167.97208653436167,74.98398800128665,47.59262348426478,60.31990709225694,0.6987978845161242,108.80716516728772,11021.82585782572,hilbert_binary@countywide@w8,d28e78887724,countywide,8,cpp/spatial_core/build/water_distance_hilbert_w8.exe,5,False,5,14,105,2026-07-29T03:51:36.539347+00:00,,,
hilbert_binary,4,267362,8572,1072254,1063159,1189589,original,disk,binary,16,32,25.0,12.5,1189589,9516712,0.891807,18.095088,14775.390816,20.23764,47.592623,1.606679,10.278319,6.397244,4.63039,11021.825858,73.973366,162.071065,1.2595458506267132,20.646913599979598,232525824,285208576,psapi:GetProcessMemoryInfo,8ad41e8391f64e683e67ac253dc4d1e4302da7706f893763d0d32a689d6b7e9e,46725584,16,162.0710646987979,73.97336569894001,47.59262348426478,60.31990709225694,0.6075769929907765,108.80716516728772,11021.82585782572,hilbert_binary@countywide@w16,d28e78887724,countywide,16,cpp/spatial_core/build/water_distance_hilbert_w16.exe,5,False,5,15,106,2026-07-29T03:51:57.216956+00:00,,,
hilbert_binary,4,267362,8572,1072254,1063159,1189589,original,disk,binary,32,32,25.0,12.5,1189589,9516712,0.926923,17.990047,14861.662366,20.23764,47.592623,1.606679,10.278319,6.397244,4.63039,11021.825858,72.745742,153.844982,1.2149287631756989,20.64176490000682,232517632,285212672,psapi:GetProcessMemoryInfo,8ad41e8391f64e683e67ac253dc4d1e4302da7706f893763d0d32a689d6b7e9e,46725584,32,153.84498171019067,72.74574172844308,47.59262348426478,60.31990709225694,0.4992631712808851,96.38698922438562,11021.82585782572,hilbert_binary@countywide@w32,d28e78887724,countywide,32,cpp/spatial_core/build/water_distance_hilbert_w32.exe,5,False,5,16,107,2026-07-29T03:52:17.894524+00:00,,,
hilbert_binary,4,267362,8572,1072254,1063159,1189589,original,disk,binary,64,32,25.0,12.5,1189589,9516712,0.917134,17.878422,14954.45188,20.23764,47.592623,1.606679,10.278319,6.397244,4.63039,11021.825858,70.913503,141.174168,1.1716919272505513,20.49886150000384,232443904,285212672,psapi:GetProcessMemoryInfo,8ad41e8391f64e683e67ac253dc4d1e4302da7706f893763d0d32a689d6b7e9e,46725584,64,141.1741683560117,70.91350304082106,47.59262348426478,60.31990709225694,0.38615061227848385,32.23319399612495,11021.82585782572,hilbert_binary@countywide@w64,d28e78887724,countywide,64,cpp/spatial_core/build/water_distance_hilbert_w64.exe,5,False,5,17,108,2026-07-29T03:52:38.424211+00:00,,,
hilbert_binary,4,267362,8572,1072254,1063159,1189589,original,disk,binary,256,32,25.0,12.5,1189589,9516712,0.901397,17.958569,14887.711987,20.23764,47.592623,1.606679,10.278319,6.397244,4.63039,11021.825858,67.145582,98.352634,1.1085579986699086,20.534978799987584,232501248,285220864,psapi:GetProcessMemoryInfo,8ad41e8391f64e683e67ac253dc4d1e4302da7706f893763d0d32a689d6b7e9e,46725584,256,98.35263425617701,67.14558164585843,47.59262348426478,60.31990709225694,0.23136047755477593,32.23319399612495,11021.82585782572,hilbert_binary@countywide@w256,d28e78887724,countywide,256,cpp/spatial_core/build/water_distance_hilbert_w256.exe,6,False,6,0,109,2026-07-29T03:52:58.990515+00:00,,,
hilbert_binary,4,267362,8572,1072254,1063159,1189589,original,disk,binary,512,32,25.0,12.5,1189589,9516712,0.916535,18.253543,14647.129214,20.23764,47.592623,1.606679,10.278319,6.397244,4.63039,11021.825858,65.929904,87.909441,1.0851163047527554,20.843341800034977,232456192,285216768,psapi:GetProcessMemoryInfo,8ad41e8391f64e683e67ac253dc4d1e4302da7706f893763d0d32a689d6b7e9e,46725584,512,87.90944113224766,65.92990402525415,47.59262348426478,60.31990709225694,0.1713332485543944,32.23319399612495,11021.82585782572,hilbert_binary@countywide@w512,d28e78887724,countywide,512,cpp/spatial_core/build/water_distance_hilbert_w512.exe,6,False,6,1,110,2026-07-29T03:53:19.864299+00:00,,,
hilbert_binary,4,267362,8572,1072254,1063159,1189589,original,disk,binary,1024,32,25.0,12.5,1189589,9516712,0.900074,19.163135,13951.892309,20.23764,47.592623,1.606679,10.278319,6.397244,4.63039,11021.825858,65.363791,81.922005,1.0714848157425225,21.728627300006337,232472576,285216768,psapi:GetProcessMemoryInfo,8ad41e8391f64e683e67ac253dc4d1e4302da7706f893763d0d32a689d6b7e9e,46725584,1024,81.92200462294566,65.3637914138883,47.59262348426478,60.31990709225694,0.1427053956807624,27.562416131538136,11021.82585782572,hilbert_binary@countywide@w1024,d28e78887724,countywide,1024,cpp/spatial_core/build/water_distance_hilbert_w1024.exe,6,False,6,2,111,2026-07-29T03:53:41.623447+00:00,,,
hilbert_binary,4,267362,8572,1072254,1063159,1189589,original,disk,binary,2048,32,25.0,12.5,1189589,9516712,0.885602,20.867967,12812.077182,20.23764,47.592623,1.606679,10.278319,6.397244,4.63039,11021.825858,64.662173,77.464161,1.0609392279398582,23.452100099995732,232448000,285224960,psapi:GetProcessMemoryInfo,8ad41e8391f64e683e67ac253dc4d1e4302da7706f893763d0d32a689d6b7e9e,46725584,2048,77.46416095032204,64.66217338290407,47.59262348426478,60.31990709225694,0.11835264547691893,23.4322724546416,11021.82585782572,hilbert_binary@countywide@w2048,d28e78887724,countywide,2048,cpp/spatial_core/build/water_distance_hilbert_w2048.exe,6,False,6,3,112,2026-07-29T03:54:05.105962+00:00,,,
hilbert_rmi,5,267362,8572,1072254,1063159,1189589,original,disk,rmi,8,32,25.0,12.5,1189589,9516712,0.885078,20.230437,13215.829264,0.0,47.592623,1.606679,10.278319,6.397244,4.63039,11021.825858,97.81237,523.042818,2.3084423545694475,22.78306220000377,232464384,285220864,psapi:GetProcessMemoryInfo,86f05df0c4a32fd69fb4a63be3437edbc20466ec5beb3f22d8dae871302421aa,45656136,8,523.0428183511493,97.81237049393705,47.59262348426478,60.31990709225694,0.7914662517485657,8877.224333006976,11021.82585782572,hilbert_rmi@countywide@w8,d28e78887724,countywide,8,cpp/spatial_core/build/water_distance_hilbert_w8.exe,6,False,6,4,113,2026-07-29T03:54:27.920580+00:00,131072.0,4194400.0,5.0
hilbert_rmi,5,267362,8572,1072254,1063159,1189589,original,disk,rmi,16,32,25.0,12.5,1189589,9516712,0.886011,19.876646,13451.062048,0.0,47.592623,1.606679,10.278319,6.397244,4.63039,11021.825858,93.958554,481.209914,1.9849233826174602,22.435196599981282,232452096,285196288,psapi:GetProcessMemoryInfo,86f05df0c4a32fd69fb4a63be3437edbc20466ec5beb3f22d8dae871302421aa,45656136,16,481.20991389950706,93.95855431961161,47.59262348426478,60.31990709225694,0.6895706944143146,2023.760005018199,11021.82585782572,hilbert_rmi@countywide@w16,d28e78887724,countywide,16,cpp/spatial_core/build/water_distance_hilbert_w16.exe,6,False,6,5,114,2026-07-29T03:54:50.385457+00:00,131072.0,4194400.0,5.0
hilbert_rmi,5,267362,8572,1072254,1063159,1189589,original,disk,rmi,32,32,25.0,12.5,1189589,9516712,0.889171,19.571883,13660.515003,0.0,47.592623,1.606679,10.278319,6.397244,4.63039,11021.825858,89.14373,425.239118,1.7367465528732917,22.139328200020827,232493056,285212672,psapi:GetProcessMemoryInfo,86f05df0c4a32fd69fb4a63be3437edbc20466ec5beb3f22d8dae871302421aa,45656136,32,425.23911775046565,89.14373022344238,47.59262348426478,60.31990709225694,0.5767498747017152,622.0004652544069,11021.82585782572,hilbert_rmi@countywide@w32,d28e78887724,countywide,32,cpp/spatial_core/build/water_distance_hilbert_w32.exe,6,False,6,6,115,2026-07-29T03:55:12.554996+00:00,131072.0,4194400.0,5.0
hilbert_rmi,5,267362,8572,1072254,1063159,1189589,original,disk,rmi,64,32,25.0,12.5,1189589,9516712,0.89089,19.082117,14011.128776,0.0,47.592623,1.606679,10.278319,6.397244,4.63039,11021.825858,83.16842,352.515432,1.5388433412534919,21.637069800053723,232493056,285224960,psapi:GetProcessMemoryInfo,86f05df0c4a32fd69fb4a63be3437edbc20466ec5beb3f22d8dae871302421aa,45656136,64,352.51543226038103,83.16841959590369,47.59262348426478,60.31990709225694,0.4600915612540301,517.3435071130551,11021.82585782572,hilbert_rmi@countywide@w64,d28e78887724,countywide,64,cpp/spatial_core/build/water_distance_hilbert_w64.exe,6,False,6,7,116,2026-07-29T03:55:34.221665+00:00,131072.0,4194400.0,5.0
hilbert_rmi,5,267362,8572,1072254,1063159,1189589,original,disk,rmi,128,32,25.0,12.5,1189589,9516712,0.896781,18.699096,14298.124206,0.0,47.592623,1.606679,10.278319,6.397244,4.63039,11021.825858,77.994345,285.395722,1.3716233479402213,21.26937190000899,232398848,285204480,psapi:GetProcessMemoryInfo,86f05df0c4a32fd69fb4a63be3437edbc20466ec5beb3f22d8dae871302421aa,45656136,128,285.39572190513235,77.99434474607462,47.59262348426478,60.31990709225694,0.34191096715314817,101.4538809445732,11021.82585782572,hilbert_rmi@countywide@w128,d28e78887724,countywide,128,cpp/spatial_core/build/water_distance_hilbert_w128.exe,6,False,6,8,117,2026-07-29T03:55:55.520768+00:00,131072.0,4194400.0,5.0
hilbert_rmi,5,267362,8572,1072254,1063159,1189589,original,disk,rmi,256,32,25.0,12.5,1189589,9516712,0.907939,18.425387,14510.522821,0.0,47.592623,1.606679,10.278319,6.397244,4.63039,11021.825858,72.356827,196.291163,1.2434167205239846,21.018404999980703,232493056,285212672,psapi:GetProcessMemoryInfo,86f05df0c4a32fd69fb4a63be3437edbc20466ec5beb3f22d8dae871302421aa,45656136,256,196.29116329171686,72.3568270734061,47.59262348426478,60.31990709225694,0.263193722368923,101.38558794252857,11021.82585782572,hilbert_rmi@countywide@w256,d28e78887724,countywide,256,cpp/spatial_core/build/water_distance_hilbert_w256.exe,6,False,6,9,118,2026-07-29T03:56:16.571348+00:00,131072.0,4194400.0,5.0
hilbert_rmi,5,267362,8572,1072254,1063159,1189589,original,disk,rmi,512,32,25.0,12.5,1189589,9516712,0.905721,18.526039,14431.686894,0.0,47.592623,1.606679,10.278319,6.397244,4.63039,11021.825858,68.800836,150.062529,1.1591483187648373,21.095206899975892,232394752,285224960,psapi:GetProcessMemoryInfo,86f05df0c4a32fd69fb4a63be3437edbc20466ec5beb3f22d8dae871302421aa,45656136,512,150.0625294544475,68.80083557124797,47.59262348426478,60.31990709225694,0.18595761551753803,61.51572638052632,11021.82585782572,hilbert_rmi@countywide@w512,d28e78887724,countywide,512,cpp/spatial_core/build/water_distance_hilbert_w512.exe,6,False,6,10,119,2026-07-29T03:56:37.696630+00:00,131072.0,4194400.0,5.0
hilbert_rmi,5,267362,8572,1072254,1063159,1189589,original,disk,rmi,1024,32,25.0,12.5,1189589,9516712,0.891405,19.231539,13902.267375,0.0,47.592623,1.606679,10.278319,6.397244,4.63039,11021.825858,66.746045,113.145638,1.1064928565938394,21.79055320000043,232427520,285208576,psapi:GetProcessMemoryInfo,86f05df0c4a32fd69fb4a63be3437edbc20466ec5beb3f22d8dae871302421aa,45656136,1024,113.145637749568,66.7460446884748,47.59262348426478,60.31990709225694,0.14846911677800137,61.51572638052632,11021.82585782572,hilbert_rmi@countywide@w1024,d28e78887724,countywide,1024,cpp/spatial_core/build/water_distance_hilbert_w1024.exe,6,False,6,11,120,2026-07-29T03:56:59.516877+00:00,131072.0,4194400.0,5.0
hilbert_rmi,5,267362,8572,1072254,1063159,1189589,original,disk,rmi,2048,32,25.0,12.5,1189589,9516712,0.920866,21.139798,12647.329752,0.0,47.592623,1.606679,10.278319,6.397244,4.63039,11021.825858,65.419865,94.188789,1.0783234430702657,23.74912689998746,232517632,285220864,psapi:GetProcessMemoryInfo,86f05df0c4a32fd69fb4a63be3437edbc20466ec5beb3f22d8dae871302421aa,45656136,2048,94.18878898272754,65.41986520148713,47.59262348426478,60.31990709225694,0.12161788137431646,61.51572638052632,11021.82585782572,hilbert_rmi@countywide@w2048,d28e78887724,countywide,2048,cpp/spatial_core/build/water_distance_hilbert_w2048.exe,6,False,6,12,121,2026-07-29T03:57:23.297805+00:00,131072.0,4194400.0,5.0
hilbert_binary,4,267362,8572,1072254,1063159,1189589,original,disk,binary,8,32,25.0,12.5,1189589,9516712,0.897807,19.59208,13646.43271,20.23764,47.592623,1.606679,10.278319,6.397244,4.63039,11021.825858,74.983988,167.972087,1.2995785295067468,22.190235399990343,232419328,285204480,psapi:GetProcessMemoryInfo,8ad41e8391f64e683e67ac253dc4d1e4302da7706f893763d0d32a689d6b7e9e,46725584,8,167.97208653436167,74.98398800128665,47.59262348426478,60.31990709225694,0.6987978845161242,108.80716516728772,11021.82585782572,hilbert_binary@countywide@w8,d28e78887724,countywide,8,cpp/spatial_core/build/water_distance_hilbert_w8.exe,6,False,6,13,122,2026-07-29T03:57:45.519237+00:00,,,
hilbert_binary,4,267362,8572,1072254,1063159,1189589,original,disk,binary,16,32,25.0,12.5,1189589,9516712,0.912647,20.623582,12963.897537,20.23764,47.592623,1.606679,10.278319,6.397244,4.63039,11021.825858,73.973366,162.071065,1.2595458506267132,23.206701299990527,232431616,285200384,psapi:GetProcessMemoryInfo,8ad41e8391f64e683e67ac253dc4d1e4302da7706f893763d0d32a689d6b7e9e,46725584,16,162.0710646987979,73.97336569894001,47.59262348426478,60.31990709225694,0.6075769929907765,108.80716516728772,11021.82585782572,hilbert_binary@countywide@w16,d28e78887724,countywide,16,cpp/spatial_core/build/water_distance_hilbert_w16.exe,6,False,6,14,123,2026-07-29T03:58:08.758847+00:00,,,
hilbert_binary,4,267362,8572,1072254,1063159,1189589,original,disk,binary,32,32,25.0,12.5,1189589,9516712,0.944447,20.209631,13229.435212,20.23764,47.592623,1.606679,10.278319,6.397244,4.63039,11021.825858,72.745742,153.844982,1.2149287631756989,22.94990919996053,232488960,285212672,psapi:GetProcessMemoryInfo,8ad41e8391f64e683e67ac253dc4d1e4302da7706f893763d0d32a689d6b7e9e,46725584,32,153.84498171019067,72.74574172844308,47.59262348426478,60.31990709225694,0.4992631712808851,96.38698922438562,11021.82585782572,hilbert_binary@countywide@w32,d28e78887724,countywide,32,cpp/spatial_core/build/water_distance_hilbert_w32.exe,6,False,6,15,124,2026-07-29T03:58:31.741597+00:00,,,
hilbert_binary,4,267362,8572,1072254,1063159,1189589,original,disk,binary,64,32,25.0,12.5,1189589,9516712,0.90466,19.787834,13511.432997,20.23764,47.592623,1.606679,10.278319,6.397244,4.63039,11021.825858,70.913503,141.174168,1.1716919272505513,22.537874199973885,232685568,285233152,psapi:GetProcessMemoryInfo,8ad41e8391f64e683e67ac253dc4d1e4302da7706f893763d0d32a689d6b7e9e,46725584,64,141.1741683560117,70.91350304082106,47.59262348426478,60.31990709225694,0.38615061227848385,32.23319399612495,11021.82585782572,hilbert_binary@countywide@w64,d28e78887724,countywide,64,cpp/spatial_core/build/water_distance_hilbert_w64.exe,6,False,6,16,125,2026-07-29T03:58:54.312015+00:00,,,
hilbert_binary,4,267362,8572,1072254,1063159,1189589,original,disk,binary,128,32,25.0,12.5,1189589,9516712,0.925905,18.810173,14213.691482,20.23764,47.592623,1.606679,10.278319,6.397244,4.63039,11021.825858,69.511206,133.036864,1.1379628107584276,21.449237999971956,232484864,285220864,psapi:GetProcessMemoryInfo,8ad41e8391f64e683e67ac253dc4d1e4302da7706f893763d0d32a689d6b7e9e,46725584,128,133.03686387743957,69.51120578092623,47.59262348426478,60.31990709225694,0.2851040910825024,32.23319399612495,11021.82585782572,hilbert_binary@countywide@w128,d28e78887724,countywide,128,cpp/spatial_core/build/water_distance_hilbert_w128.exe,6,False,6,17,126,2026-07-29T03:59:15.793163+00:00,,,
hilbert_binary,4,267362,8572,1072254,1063159,1189589,original,disk,binary,512,32,25.0,12.5,1189589,9516712,0.923429,19.614106,13631.107934,20.23764,47.592623,1.606679,10.278319,6.397244,4.63039,11021.825858,65.929904,87.909441,1.0851163047527554,22.273453900008462,232505344,285220864,psapi:GetProcessMemoryInfo,8ad41e8391f64e683e67ac253dc4d1e4302da7706f893763d0d32a689d6b7e9e,46725584,512,87.90944113224766,65.92990402525415,47.59262348426478,60.31990709225694,0.1713332485543944,32.23319399612495,11021.82585782572,hilbert_binary@countywide@w512,d28e78887724,countywide,512,cpp/spatial_core/build/water_distance_hilbert_w512.exe,7,False,7,0,127,2026-07-29T03:59:38.097914+00:00,,,
hilbert_binary,4,267362,8572,1072254,1063159,1189589,original,disk,binary,1024,32,25.0,12.5,1189589,9516712,0.920513,20.580506,12991.031226,20.23764,47.592623,1.606679,10.278319,6.397244,4.63039,11021.825858,65.363791,81.922005,1.0714848157425225,23.197957399999723,232562688,285200384,psapi:GetProcessMemoryInfo,8ad41e8391f64e683e67ac253dc4d1e4302da7706f893763d0d32a689d6b7e9e,46725584,1024,81.92200462294566,65.3637914138883,47.59262348426478,60.31990709225694,0.1427053956807624,27.562416131538136,11021.82585782572,hilbert_binary@countywide@w1024,d28e78887724,countywide,1024,cpp/spatial_core/build/water_distance_hilbert_w1024.exe,7,False,7,1,128,2026-07-29T04:00:01.326440+00:00,,,
hilbert_binary,4,267362,8572,1072254,1063159,1189589,original,disk,binary,2048,32,25.0,12.5,1189589,9516712,0.948597,22.242252,12020.455699,20.23764,47.592623,1.606679,10.278319,6.397244,4.63039,11021.825858,64.662173,77.464161,1.0609392279398582,24.978083900001366,232472576,285220864,psapi:GetProcessMemoryInfo,8ad41e8391f64e683e67ac253dc4d1e4302da7706f893763d0d32a689d6b7e9e,46725584,2048,77.46416095032204,64.66217338290407,47.59262348426478,60.31990709225694,0.11835264547691893,23.4322724546416,11021.82585782572,hilbert_binary@countywide@w2048,d28e78887724,countywide,2048,cpp/spatial_core/build/water_distance_hilbert_w2048.exe,7,False,7,2,129,2026-07-29T04:00:26.337829+00:00,,,
hilbert_rmi,5,267362,8572,1072254,1063159,1189589,original,disk,rmi,8,32,25.0,12.5,1189589,9516712,0.94357,21.508261,12430.665478,0.0,47.592623,1.606679,10.278319,6.397244,4.63039,11021.825858,97.81237,523.042818,2.3084423545694475,24.23339319997467,232591360,285216768,psapi:GetProcessMemoryInfo,86f05df0c4a32fd69fb4a63be3437edbc20466ec5beb3f22d8dae871302421aa,45656136,8,523.0428183511493,97.81237049393705,47.59262348426478,60.31990709225694,0.7914662517485657,8877.224333006976,11021.82585782572,hilbert_rmi@countywide@w8,d28e78887724,countywide,8,cpp/spatial_core/build/water_distance_hilbert_w8.exe,7,False,7,3,130,2026-07-29T04:00:50.602690+00:00,131072.0,4194400.0,5.0
hilbert_rmi,5,267362,8572,1072254,1063159,1189589,original,disk,rmi,16,32,25.0,12.5,1189589,9516712,0.919539,21.153461,12639.161034,0.0,47.592623,1.606679,10.278319,6.397244,4.63039,11021.825858,93.958554,481.209914,1.9849233826174602,23.78417910001008,232394752,285204480,psapi:GetProcessMemoryInfo,86f05df0c4a32fd69fb4a63be3437edbc20466ec5beb3f22d8dae871302421aa,45656136,16,481.20991389950706,93.95855431961161,47.59262348426478,60.31990709225694,0.6895706944143146,2023.760005018199,11021.82585782572,hilbert_rmi@countywide@w16,d28e78887724,countywide,16,cpp/spatial_core/build/water_distance_hilbert_w16.exe,7,False,7,4,131,2026-07-29T04:01:14.418014+00:00,131072.0,4194400.0,5.0
hilbert_rmi,5,267362,8572,1072254,1063159,1189589,original,disk,rmi,32,32,25.0,12.5,1189589,9516712,0.938768,20.650728,12946.856168,0.0,47.592623,1.606679,10.278319,6.397244,4.63039,11021.825858,89.14373,425.239118,1.7367465528732917,23.343675300013274,232316928,285220864,psapi:GetProcessMemoryInfo,86f05df0c4a32fd69fb4a63be3437edbc20466ec5beb3f22d8dae871302421aa,45656136,32,425.23911775046565,89.14373022344238,47.59262348426478,60.31990709225694,0.5767498747017152,622.0004652544069,11021.82585782572,hilbert_rmi@countywide@w32,d28e78887724,countywide,32,cpp/spatial_core/build/water_distance_hilbert_w32.exe,7,False,7,5,132,2026-07-29T04:01:37.793222+00:00,131072.0,4194400.0,5.0
hilbert_rmi,5,267362,8572,1072254,1063159,1189589,original,disk,rmi,64,32,25.0,12.5,1189589,9516712,0.914465,20.525961,13025.553664,0.0,47.592623,1.606679,10.278319,6.397244,4.63039,11021.825858,83.16842,352.515432,1.5388433412534919,23.147159199987072,232333312,285208576,psapi:GetProcessMemoryInfo,86f05df0c4a32fd69fb4a63be3437edbc20466ec5beb3f22d8dae871302421aa,45656136,64,352.51543226038103,83.16841959590369,47.59262348426478,60.31990709225694,0.4600915612540301,517.3435071130551,11021.82585782572,hilbert_rmi@countywide@w64,d28e78887724,countywide,64,cpp/spatial_core/build/water_distance_hilbert_w64.exe,7,False,7,6,133,2026-07-29T04:02:00.971325+00:00,131072.0,4194400.0,5.0
hilbert_rmi,5,267362,8572,1072254,1063159,1189589,original,disk,rmi,128,32,25.0,12.5,1189589,9516712,0.936742,19.643224,13610.902231,0.0,47.592623,1.606679,10.278319,6.397244,4.63039,11021.825858,77.994345,285.395722,1.3716233479402213,22.2766787999426,232464384,285200384,psapi:GetProcessMemoryInfo,86f05df0c4a32fd69fb4a63be3437edbc20466ec5beb3f22d8dae871302421aa,45656136,128,285.39572190513235,77.99434474607462,47.59262348426478,60.31990709225694,0.34191096715314817,101.4538809445732,11021.82585782572,hilbert_rmi@countywide@w128,d28e78887724,countywide,128,cpp/spatial_core/build/water_distance_hilbert_w128.exe,7,False,7,7,134,2026-07-29T04:02:23.279542+00:00,131072.0,4194400.0,5.0
hilbert_rmi,5,267362,8572,1072254,1063159,1189589,original,disk,rmi,256,32,25.0,12.5,1189589,9516712,0.901372,19.511618,13702.707722,0.0,47.592623,1.606679,10.278319,6.397244,4.63039,11021.825858,72.356827,196.291163,1.2434167205239846,22.129316900041886,232443904,285208576,psapi:GetProcessMemoryInfo,86f05df0c4a32fd69fb4a63be3437edbc20466ec5beb3f22d8dae871302421aa,45656136,256,196.29116329171686,72.3568270734061,47.59262348426478,60.31990709225694,0.263193722368923,101.38558794252857,11021.82585782572,hilbert_rmi@countywide@w256,d28e78887724,countywide,256,cpp/spatial_core/build/water_distance_hilbert_w256.exe,7,False,7,8,135,2026-07-29T04:02:45.439089+00:00,131072.0,4194400.0,5.0
hilbert_rmi,5,267362,8572,1072254,1063159,1189589,original,disk,rmi,512,32,25.0,12.5,1189589,9516712,0.926548,19.947399,13403.351686,0.0,47.592623,1.606679,10.278319,6.397244,4.63039,11021.825858,68.800836,150.062529,1.1591483187648373,22.578890100005083,232456192,285216768,psapi:GetProcessMemoryInfo,86f05df0c4a32fd69fb4a63be3437edbc20466ec5beb3f22d8dae871302421aa,45656136,512,150.0625294544475,68.80083557124797,47.59262348426478,60.31990709225694,0.18595761551753803,61.51572638052632,11021.82585782572,hilbert_rmi@countywide@w512,d28e78887724,countywide,512,cpp/spatial_core/build/water_distance_hilbert_w512.exe,7,False,7,9,136,2026-07-29T04:03:08.048863+00:00,131072.0,4194400.0,5.0
hilbert_rmi,5,267362,8572,1072254,1063159,1189589,original,disk,rmi,1024,32,25.0,12.5,1189589,9516712,0.940235,20.545036,13013.45967,0.0,47.592623,1.606679,10.278319,6.397244,4.63039,11021.825858,66.746045,113.145638,1.1064928565938394,23.193614699994214,232464384,285196288,psapi:GetProcessMemoryInfo,86f05df0c4a32fd69fb4a63be3437edbc20466ec5beb3f22d8dae871302421aa,45656136,1024,113.145637749568,66.7460446884748,47.59262348426478,60.31990709225694,0.14846911677800137,61.51572638052632,11021.82585782572,hilbert_rmi@countywide@w1024,d28e78887724,countywide,1024,cpp/spatial_core/build/water_distance_hilbert_w1024.exe,7,False,7,10,137,2026-07-29T04:03:31.273324+00:00,131072.0,4194400.0,5.0
hilbert_rmi,5,267362,8572,1072254,1063159,1189589,original,disk,rmi,2048,32,25.0,12.5,1189589,9516712,0.906053,22.139588,12076.19609,0.0,47.592623,1.606679,10.278319,6.397244,4.63039,11021.825858,65.419865,94.188789,1.0783234430702657,24.74935399997048,232497152,285200384,psapi:GetProcessMemoryInfo,86f05df0c4a32fd69fb4a63be3437edbc20466ec5beb3f22d8dae871302421aa,45656136,2048,94.18878898272754,65.41986520148713,47.59262348426478,60.31990709225694,0.12161788137431646,61.51572638052632,11021.82585782572,hilbert_rmi@countywide@w2048,d28e78887724,countywide,2048,cpp/spatial_core/build/water_distance_hilbert_w2048.exe,7,False,7,11,138,2026-07-29T04:03:56.053781+00:00,131072.0,4194400.0,5.0
hilbert_binary,4,267362,8572,1072254,1063159,1189589,original,disk,binary,8,32,25.0,12.5,1189589,9516712,0.893238,19.09133,14004.367648,20.23764,47.592623,1.606679,10.278319,6.397244,4.63039,11021.825858,74.983988,167.972087,1.2995785295067468,21.691680099989753,232488960,285220864,psapi:GetProcessMemoryInfo,8ad41e8391f64e683e67ac253dc4d1e4302da7706f893763d0d32a689d6b7e9e,46725584,8,167.97208653436167,74.98398800128665,47.59262348426478,60.31990709225694,0.6987978845161242,108.80716516728772,11021.82585782572,hilbert_binary@countywide@w8,d28e78887724,countywide,8,cpp/spatial_core/build/water_distance_hilbert_w8.exe,7,False,7,12,139,2026-07-29T04:04:17.779099+00:00,,,
hilbert_binary,4,267362,8572,1072254,1063159,1189589,original,disk,binary,16,32,25.0,12.5,1189589,9516712,0.893351,19.196097,13927.935165,20.23764,47.592623,1.606679,10.278319,6.397244,4.63039,11021.825858,73.973366,162.071065,1.2595458506267132,21.77023210003972,232525824,285216768,psapi:GetProcessMemoryInfo,8ad41e8391f64e683e67ac253dc4d1e4302da7706f893763d0d32a689d6b7e9e,46725584,16,162.0710646987979,73.97336569894001,47.59262348426478,60.31990709225694,0.6075769929907765,108.80716516728772,11021.82585782572,hilbert_binary@countywide@w16,d28e78887724,countywide,16,cpp/spatial_core/build/water_distance_hilbert_w16.exe,7,False,7,13,140,2026-07-29T04:04:39.580877+00:00,,,
hilbert_binary,4,267362,8572,1072254,1063159,1189589,original,disk,binary,32,32,25.0,12.5,1189589,9516712,0.918499,19.06678,14022.399094,20.23764,47.592623,1.606679,10.278319,6.397244,4.63039,11021.825858,72.745742,153.844982,1.2149287631756989,21.689184400020167,232583168,285216768,psapi:GetProcessMemoryInfo,8ad41e8391f64e683e67ac253dc4d1e4302da7706f893763d0d32a689d6b7e9e,46725584,32,153.84498171019067,72.74574172844308,47.59262348426478,60.31990709225694,0.4992631712808851,96.38698922438562,11021.82585782572,hilbert_binary@countywide@w32,d28e78887724,countywide,32,cpp/spatial_core/build/water_distance_hilbert_w32.exe,7,False,7,14,141,2026-07-29T04:05:01.302845+00:00,,,
hilbert_binary,4,267362,8572,1072254,1063159,1189589,original,disk,binary,64,32,25.0,12.5,1189589,9516712,0.916951,19.143387,13966.28514,20.23764,47.592623,1.606679,10.278319,6.397244,4.63039,11021.825858,70.913503,141.174168,1.1716919272505513,21.75447919999715,232476672,285204480,psapi:GetProcessMemoryInfo,8ad41e8391f64e683e67ac253dc4d1e4302da7706f893763d0d32a689d6b7e9e,46725584,64,141.1741683560117,70.91350304082106,47.59262348426478,60.31990709225694,0.38615061227848385,32.23319399612495,11021.82585782572,hilbert_binary@countywide@w64,d28e78887724,countywide,64,cpp/spatial_core/build/water_distance_hilbert_w64.exe,7,False,7,15,142,2026-07-29T04:05:23.088516+00:00,,,
hilbert_binary,4,267362,8572,1072254,1063159,1189589,original,disk,binary,128,32,25.0,12.5,1189589,9516712,0.912743,19.099904,13998.081048,20.23764,47.592623,1.606679,10.278319,6.397244,4.63039,11021.825858,69.511206,133.036864,1.1379628107584276,21.712755499989726,232546304,285208576,psapi:GetProcessMemoryInfo,8ad41e8391f64e683e67ac253dc4d1e4302da7706f893763d0d32a689d6b7e9e,46725584,128,133.03686387743957,69.51120578092623,47.59262348426478,60.31990709225694,0.2851040910825024,32.23319399612495,11021.82585782572,hilbert_binary@countywide@w128,d28e78887724,countywide,128,cpp/spatial_core/build/water_distance_hilbert_w128.exe,7,False,7,16,143,2026-07-29T04:05:44.832403+00:00,,,
hilbert_binary,4,267362,8572,1072254,1063159,1189589,original,disk,binary,256,32,25.0,12.5,1189589,9516712,0.916575,19.060575,14026.963887,20.23764,47.592623,1.606679,10.278319,6.397244,4.63039,11021.825858,67.145582,98.352634,1.1085579986699086,21.679599300026894,232497152,285208576,psapi:GetProcessMemoryInfo,8ad41e8391f64e683e67ac253dc4d1e4302da7706f893763d0d32a689d6b7e9e,46725584,256,98.35263425617701,67.14558164585843,47.59262348426478,60.31990709225694,0.23136047755477593,32.23319399612495,11021.82585782572,hilbert_binary@countywide@w256,d28e78887724,countywide,256,cpp/spatial_core/build/water_distance_hilbert_w256.exe,7,False,7,17,144,2026-07-29T04:06:06.546016+00:00,,,
