algorithm,rung,property_count,water_feature_count,vertex_count,segment_count,original_segment_count,split_segment_count,added_segment_count,max_segment_length_cap_m,max_original_segment_length_m,max_split_segment_length_m,index_entries,index_bytes,max_entry_extent_m,bvh_node_count,verification_mode,input_loading_seconds,index_construction_seconds,computation_seconds,properties_per_second,total_index_node_visits,average_node_visits_per_property,total_candidate_feature_checks,average_candidate_features_per_property,total_segment_checks,average_segment_checks_per_property,total_segment_box_tests,average_segment_box_tests_per_property,total_line_segment_checks,average_line_segment_checks_per_property,total_polygon_segment_checks,average_polygon_segment_checks_per_property,total_containment_ring_checks,average_containment_ring_checks_per_property,total_containment_parts_tested,total_containment_parts_skipped,total_process_seconds,peak_working_set_bytes,peak_commit_bytes,peak_memory_method,output_sha256,output_size_bytes,cell_key,session_id,workload,verification_mode_requested,seed_window_build,executable,repetition,is_warmup,block,position_in_block,execution_order,started_at_utc,region_mode,seed_mode,seed_window_entries_stdout,hilbert_order_bits_per_axis,inflation_half_m,key_array_bytes,average_seed_probes_per_property,n_decomp_per_property,n_true_r_per_property,n_disk_infl_per_property,geometric_inflation_capped,box_versus_disk_inflation,resolve_nodes_per_property,resolve_entries_per_property,mean_d_seed_over_d_best,seed_window_entries,qs_resolve_entries_per_property,qs_resolve_nodes_per_property,tight_entries_per_property,tight_nodes_per_property,fraction_window_missed,max_d_seed_over_d_best,qs_phase2_segment_checks_per_property,rmi_leaf_count,rmi_model_bytes,rmi_probe_records_asserted
segment_bvh,3,10000,8572,1072254,1063159,1063159.0,1189589,126430.0,25.0,5748.239565,24.999998,1189589,119768836.0,24.999998,524287.0,original,1.321938,0.217282,0.081376,122885.75066,302901.0,30.2901,14030.0,1.403,12692905.0,1269.2905,59173.0,5.9173,2086325.0,208.6325,10606580.0,1060.658,0.0,0.0,0.0,0.0,1.644553199999791,153640960,294514688,psapi:GetProcessMemoryInfo,d623c95082ac323f80bc5da6fbd72d4b416cb0dcee9203dcf4a2b72478d6520c,1521740,segment_bvh@10000,0796f64b41e1,10000,original,,cpp/spatial_core/build/water_distance_segment_bvh.exe,-1,True,0,0,1,2026-07-29T23:15:00.301586+00:00,,,,,,,,,,,,,,,,,,,,,,,,,,
hilbert_binary,4,10000,8572,1072254,1063159,,1189589,,,,25.0,1189589,,,,original,,0.966871,0.371221,26938.123937,,,,,,1486.1057,,,,,,,,,,,2.7343197999998665,199974912,237207552,psapi:GetProcessMemoryInfo,822a90913ac033a92815c66ee36f0310906eba0be39ee7947220ba500ad821f0,1749012,hilbert_binary@10000@w64,0796f64b41e1,10000,original,64.0,cpp/spatial_core/build/water_distance_hilbert.exe,-1,True,0,1,2,2026-07-29T23:15:03.039917+00:00,disk,binary,64.0,32.0,12.5,9516712.0,20.2223,46.7108,1.6906,11.7066,6.924524,3.990125,70.2463,113.0575,1.2521107192717233,64.0,113.0575,70.2463,46.7108,58.4894,0.4997,25.05860637272425,1486.1057,,,
hilbert_rmi,5,10000,8572,1072254,1063159,,1189589,,,,25.0,1189589,,,,original,,0.948896,0.415876,24045.640549,,,,,,1486.1057,,,,,,,,,,,2.73826679999911,200036352,237240320,psapi:GetProcessMemoryInfo,a5d4c20c587039d19717dd953b88a77cdeb1971ece7a30cd2fa55dd1906548c4,1709012,hilbert_rmi@10000@w64,0796f64b41e1,10000,original,64.0,cpp/spatial_core/build/water_distance_hilbert.exe,-1,True,0,2,3,2026-07-29T23:15:05.781388+00:00,disk,rmi,64.0,32.0,12.5,9516712.0,0.0,46.7108,1.6906,11.7066,6.924524,3.990125,87.6208,385.732,2.0385206510937066,64.0,385.732,87.6208,46.7108,58.4894,0.5918,105.68899081538054,1486.1057,131072.0,4194400.0,5.0
segment_bvh,3,10000,8572,1072254,1063159,1063159.0,1189589,126430.0,25.0,5748.239565,24.999998,1189589,119768836.0,24.999998,524287.0,split,1.316556,0.196628,0.036572,273435.470596,302901.0,30.2901,14030.0,1.403,8476806.0,847.6806,59173.0,5.9173,0.0,0.0,0.0,0.0,8476806.0,847.6806,1355.0,2238.0,1.566296599999987,153591808,294473728,psapi:GetProcessMemoryInfo,f17a3580cde5b54ae969d10f5270daf05c209bb2d0a2506fa387ef68ff6dccdb,1459034,segment_bvh@10000@split,0796f64b41e1,10000,split,,cpp/spatial_core/build/water_distance_segment_bvh.exe,-1,True,0,3,4,2026-07-29T23:15:07.350627+00:00,,,,,,,,,,,,,,,,,,,,,,,,,,
hilbert_binary,4,10000,8572,1072254,1063159,,1189589,,,,25.0,1189589,,,,split,,0.915337,0.31904,31344.022272,,,,,,998.7843,,,,,,,,,,,2.640672199999244,199995392,237260800,psapi:GetProcessMemoryInfo,824482df5ee14d6ea8a5520f64bc274c5d99cf8a22f262dc6527a6946e3adfa0,1684703,hilbert_binary@10000@split@w64,0796f64b41e1,10000,split,64.0,cpp/spatial_core/build/water_distance_hilbert.exe,-1,True,0,4,5,2026-07-29T23:15:09.994790+00:00,disk,binary,64.0,32.0,12.5,9516712.0,20.2223,46.7108,1.6906,11.7066,6.924524,3.990125,70.2463,113.0575,1.2521107192717233,64.0,113.0575,70.2463,46.7108,58.4894,0.4997,25.05860637272425,998.7843,,,
hilbert_rmi,5,10000,8572,1072254,1063159,,1189589,,,,25.0,1189589,,,,split,,0.970845,0.386228,25891.422249,,,,,,998.7843,,,,,,,,,,,2.7901514999994106,200028160,237293568,psapi:GetProcessMemoryInfo,ce547239478e4e5cd82eb9119de388851b92a9ca77cff2dd62b3f43517c968c9,1644703,hilbert_rmi@10000@split@w64,0796f64b41e1,10000,split,64.0,cpp/spatial_core/build/water_distance_hilbert.exe,-1,True,0,5,6,2026-07-29T23:15:12.788797+00:00,disk,rmi,64.0,32.0,12.5,9516712.0,0.0,46.7108,1.6906,11.7066,6.924524,3.990125,87.6208,385.732,2.0385206510937066,64.0,385.732,87.6208,46.7108,58.4894,0.5918,105.68899081538054,998.7843,131072.0,4194400.0,5.0
segment_bvh,3,100000,8572,1072254,1063159,1063159.0,1189589,126430.0,25.0,5748.239565,24.999998,1189589,119768836.0,24.999998,524287.0,original,1.413457,0.193006,2.644043,37820.871804,2988325.0,29.88325,144647.0,1.44647,669786024.0,6697.86024,569726.0,5.69726,16231293.0,162.31293,653554731.0,6535.54731,0.0,0.0,0.0,0.0,4.270329699998911,164577280,307408896,psapi:GetProcessMemoryInfo,7648c4aed6c55eeed3bbe9dae33b00e32da51d4375f95078999ee248ef415f76,15261391,segment_bvh@100000,0796f64b41e1,100000,original,,cpp/spatial_core/build/water_distance_segment_bvh.exe,-1,True,0,6,7,2026-07-29T23:15:17.071787+00:00,,,,,,,,,,,,,,,,,,,,,,,,,,
hilbert_binary,4,100000,8572,1072254,1063159,,1189589,,,,25.0,1189589,,,,original,,0.911489,5.986545,16704.126506,,,,,,8056.00196,,,,,,,,,,,8.381347099999402,211267584,250306560,psapi:GetProcessMemoryInfo,14fb9d41f0f762b1bdfa078c3dbe93147dd938ca1b5344d3f7b197f332aa9d96,17526573,hilbert_binary@100000@w64,0796f64b41e1,100000,original,64.0,cpp/spatial_core/build/water_distance_hilbert.exe,-1,True,0,7,8,2026-07-29T23:15:25.466938+00:00,disk,binary,64.0,32.0,12.5,9516712.0,20.21817,42.43839,1.58867,9.57681,6.028193,4.43137,63.84501,82.54203,1.1826374942024194,64.0,82.54203,63.84501,42.43839,56.66388,0.35059,32.23319399612495,8056.00196,,,
hilbert_rmi,5,100000,8572,1072254,1063159,,1189589,,,,25.0,1189589,,,,original,,0.978594,6.606082,15137.566343,,,,,,8056.00196,,,,,,,,,,,9.146832300000824,211001344,250064896,psapi:GetProcessMemoryInfo,5f5aa46fee229fbd57f32912c56db035c5068f1e65920dd1266fe52d337dd676,17126573,hilbert_rmi@100000@w64,0796f64b41e1,100000,original,64.0,cpp/spatial_core/build/water_distance_hilbert.exe,-1,True,0,8,9,2026-07-29T23:15:34.627237+00:00,disk,rmi,64.0,32.0,12.5,9516712.0,0.0,42.43839,1.58867,9.57681,6.028193,4.43137,80.0313,362.08377,1.7027693468712852,64.0,362.08377,80.0313,42.43839,56.66388,0.43578,517.3435071130551,8056.00196,131072.0,4194400.0,5.0
segment_bvh,3,100000,8572,1072254,1063159,1063159.0,1189589,126430.0,25.0,5748.239565,24.999998,1189589,119768836.0,24.999998,524287.0,split,1.430603,0.195489,0.570612,175250.34073,2988325.0,29.88325,144647.0,1.44647,468129049.0,4681.29049,569726.0,5.69726,0.0,0.0,0.0,0.0,468129049.0,4681.29049,15924.0,27059.0,2.2162984999995388,164691968,307408896,psapi:GetProcessMemoryInfo,4c715a915d6a7711f49ffffd1e61953240f231afe6fbc858e67dafa9470abf8c,14655639,segment_bvh@100000@split,0796f64b41e1,100000,split,,cpp/spatial_core/build/water_distance_segment_bvh.exe,-1,True,0,9,10,2026-07-29T23:15:36.860548+00:00,,,,,,,,,,,,,,,,,,,,,,,,,,
hilbert_binary,4,100000,8572,1072254,1063159,,1189589,,,,25.0,1189589,,,,split,,0.922055,3.189913,31348.812436,,,,,,5593.3219,,,,,,,,,,,5.623837799999819,211255296,250306560,psapi:GetProcessMemoryInfo,c8f03e38907376a6e2a8f1384d61686b09073f875e772bb51f01ec83cebb5421,16901520,hilbert_binary@100000@split@w64,0796f64b41e1,100000,split,64.0,cpp/spatial_core/build/water_distance_hilbert.exe,-1,True,0,10,11,2026-07-29T23:15:42.498742+00:00,disk,binary,64.0,32.0,12.5,9516712.0,20.21817,42.43839,1.58867,9.57681,6.028193,4.43137,63.84501,82.54203,1.1826374942024194,64.0,82.54203,63.84501,42.43839,56.66388,0.35059,32.23319399612495,5593.3219,,,
hilbert_rmi,5,100000,8572,1072254,1063159,,1189589,,,,25.0,1189589,,,,split,,0.926799,3.814747,26214.056858,,,,,,5593.3219,,,,,,,,,,,6.219568599999548,211238912,250306560,psapi:GetProcessMemoryInfo,22c69b1be847127bf5ac4df20adc5b2f7b940f1ef0628ef9706282d48cbe1010,16501520,hilbert_rmi@100000@split@w64,0796f64b41e1,100000,split,64.0,cpp/spatial_core/build/water_distance_hilbert.exe,-1,True,0,11,12,2026-07-29T23:15:48.731280+00:00,disk,rmi,64.0,32.0,12.5,9516712.0,0.0,42.43839,1.58867,9.57681,6.028193,4.43137,80.0313,362.08377,1.7027693468712852,64.0,362.08377,80.0313,42.43839,56.66388,0.43578,517.3435071130551,5593.3219,131072.0,4194400.0,5.0
segment_bvh,3,267362,8572,1072254,1063159,1063159.0,1189589,126430.0,25.0,5748.239565,24.999998,1189589,119768836.0,24.999998,524287.0,original,1.676135,0.197189,10.185285,26249.831055,8240002.0,30.819645,392016.0,1.466237,2515239470.0,9407.617649,1646355.0,6.157775,42137936.0,157.606302,2473101534.0,9250.011348,0.0,0.0,0.0,0.0,12.083766600000672,185847808,342302720,psapi:GetProcessMemoryInfo,be9972181a71b4cd85afb9d7a0d41c02a75a975b0225c8b5485e6fd81552f8b6,40640659,segment_bvh@countywide,0796f64b41e1,countywide,original,,cpp/spatial_core/build/water_distance_segment_bvh.exe,-1,True,0,12,13,2026-07-29T23:16:00.843083+00:00,,,,,,,,,,,,,,,,,,,,,,,,,,
hilbert_binary,4,267362,8572,1072254,1063159,,1189589,,,,25.0,1189589,,,,original,,0.911888,20.029788,13348.218829,,,,,,11021.825858,,,,,,,,,,,22.651081899999554,232407040,285179904,psapi:GetProcessMemoryInfo,8ad41e8391f64e683e67ac253dc4d1e4302da7706f893763d0d32a689d6b7e9e,46725584,hilbert_binary@countywide@w64,0796f64b41e1,countywide,original,64.0,cpp/spatial_core/build/water_distance_hilbert.exe,-1,True,0,13,14,2026-07-29T23:16:23.527573+00:00,disk,binary,64.0,32.0,12.5,9516712.0,20.23764,47.592623,1.606679,10.278319,6.397244,4.63039,70.913503,141.174168,1.1716919272505513,64.0,141.1741683560117,70.91350304082106,47.59262348426478,60.31990709225694,0.38615061227848385,32.23319399612495,11021.82585782572,,,
hilbert_rmi,5,267362,8572,1072254,1063159,,1189589,,,,25.0,1189589,,,,original,,0.934323,20.752238,12883.526291,,,,,,11021.825858,,,,,,,,,,,23.408718399999998,232333312,285159424,psapi:GetProcessMemoryInfo,86f05df0c4a32fd69fb4a63be3437edbc20466ec5beb3f22d8dae871302421aa,45656136,hilbert_rmi@countywide@w64,0796f64b41e1,countywide,original,64.0,cpp/spatial_core/build/water_distance_hilbert.exe,-1,True,0,14,15,2026-07-29T23:16:46.968980+00:00,disk,rmi,64.0,32.0,12.5,9516712.0,0.0,47.592623,1.606679,10.278319,6.397244,4.63039,83.16842,352.515432,1.5388433412534919,64.0,352.51543226038103,83.16841959590369,47.59262348426478,60.31990709225694,0.4600915612540301,517.3435071130551,11021.82585782572,131072.0,4194400.0,5.0
segment_bvh,3,267362,8572,1072254,1063159,1063159.0,1189589,126430.0,25.0,5748.239565,24.999998,1189589,119768836.0,24.999998,524287.0,split,1.641627,0.198291,1.735257,154076.321495,8240002.0,30.819645,392016.0,1.466237,1725473942.0,6453.699262,1646355.0,6.157775,0.0,0.0,0.0,0.0,1725473942.0,6453.699262,61822.0,83873.0,3.6002227000008133,185888768,342343680,psapi:GetProcessMemoryInfo,90ecb3c996b07057d65a50fd074b48868d05262d2cec8bb25047bea48f79b3ea,39018583,segment_bvh@countywide@split,0796f64b41e1,countywide,split,,cpp/spatial_core/build/water_distance_segment_bvh.exe,-1,True,0,15,16,2026-07-29T23:16:50.597364+00:00,,,,,,,,,,,,,,,,,,,,,,,,,,
hilbert_binary,4,267362,8572,1072254,1063159,,1189589,,,,25.0,1189589,,,,split,,0.918877,10.171281,26285.97048,,,,,,7616.515122,,,,,,,,,,,12.836841500000446,232349696,285171712,psapi:GetProcessMemoryInfo,05c799b1fcef76bee01701d88ae4f2512d0e6b460aa63aa7f17143616ede12ee,45067783,hilbert_binary@countywide@split@w64,0796f64b41e1,countywide,split,64.0,cpp/spatial_core/build/water_distance_hilbert.exe,-1,True,0,16,17,2026-07-29T23:17:03.467592+00:00,disk,binary,64.0,32.0,12.5,9516712.0,20.23764,47.592623,1.606679,10.278319,6.397244,4.63039,70.913503,141.174168,1.1716919272505513,64.0,141.1741683560117,70.91350304082106,47.59262348426478,60.31990709225694,0.38615061227848385,32.23319399612495,7616.515121819854,,,
hilbert_rmi,5,267362,8572,1072254,1063159,,1189589,,,,25.0,1189589,,,,split,,0.917418,11.20044,23870.670219,,,,,,7616.515122,,,,,,,,,,,13.839055200000075,232366080,285171712,psapi:GetProcessMemoryInfo,008945d1a38aff3570c2eafaed7ec1b6276243062b63f1dd5c8fafa78b424620,43998335,hilbert_rmi@countywide@split@w64,0796f64b41e1,countywide,split,64.0,cpp/spatial_core/build/water_distance_hilbert.exe,-1,True,0,17,18,2026-07-29T23:17:17.338378+00:00,disk,rmi,64.0,32.0,12.5,9516712.0,0.0,47.592623,1.606679,10.278319,6.397244,4.63039,83.16842,352.515432,1.5388433412534919,64.0,352.51543226038103,83.16841959590369,47.59262348426478,60.31990709225694,0.4600915612540301,517.3435071130551,7616.515121819854,131072.0,4194400.0,5.0
segment_bvh,3,10000,8572,1072254,1063159,1063159.0,1189589,126430.0,25.0,5748.239565,24.999998,1189589,119768836.0,24.999998,524287.0,original,1.406985,0.191483,0.07652,130684.788291,302901.0,30.2901,14030.0,1.403,12692905.0,1269.2905,59173.0,5.9173,2086325.0,208.6325,10606580.0,1060.658,0.0,0.0,0.0,0.0,1.6894238999993831,153620480,294522880,psapi:GetProcessMemoryInfo,d623c95082ac323f80bc5da6fbd72d4b416cb0dcee9203dcf4a2b72478d6520c,1521740,segment_bvh@10000,0796f64b41e1,10000,original,,cpp/spatial_core/build/water_distance_segment_bvh.exe,1,False,1,0,19,2026-07-29T23:17:19.031128+00:00,,,,,,,,,,,,,,,,,,,,,,,,,,
hilbert_binary,4,10000,8572,1072254,1063159,,1189589,,,,25.0,1189589,,,,original,,0.90374,0.354723,28191.042804,,,,,,1486.1057,,,,,,,,,,,2.6036536999999953,199888896,237236224,psapi:GetProcessMemoryInfo,822a90913ac033a92815c66ee36f0310906eba0be39ee7947220ba500ad821f0,1749012,hilbert_binary@10000@w64,0796f64b41e1,10000,original,64.0,cpp/spatial_core/build/water_distance_hilbert.exe,1,False,1,1,20,2026-07-29T23:17:21.637872+00:00,disk,binary,64.0,32.0,12.5,9516712.0,20.2223,46.7108,1.6906,11.7066,6.924524,3.990125,70.2463,113.0575,1.2521107192717233,64.0,113.0575,70.2463,46.7108,58.4894,0.4997,25.05860637272425,1486.1057,,,
hilbert_rmi,5,10000,8572,1072254,1063159,,1189589,,,,25.0,1189589,,,,original,,0.912239,0.415324,24077.576024,,,,,,1486.1057,,,,,,,,,,,2.6742887000000337,200085504,237236224,psapi:GetProcessMemoryInfo,a5d4c20c587039d19717dd953b88a77cdeb1971ece7a30cd2fa55dd1906548c4,1709012,hilbert_rmi@10000@w64,0796f64b41e1,10000,original,64.0,cpp/spatial_core/build/water_distance_hilbert.exe,1,False,1,2,21,2026-07-29T23:17:24.315227+00:00,disk,rmi,64.0,32.0,12.5,9516712.0,0.0,46.7108,1.6906,11.7066,6.924524,3.990125,87.6208,385.732,2.0385206510937066,64.0,385.732,87.6208,46.7108,58.4894,0.5918,105.68899081538054,1486.1057,131072.0,4194400.0,5.0
segment_bvh,3,10000,8572,1072254,1063159,1063159.0,1189589,126430.0,25.0,5748.239565,24.999998,1189589,119768836.0,24.999998,524287.0,split,1.296654,0.193342,0.03664,272926.509079,302901.0,30.2901,14030.0,1.403,8476806.0,847.6806,59173.0,5.9173,0.0,0.0,0.0,0.0,8476806.0,847.6806,1355.0,2238.0,1.5415499999999156,153513984,294465536,psapi:GetProcessMemoryInfo,f17a3580cde5b54ae969d10f5270daf05c209bb2d0a2506fa387ef68ff6dccdb,1459034,segment_bvh@10000@split,0796f64b41e1,10000,split,,cpp/spatial_core/build/water_distance_segment_bvh.exe,1,False,1,3,22,2026-07-29T23:17:25.859648+00:00,,,,,,,,,,,,,,,,,,,,,,,,,,
hilbert_binary,4,10000,8572,1072254,1063159,,1189589,,,,25.0,1189589,,,,split,,0.939127,0.313657,31881.939901,,,,,,998.7843,,,,,,,,,,,2.653814200000852,200105984,237264896,psapi:GetProcessMemoryInfo,824482df5ee14d6ea8a5520f64bc274c5d99cf8a22f262dc6527a6946e3adfa0,1684703,hilbert_binary@10000@split@w64,0796f64b41e1,10000,split,64.0,cpp/spatial_core/build/water_distance_hilbert.exe,1,False,1,4,23,2026-07-29T23:17:28.516715+00:00,disk,binary,64.0,32.0,12.5,9516712.0,20.2223,46.7108,1.6906,11.7066,6.924524,3.990125,70.2463,113.0575,1.2521107192717233,64.0,113.0575,70.2463,46.7108,58.4894,0.4997,25.05860637272425,998.7843,,,
hilbert_rmi,5,10000,8572,1072254,1063159,,1189589,,,,25.0,1189589,,,,split,,0.937971,0.377944,26458.939298,,,,,,998.7843,,,,,,,,,,,2.6899653999989823,199970816,237264896,psapi:GetProcessMemoryInfo,ce547239478e4e5cd82eb9119de388851b92a9ca77cff2dd62b3f43517c968c9,1644703,hilbert_rmi@10000@split@w64,0796f64b41e1,10000,split,64.0,cpp/spatial_core/build/water_distance_hilbert.exe,1,False,1,5,24,2026-07-29T23:17:31.209623+00:00,disk,rmi,64.0,32.0,12.5,9516712.0,0.0,46.7108,1.6906,11.7066,6.924524,3.990125,87.6208,385.732,2.0385206510937066,64.0,385.732,87.6208,46.7108,58.4894,0.5918,105.68899081538054,998.7843,131072.0,4194400.0,5.0
segment_bvh,3,100000,8572,1072254,1063159,1063159.0,1189589,126430.0,25.0,5748.239565,24.999998,1189589,119768836.0,24.999998,524287.0,original,1.40773,0.190626,2.701524,37016.147591,2988325.0,29.88325,144647.0,1.44647,669786024.0,6697.86024,569726.0,5.69726,16231293.0,162.31293,653554731.0,6535.54731,0.0,0.0,0.0,0.0,4.318229299999075,164687872,307400704,psapi:GetProcessMemoryInfo,7648c4aed6c55eeed3bbe9dae33b00e32da51d4375f95078999ee248ef415f76,15261391,segment_bvh@100000,0796f64b41e1,100000,original,,cpp/spatial_core/build/water_distance_segment_bvh.exe,1,False,1,6,25,2026-07-29T23:17:35.540095+00:00,,,,,,,,,,,,,,,,,,,,,,,,,,
hilbert_binary,4,100000,8572,1072254,1063159,,1189589,,,,25.0,1189589,,,,original,,0.91611,5.827625,17159.649969,,,,,,8056.00196,,,,,,,,,,,8.231281500000478,211288064,250306560,psapi:GetProcessMemoryInfo,14fb9d41f0f762b1bdfa078c3dbe93147dd938ca1b5344d3f7b197f332aa9d96,17526573,hilbert_binary@100000@w64,0796f64b41e1,100000,original,64.0,cpp/spatial_core/build/water_distance_hilbert.exe,1,False,1,7,26,2026-07-29T23:17:43.784839+00:00,disk,binary,64.0,32.0,12.5,9516712.0,20.21817,42.43839,1.58867,9.57681,6.028193,4.43137,63.84501,82.54203,1.1826374942024194,64.0,82.54203,63.84501,42.43839,56.66388,0.35059,32.23319399612495,8056.00196,,,
hilbert_rmi,5,100000,8572,1072254,1063159,,1189589,,,,25.0,1189589,,,,original,,0.914762,6.457674,15485.452602,,,,,,8056.00196,,,,,,,,,,,8.850654699999723,210997248,250073088,psapi:GetProcessMemoryInfo,5f5aa46fee229fbd57f32912c56db035c5068f1e65920dd1266fe52d337dd676,17126573,hilbert_rmi@100000@w64,0796f64b41e1,100000,original,64.0,cpp/spatial_core/build/water_distance_hilbert.exe,1,False,1,8,27,2026-07-29T23:17:52.649515+00:00,disk,rmi,64.0,32.0,12.5,9516712.0,0.0,42.43839,1.58867,9.57681,6.028193,4.43137,80.0313,362.08377,1.7027693468712852,64.0,362.08377,80.0313,42.43839,56.66388,0.43578,517.3435071130551,8056.00196,131072.0,4194400.0,5.0
segment_bvh,3,100000,8572,1072254,1063159,1063159.0,1189589,126430.0,25.0,5748.239565,24.999998,1189589,119768836.0,24.999998,524287.0,split,1.404175,0.193825,0.554516,180337.479953,2988325.0,29.88325,144647.0,1.44647,468129049.0,4681.29049,569726.0,5.69726,0.0,0.0,0.0,0.0,468129049.0,4681.29049,15924.0,27059.0,2.1699664000007033,164687872,307392512,psapi:GetProcessMemoryInfo,4c715a915d6a7711f49ffffd1e61953240f231afe6fbc858e67dafa9470abf8c,14655639,segment_bvh@100000@split,0796f64b41e1,100000,split,,cpp/spatial_core/build/water_distance_segment_bvh.exe,1,False,1,9,28,2026-07-29T23:17:54.830701+00:00,,,,,,,,,,,,,,,,,,,,,,,,,,
hilbert_binary,4,100000,8572,1072254,1063159,,1189589,,,,25.0,1189589,,,,split,,0.950711,3.235084,30911.100355,,,,,,5593.3219,,,,,,,,,,,5.7086239000000205,211116032,250314752,psapi:GetProcessMemoryInfo,c8f03e38907376a6e2a8f1384d61686b09073f875e772bb51f01ec83cebb5421,16901520,hilbert_binary@100000@split@w64,0796f64b41e1,100000,split,64.0,cpp/spatial_core/build/water_distance_hilbert.exe,1,False,1,10,29,2026-07-29T23:18:00.553629+00:00,disk,binary,64.0,32.0,12.5,9516712.0,20.21817,42.43839,1.58867,9.57681,6.028193,4.43137,63.84501,82.54203,1.1826374942024194,64.0,82.54203,63.84501,42.43839,56.66388,0.35059,32.23319399612495,5593.3219,,,
hilbert_rmi,5,100000,8572,1072254,1063159,,1189589,,,,25.0,1189589,,,,split,,0.914918,3.841596,26030.846918,,,,,,5593.3219,,,,,,,,,,,6.216885600000751,211292160,250298368,psapi:GetProcessMemoryInfo,22c69b1be847127bf5ac4df20adc5b2f7b940f1ef0628ef9706282d48cbe1010,16501520,hilbert_rmi@100000@split@w64,0796f64b41e1,100000,split,64.0,cpp/spatial_core/build/water_distance_hilbert.exe,1,False,1,11,30,2026-07-29T23:18:06.783381+00:00,disk,rmi,64.0,32.0,12.5,9516712.0,0.0,42.43839,1.58867,9.57681,6.028193,4.43137,80.0313,362.08377,1.7027693468712852,64.0,362.08377,80.0313,42.43839,56.66388,0.43578,517.3435071130551,5593.3219,131072.0,4194400.0,5.0
segment_bvh,3,267362,8572,1072254,1063159,1063159.0,1189589,126430.0,25.0,5748.239565,24.999998,1189589,119768836.0,24.999998,524287.0,original,1.690089,0.204969,10.595722,25233.014328,8240002.0,30.819645,392016.0,1.466237,2515239470.0,9407.617649,1646355.0,6.157775,42137936.0,157.606302,2473101534.0,9250.011348,0.0,0.0,0.0,0.0,12.513570999999502,185745408,342310912,psapi:GetProcessMemoryInfo,be9972181a71b4cd85afb9d7a0d41c02a75a975b0225c8b5485e6fd81552f8b6,40640659,segment_bvh@countywide,0796f64b41e1,countywide,original,,cpp/spatial_core/build/water_distance_segment_bvh.exe,1,False,1,12,31,2026-07-29T23:18:19.325084+00:00,,,,,,,,,,,,,,,,,,,,,,,,,,
hilbert_binary,4,267362,8572,1072254,1063159,,1189589,,,,25.0,1189589,,,,original,,0.919533,19.990633,13374.36395,,,,,,11021.825858,,,,,,,,,,,22.62934049999967,232390656,285167616,psapi:GetProcessMemoryInfo,8ad41e8391f64e683e67ac253dc4d1e4302da7706f893763d0d32a689d6b7e9e,46725584,hilbert_binary@countywide@w64,0796f64b41e1,countywide,original,64.0,cpp/spatial_core/build/water_distance_hilbert.exe,1,False,1,13,32,2026-07-29T23:18:41.987037+00:00,disk,binary,64.0,32.0,12.5,9516712.0,20.23764,47.592623,1.606679,10.278319,6.397244,4.63039,70.913503,141.174168,1.1716919272505513,64.0,141.1741683560117,70.91350304082106,47.59262348426478,60.31990709225694,0.38615061227848385,32.23319399612495,11021.82585782572,,,
hilbert_rmi,5,267362,8572,1072254,1063159,,1189589,,,,25.0,1189589,,,,original,,0.905618,21.1478,12642.544378,,,,,,11021.825858,,,,,,,,,,,23.775740900000528,232390656,285175808,psapi:GetProcessMemoryInfo,86f05df0c4a32fd69fb4a63be3437edbc20466ec5beb3f22d8dae871302421aa,45656136,hilbert_rmi@countywide@w64,0796f64b41e1,countywide,original,64.0,cpp/spatial_core/build/water_distance_hilbert.exe,1,False,1,14,33,2026-07-29T23:19:05.796104+00:00,disk,rmi,64.0,32.0,12.5,9516712.0,0.0,47.592623,1.606679,10.278319,6.397244,4.63039,83.16842,352.515432,1.5388433412534919,64.0,352.51543226038103,83.16841959590369,47.59262348426478,60.31990709225694,0.4600915612540301,517.3435071130551,11021.82585782572,131072.0,4194400.0,5.0
segment_bvh,3,267362,8572,1072254,1063159,1063159.0,1189589,126430.0,25.0,5748.239565,24.999998,1189589,119768836.0,24.999998,524287.0,split,1.672796,0.193693,1.774355,150681.258939,8240002.0,30.819645,392016.0,1.466237,1725473942.0,6453.699262,1646355.0,6.157775,0.0,0.0,0.0,0.0,1725473942.0,6453.699262,61822.0,83873.0,3.6638394000001426,185696256,342310912,psapi:GetProcessMemoryInfo,90ecb3c996b07057d65a50fd074b48868d05262d2cec8bb25047bea48f79b3ea,39018583,segment_bvh@countywide@split,0796f64b41e1,countywide,split,,cpp/spatial_core/build/water_distance_segment_bvh.exe,1,False,1,15,34,2026-07-29T23:19:09.487735+00:00,,,,,,,,,,,,,,,,,,,,,,,,,,
hilbert_binary,4,267362,8572,1072254,1063159,,1189589,,,,25.0,1189589,,,,split,,0.917616,9.823453,27216.702167,,,,,,7616.515122,,,,,,,,,,,12.447946199999933,232341504,285171712,psapi:GetProcessMemoryInfo,05c799b1fcef76bee01701d88ae4f2512d0e6b460aa63aa7f17143616ede12ee,45067783,hilbert_binary@countywide@split@w64,0796f64b41e1,countywide,split,64.0,cpp/spatial_core/build/water_distance_hilbert.exe,1,False,1,16,35,2026-07-29T23:19:21.970551+00:00,disk,binary,64.0,32.0,12.5,9516712.0,20.23764,47.592623,1.606679,10.278319,6.397244,4.63039,70.913503,141.174168,1.1716919272505513,64.0,141.1741683560117,70.91350304082106,47.59262348426478,60.31990709225694,0.38615061227848385,32.23319399612495,7616.515121819854,,,
hilbert_rmi,5,267362,8572,1072254,1063159,,1189589,,,,25.0,1189589,,,,split,,0.902111,11.280423,23701.415741,,,,,,7616.515122,,,,,,,,,,,13.890255199999956,232468480,285175808,psapi:GetProcessMemoryInfo,008945d1a38aff3570c2eafaed7ec1b6276243062b63f1dd5c8fafa78b424620,43998335,hilbert_rmi@countywide@split@w64,0796f64b41e1,countywide,split,64.0,cpp/spatial_core/build/water_distance_hilbert.exe,1,False,1,17,36,2026-07-29T23:19:35.892013+00:00,disk,rmi,64.0,32.0,12.5,9516712.0,0.0,47.592623,1.606679,10.278319,6.397244,4.63039,83.16842,352.515432,1.5388433412534919,64.0,352.51543226038103,83.16841959590369,47.59262348426478,60.31990709225694,0.4600915612540301,517.3435071130551,7616.515121819854,131072.0,4194400.0,5.0
hilbert_binary,4,10000,8572,1072254,1063159,,1189589,,,,25.0,1189589,,,,original,,0.913534,0.354919,28175.403155,,,,,,1486.1057,,,,,,,,,,,2.6299866999997903,199917568,237207552,psapi:GetProcessMemoryInfo,822a90913ac033a92815c66ee36f0310906eba0be39ee7947220ba500ad821f0,1749012,hilbert_binary@10000@w64,0796f64b41e1,10000,original,64.0,cpp/spatial_core/build/water_distance_hilbert.exe,2,False,2,0,37,2026-07-29T23:19:38.525096+00:00,disk,binary,64.0,32.0,12.5,9516712.0,20.2223,46.7108,1.6906,11.7066,6.924524,3.990125,70.2463,113.0575,1.2521107192717233,64.0,113.0575,70.2463,46.7108,58.4894,0.4997,25.05860637272425,1486.1057,,,
hilbert_rmi,5,10000,8572,1072254,1063159,,1189589,,,,25.0,1189589,,,,original,,0.902407,0.413147,24204.454055,,,,,,1486.1057,,,,,,,,,,,2.670155600000726,200105984,237236224,psapi:GetProcessMemoryInfo,a5d4c20c587039d19717dd953b88a77cdeb1971ece7a30cd2fa55dd1906548c4,1709012,hilbert_rmi@10000@w64,0796f64b41e1,10000,original,64.0,cpp/spatial_core/build/water_distance_hilbert.exe,2,False,2,1,38,2026-07-29T23:19:41.198306+00:00,disk,rmi,64.0,32.0,12.5,9516712.0,0.0,46.7108,1.6906,11.7066,6.924524,3.990125,87.6208,385.732,2.0385206510937066,64.0,385.732,87.6208,46.7108,58.4894,0.5918,105.68899081538054,1486.1057,131072.0,4194400.0,5.0
segment_bvh,3,10000,8572,1072254,1063159,1063159.0,1189589,126430.0,25.0,5748.239565,24.999998,1189589,119768836.0,24.999998,524287.0,split,1.302492,0.189677,0.0364,274724.519988,302901.0,30.2901,14030.0,1.403,8476806.0,847.6806,59173.0,5.9173,0.0,0.0,0.0,0.0,8476806.0,847.6806,1355.0,2238.0,1.5423503999991226,153620480,294473728,psapi:GetProcessMemoryInfo,f17a3580cde5b54ae969d10f5270daf05c209bb2d0a2506fa387ef68ff6dccdb,1459034,segment_bvh@10000@split,0796f64b41e1,10000,split,,cpp/spatial_core/build/water_distance_segment_bvh.exe,2,False,2,2,39,2026-07-29T23:19:42.743610+00:00,,,,,,,,,,,,,,,,,,,,,,,,,,
hilbert_binary,4,10000,8572,1072254,1063159,,1189589,,,,25.0,1189589,,,,split,,0.900424,0.306458,32630.877555,,,,,,998.7843,,,,,,,,,,,2.5924928000004,200118272,237264896,psapi:GetProcessMemoryInfo,824482df5ee14d6ea8a5520f64bc274c5d99cf8a22f262dc6527a6946e3adfa0,1684703,hilbert_binary@10000@split@w64,0796f64b41e1,10000,split,64.0,cpp/spatial_core/build/water_distance_hilbert.exe,2,False,2,3,40,2026-07-29T23:19:45.339348+00:00,disk,binary,64.0,32.0,12.5,9516712.0,20.2223,46.7108,1.6906,11.7066,6.924524,3.990125,70.2463,113.0575,1.2521107192717233,64.0,113.0575,70.2463,46.7108,58.4894,0.4997,25.05860637272425,998.7843,,,
hilbert_rmi,5,10000,8572,1072254,1063159,,1189589,,,,25.0,1189589,,,,split,,0.903467,0.372397,26853.09157,,,,,,998.7843,,,,,,,,,,,2.6466361000002507,199999488,237273088,psapi:GetProcessMemoryInfo,ce547239478e4e5cd82eb9119de388851b92a9ca77cff2dd62b3f43517c968c9,1644703,hilbert_rmi@10000@split@w64,0796f64b41e1,10000,split,64.0,cpp/spatial_core/build/water_distance_hilbert.exe,2,False,2,4,41,2026-07-29T23:19:47.988826+00:00,disk,rmi,64.0,32.0,12.5,9516712.0,0.0,46.7108,1.6906,11.7066,6.924524,3.990125,87.6208,385.732,2.0385206510937066,64.0,385.732,87.6208,46.7108,58.4894,0.5918,105.68899081538054,998.7843,131072.0,4194400.0,5.0
segment_bvh,3,100000,8572,1072254,1063159,1063159.0,1189589,126430.0,25.0,5748.239565,24.999998,1189589,119768836.0,24.999998,524287.0,original,1.413798,0.195116,2.693802,37122.257366,2988325.0,29.88325,144647.0,1.44647,669786024.0,6697.86024,569726.0,5.69726,16231293.0,162.31293,653554731.0,6535.54731,0.0,0.0,0.0,0.0,4.31945099999939,164597760,307404800,psapi:GetProcessMemoryInfo,7648c4aed6c55eeed3bbe9dae33b00e32da51d4375f95078999ee248ef415f76,15261391,segment_bvh@100000,0796f64b41e1,100000,original,,cpp/spatial_core/build/water_distance_segment_bvh.exe,2,False,2,5,42,2026-07-29T23:19:52.320339+00:00,,,,,,,,,,,,,,,,,,,,,,,,,,
hilbert_binary,4,100000,8572,1072254,1063159,,1189589,,,,25.0,1189589,,,,original,,0.919504,6.014975,16625.173835,,,,,,8056.00196,,,,,,,,,,,8.414789300000848,211197952,250302464,psapi:GetProcessMemoryInfo,14fb9d41f0f762b1bdfa078c3dbe93147dd938ca1b5344d3f7b197f332aa9d96,17526573,hilbert_binary@100000@w64,0796f64b41e1,100000,original,64.0,cpp/spatial_core/build/water_distance_hilbert.exe,2,False,2,6,43,2026-07-29T23:20:00.748191+00:00,disk,binary,64.0,32.0,12.5,9516712.0,20.21817,42.43839,1.58867,9.57681,6.028193,4.43137,63.84501,82.54203,1.1826374942024194,64.0,82.54203,63.84501,42.43839,56.66388,0.35059,32.23319399612495,8056.00196,,,
hilbert_rmi,5,100000,8572,1072254,1063159,,1189589,,,,25.0,1189589,,,,original,,0.906289,6.432138,15546.93036,,,,,,8056.00196,,,,,,,,,,,8.81725600000027,211091456,250064896,psapi:GetProcessMemoryInfo,5f5aa46fee229fbd57f32912c56db035c5068f1e65920dd1266fe52d337dd676,17126573,hilbert_rmi@100000@w64,0796f64b41e1,100000,original,64.0,cpp/spatial_core/build/water_distance_hilbert.exe,2,False,2,7,44,2026-07-29T23:20:09.580001+00:00,disk,rmi,64.0,32.0,12.5,9516712.0,0.0,42.43839,1.58867,9.57681,6.028193,4.43137,80.0313,362.08377,1.7027693468712852,64.0,362.08377,80.0313,42.43839,56.66388,0.43578,517.3435071130551,8056.00196,131072.0,4194400.0,5.0
segment_bvh,3,100000,8572,1072254,1063159,1063159.0,1189589,126430.0,25.0,5748.239565,24.999998,1189589,119768836.0,24.999998,524287.0,split,1.416578,0.194574,0.559476,178738.836643,2988325.0,29.88325,144647.0,1.44647,468129049.0,4681.29049,569726.0,5.69726,0.0,0.0,0.0,0.0,468129049.0,4681.29049,15924.0,27059.0,2.189141099999688,164687872,307396608,psapi:GetProcessMemoryInfo,4c715a915d6a7711f49ffffd1e61953240f231afe6fbc858e67dafa9470abf8c,14655639,segment_bvh@100000@split,0796f64b41e1,100000,split,,cpp/spatial_core/build/water_distance_segment_bvh.exe,2,False,2,8,45,2026-07-29T23:20:11.781438+00:00,,,,,,,,,,,,,,,,,,,,,,,,,,
hilbert_binary,4,100000,8572,1072254,1063159,,1189589,,,,25.0,1189589,,,,split,,0.928632,3.19662,31283.044671,,,,,,5593.3219,,,,,,,,,,,5.616559200001575,211189760,250306560,psapi:GetProcessMemoryInfo,c8f03e38907376a6e2a8f1384d61686b09073f875e772bb51f01ec83cebb5421,16901520,hilbert_binary@100000@split@w64,0796f64b41e1,100000,split,64.0,cpp/spatial_core/build/water_distance_hilbert.exe,2,False,2,9,46,2026-07-29T23:20:17.410629+00:00,disk,binary,64.0,32.0,12.5,9516712.0,20.21817,42.43839,1.58867,9.57681,6.028193,4.43137,63.84501,82.54203,1.1826374942024194,64.0,82.54203,63.84501,42.43839,56.66388,0.35059,32.23319399612495,5593.3219,,,
hilbert_rmi,5,100000,8572,1072254,1063159,,1189589,,,,25.0,1189589,,,,split,,0.905556,4.150196,24095.246969,,,,,,5593.3219,,,,,,,,,,,6.5620620000008785,211247104,250314752,psapi:GetProcessMemoryInfo,22c69b1be847127bf5ac4df20adc5b2f7b940f1ef0628ef9706282d48cbe1010,16501520,hilbert_rmi@100000@split@w64,0796f64b41e1,100000,split,64.0,cpp/spatial_core/build/water_distance_hilbert.exe,2,False,2,10,47,2026-07-29T23:20:23.986161+00:00,disk,rmi,64.0,32.0,12.5,9516712.0,0.0,42.43839,1.58867,9.57681,6.028193,4.43137,80.0313,362.08377,1.7027693468712852,64.0,362.08377,80.0313,42.43839,56.66388,0.43578,517.3435071130551,5593.3219,131072.0,4194400.0,5.0
segment_bvh,3,267362,8572,1072254,1063159,1063159.0,1189589,126430.0,25.0,5748.239565,24.999998,1189589,119768836.0,24.999998,524287.0,original,1.66602,0.199325,10.213889,26176.317878,8240002.0,30.819645,392016.0,1.466237,2515239470.0,9407.617649,1646355.0,6.157775,42137936.0,157.606302,2473101534.0,9250.011348,0.0,0.0,0.0,0.0,12.102031899999929,185765888,342315008,psapi:GetProcessMemoryInfo,be9972181a71b4cd85afb9d7a0d41c02a75a975b0225c8b5485e6fd81552f8b6,40640659,segment_bvh@countywide,0796f64b41e1,countywide,original,,cpp/spatial_core/build/water_distance_segment_bvh.exe,2,False,2,11,48,2026-07-29T23:20:36.119208+00:00,,,,,,,,,,,,,,,,,,,,,,,,,,
hilbert_binary,4,267362,8572,1072254,1063159,,1189589,,,,25.0,1189589,,,,original,,0.904806,19.826867,13484.833824,,,,,,11021.825858,,,,,,,,,,,22.451598300000114,232419328,285175808,psapi:GetProcessMemoryInfo,8ad41e8391f64e683e67ac253dc4d1e4302da7706f893763d0d32a689d6b7e9e,46725584,hilbert_binary@countywide@w64,0796f64b41e1,countywide,original,64.0,cpp/spatial_core/build/water_distance_hilbert.exe,2,False,2,12,49,2026-07-29T23:20:58.605433+00:00,disk,binary,64.0,32.0,12.5,9516712.0,20.23764,47.592623,1.606679,10.278319,6.397244,4.63039,70.913503,141.174168,1.1716919272505513,64.0,141.1741683560117,70.91350304082106,47.59262348426478,60.31990709225694,0.38615061227848385,32.23319399612495,11021.82585782572,,,
hilbert_rmi,5,267362,8572,1072254,1063159,,1189589,,,,25.0,1189589,,,,original,,0.922687,20.961354,12754.99683,,,,,,11021.825858,,,,,,,,,,,23.653731599999446,232284160,285171712,psapi:GetProcessMemoryInfo,86f05df0c4a32fd69fb4a63be3437edbc20466ec5beb3f22d8dae871302421aa,45656136,hilbert_rmi@countywide@w64,0796f64b41e1,countywide,original,64.0,cpp/spatial_core/build/water_distance_hilbert.exe,2,False,2,13,50,2026-07-29T23:21:22.290861+00:00,disk,rmi,64.0,32.0,12.5,9516712.0,0.0,47.592623,1.606679,10.278319,6.397244,4.63039,83.16842,352.515432,1.5388433412534919,64.0,352.51543226038103,83.16841959590369,47.59262348426478,60.31990709225694,0.4600915612540301,517.3435071130551,11021.82585782572,131072.0,4194400.0,5.0
segment_bvh,3,267362,8572,1072254,1063159,1063159.0,1189589,126430.0,25.0,5748.239565,24.999998,1189589,119768836.0,24.999998,524287.0,split,1.631097,0.193955,1.707749,156558.126718,8240002.0,30.819645,392016.0,1.466237,1725473942.0,6453.699262,1646355.0,6.157775,0.0,0.0,0.0,0.0,1725473942.0,6453.699262,61822.0,83873.0,3.5555431000011595,185774080,342323200,psapi:GetProcessMemoryInfo,90ecb3c996b07057d65a50fd074b48868d05262d2cec8bb25047bea48f79b3ea,39018583,segment_bvh@countywide@split,0796f64b41e1,countywide,split,,cpp/spatial_core/build/water_distance_segment_bvh.exe,2,False,2,14,51,2026-07-29T23:21:25.874225+00:00,,,,,,,,,,,,,,,,,,,,,,,,,,
hilbert_binary,4,267362,8572,1072254,1063159,,1189589,,,,25.0,1189589,,,,split,,0.958099,9.92567,26936.418398,,,,,,7616.515122,,,,,,,,,,,12.679917300001762,232443904,285163520,psapi:GetProcessMemoryInfo,05c799b1fcef76bee01701d88ae4f2512d0e6b460aa63aa7f17143616ede12ee,45067783,hilbert_binary@countywide@split@w64,0796f64b41e1,countywide,split,64.0,cpp/spatial_core/build/water_distance_hilbert.exe,2,False,2,15,52,2026-07-29T23:21:38.585070+00:00,disk,binary,64.0,32.0,12.5,9516712.0,20.23764,47.592623,1.606679,10.278319,6.397244,4.63039,70.913503,141.174168,1.1716919272505513,64.0,141.1741683560117,70.91350304082106,47.59262348426478,60.31990709225694,0.38615061227848385,32.23319399612495,7616.515121819854,,,
hilbert_rmi,5,267362,8572,1072254,1063159,,1189589,,,,25.0,1189589,,,,split,,0.902671,10.960867,24392.413706,,,,,,7616.515122,,,,,,,,,,,13.574686899999506,232349696,285175808,psapi:GetProcessMemoryInfo,008945d1a38aff3570c2eafaed7ec1b6276243062b63f1dd5c8fafa78b424620,43998335,hilbert_rmi@countywide@split@w64,0796f64b41e1,countywide,split,64.0,cpp/spatial_core/build/water_distance_hilbert.exe,2,False,2,16,53,2026-07-29T23:21:52.190675+00:00,disk,rmi,64.0,32.0,12.5,9516712.0,0.0,47.592623,1.606679,10.278319,6.397244,4.63039,83.16842,352.515432,1.5388433412534919,64.0,352.51543226038103,83.16841959590369,47.59262348426478,60.31990709225694,0.4600915612540301,517.3435071130551,7616.515121819854,131072.0,4194400.0,5.0
segment_bvh,3,10000,8572,1072254,1063159,1063159.0,1189589,126430.0,25.0,5748.239565,24.999998,1189589,119768836.0,24.999998,524287.0,original,1.289242,0.190245,0.076611,130529.047282,302901.0,30.2901,14030.0,1.403,12692905.0,1269.2905,59173.0,5.9173,2086325.0,208.6325,10606580.0,1060.658,0.0,0.0,0.0,0.0,1.5705065000001923,153649152,294526976,psapi:GetProcessMemoryInfo,d623c95082ac323f80bc5da6fbd72d4b416cb0dcee9203dcf4a2b72478d6520c,1521740,segment_bvh@10000,0796f64b41e1,10000,original,,cpp/spatial_core/build/water_distance_segment_bvh.exe,2,False,2,17,54,2026-07-29T23:21:53.764024+00:00,,,,,,,,,,,,,,,,,,,,,,,,,,
hilbert_rmi,5,10000,8572,1072254,1063159,,1189589,,,,25.0,1189589,,,,original,,0.912949,0.427725,23379.513327,,,,,,1486.1057,,,,,,,,,,,2.688030000001163,200077312,237252608,psapi:GetProcessMemoryInfo,a5d4c20c587039d19717dd953b88a77cdeb1971ece7a30cd2fa55dd1906548c4,1709012,hilbert_rmi@10000@w64,0796f64b41e1,10000,original,64.0,cpp/spatial_core/build/water_distance_hilbert.exe,3,False,3,0,55,2026-07-29T23:21:56.455467+00:00,disk,rmi,64.0,32.0,12.5,9516712.0,0.0,46.7108,1.6906,11.7066,6.924524,3.990125,87.6208,385.732,2.0385206510937066,64.0,385.732,87.6208,46.7108,58.4894,0.5918,105.68899081538054,1486.1057,131072.0,4194400.0,5.0
segment_bvh,3,10000,8572,1072254,1063159,1063159.0,1189589,126430.0,25.0,5748.239565,24.999998,1189589,119768836.0,24.999998,524287.0,split,1.321769,0.201441,0.036953,270616.952528,302901.0,30.2901,14030.0,1.403,8476806.0,847.6806,59173.0,5.9173,0.0,0.0,0.0,0.0,8476806.0,847.6806,1355.0,2238.0,1.5740378999998939,153538560,294465536,psapi:GetProcessMemoryInfo,f17a3580cde5b54ae969d10f5270daf05c209bb2d0a2506fa387ef68ff6dccdb,1459034,segment_bvh@10000@split,0796f64b41e1,10000,split,,cpp/spatial_core/build/water_distance_segment_bvh.exe,3,False,3,1,56,2026-07-29T23:21:58.032316+00:00,,,,,,,,,,,,,,,,,,,,,,,,,,
hilbert_binary,4,10000,8572,1072254,1063159,,1189589,,,,25.0,1189589,,,,split,,0.94306,0.319196,31328.752652,,,,,,998.7843,,,,,,,,,,,2.6558124999992287,199954432,237268992,psapi:GetProcessMemoryInfo,824482df5ee14d6ea8a5520f64bc274c5d99cf8a22f262dc6527a6946e3adfa0,1684703,hilbert_binary@10000@split@w64,0796f64b41e1,10000,split,64.0,cpp/spatial_core/build/water_distance_hilbert.exe,3,False,3,2,57,2026-07-29T23:22:00.691193+00:00,disk,binary,64.0,32.0,12.5,9516712.0,20.2223,46.7108,1.6906,11.7066,6.924524,3.990125,70.2463,113.0575,1.2521107192717233,64.0,113.0575,70.2463,46.7108,58.4894,0.4997,25.05860637272425,998.7843,,,
hilbert_rmi,5,10000,8572,1072254,1063159,,1189589,,,,25.0,1189589,,,,split,,0.911893,0.365648,27348.729392,,,,,,998.7843,,,,,,,,,,,2.655054500000915,200085504,237264896,psapi:GetProcessMemoryInfo,ce547239478e4e5cd82eb9119de388851b92a9ca77cff2dd62b3f43517c968c9,1644703,hilbert_rmi@10000@split@w64,0796f64b41e1,10000,split,64.0,cpp/spatial_core/build/water_distance_hilbert.exe,3,False,3,3,58,2026-07-29T23:22:03.349264+00:00,disk,rmi,64.0,32.0,12.5,9516712.0,0.0,46.7108,1.6906,11.7066,6.924524,3.990125,87.6208,385.732,2.0385206510937066,64.0,385.732,87.6208,46.7108,58.4894,0.5918,105.68899081538054,998.7843,131072.0,4194400.0,5.0
segment_bvh,3,100000,8572,1072254,1063159,1063159.0,1189589,126430.0,25.0,5748.239565,24.999998,1189589,119768836.0,24.999998,524287.0,original,1.4116,0.194421,2.691221,37157.860638,2988325.0,29.88325,144647.0,1.44647,669786024.0,6697.86024,569726.0,5.69726,16231293.0,162.31293,653554731.0,6535.54731,0.0,0.0,0.0,0.0,4.316018800000165,164732928,307396608,psapi:GetProcessMemoryInfo,7648c4aed6c55eeed3bbe9dae33b00e32da51d4375f95078999ee248ef415f76,15261391,segment_bvh@100000,0796f64b41e1,100000,original,,cpp/spatial_core/build/water_distance_segment_bvh.exe,3,False,3,4,59,2026-07-29T23:22:07.682195+00:00,,,,,,,,,,,,,,,,,,,,,,,,,,
hilbert_binary,4,100000,8572,1072254,1063159,,1189589,,,,25.0,1189589,,,,original,,0.91846,6.073144,16465.934846,,,,,,8056.00196,,,,,,,,,,,8.483023400000093,211247104,250318848,psapi:GetProcessMemoryInfo,14fb9d41f0f762b1bdfa078c3dbe93147dd938ca1b5344d3f7b197f332aa9d96,17526573,hilbert_binary@100000@w64,0796f64b41e1,100000,original,64.0,cpp/spatial_core/build/water_distance_hilbert.exe,3,False,3,5,60,2026-07-29T23:22:16.179271+00:00,disk,binary,64.0,32.0,12.5,9516712.0,20.21817,42.43839,1.58867,9.57681,6.028193,4.43137,63.84501,82.54203,1.1826374942024194,64.0,82.54203,63.84501,42.43839,56.66388,0.35059,32.23319399612495,8056.00196,,,
hilbert_rmi,5,100000,8572,1072254,1063159,,1189589,,,,25.0,1189589,,,,original,,0.89804,6.92722,14435.806042,,,,,,8056.00196,,,,,,,,,,,9.301649600000019,211062784,250101760,psapi:GetProcessMemoryInfo,5f5aa46fee229fbd57f32912c56db035c5068f1e65920dd1266fe52d337dd676,17126573,hilbert_rmi@100000@w64,0796f64b41e1,100000,original,64.0,cpp/spatial_core/build/water_distance_hilbert.exe,3,False,3,6,61,2026-07-29T23:22:25.494624+00:00,disk,rmi,64.0,32.0,12.5,9516712.0,0.0,42.43839,1.58867,9.57681,6.028193,4.43137,80.0313,362.08377,1.7027693468712852,64.0,362.08377,80.0313,42.43839,56.66388,0.43578,517.3435071130551,8056.00196,131072.0,4194400.0,5.0
segment_bvh,3,100000,8572,1072254,1063159,1063159.0,1189589,126430.0,25.0,5748.239565,24.999998,1189589,119768836.0,24.999998,524287.0,split,1.452157,0.192265,0.572999,174520.283009,2988325.0,29.88325,144647.0,1.44647,468129049.0,4681.29049,569726.0,5.69726,0.0,0.0,0.0,0.0,468129049.0,4681.29049,15924.0,27059.0,2.2364164999999048,164737024,307404800,psapi:GetProcessMemoryInfo,4c715a915d6a7711f49ffffd1e61953240f231afe6fbc858e67dafa9470abf8c,14655639,segment_bvh@100000@split,0796f64b41e1,100000,split,,cpp/spatial_core/build/water_distance_segment_bvh.exe,3,False,3,7,62,2026-07-29T23:22:27.742472+00:00,,,,,,,,,,,,,,,,,,,,,,,,,,
hilbert_binary,4,100000,8572,1072254,1063159,,1189589,,,,25.0,1189589,,,,split,,0.934347,3.215033,31103.87787,,,,,,5593.3219,,,,,,,,,,,5.655534499999703,211206144,250302464,psapi:GetProcessMemoryInfo,c8f03e38907376a6e2a8f1384d61686b09073f875e772bb51f01ec83cebb5421,16901520,hilbert_binary@100000@split@w64,0796f64b41e1,100000,split,64.0,cpp/spatial_core/build/water_distance_hilbert.exe,3,False,3,8,63,2026-07-29T23:22:33.411553+00:00,disk,binary,64.0,32.0,12.5,9516712.0,20.21817,42.43839,1.58867,9.57681,6.028193,4.43137,63.84501,82.54203,1.1826374942024194,64.0,82.54203,63.84501,42.43839,56.66388,0.35059,32.23319399612495,5593.3219,,,
hilbert_rmi,5,100000,8572,1072254,1063159,,1189589,,,,25.0,1189589,,,,split,,0.919131,3.833802,26083.770219,,,,,,5593.3219,,,,,,,,,,,6.248388899999554,211230720,250306560,psapi:GetProcessMemoryInfo,22c69b1be847127bf5ac4df20adc5b2f7b940f1ef0628ef9706282d48cbe1010,16501520,hilbert_rmi@100000@split@w64,0796f64b41e1,100000,split,64.0,cpp/spatial_core/build/water_distance_hilbert.exe,3,False,3,9,64,2026-07-29T23:22:39.672442+00:00,disk,rmi,64.0,32.0,12.5,9516712.0,0.0,42.43839,1.58867,9.57681,6.028193,4.43137,80.0313,362.08377,1.7027693468712852,64.0,362.08377,80.0313,42.43839,56.66388,0.43578,517.3435071130551,5593.3219,131072.0,4194400.0,5.0
segment_bvh,3,267362,8572,1072254,1063159,1063159.0,1189589,126430.0,25.0,5748.239565,24.999998,1189589,119768836.0,24.999998,524287.0,original,1.642697,0.189699,9.974497,26804.560206,8240002.0,30.819645,392016.0,1.466237,2515239470.0,9407.617649,1646355.0,6.157775,42137936.0,157.606302,2473101534.0,9250.011348,0.0,0.0,0.0,0.0,11.8300702000015,185839616,342327296,psapi:GetProcessMemoryInfo,be9972181a71b4cd85afb9d7a0d41c02a75a975b0225c8b5485e6fd81552f8b6,40640659,segment_bvh@countywide,0796f64b41e1,countywide,original,,cpp/spatial_core/build/water_distance_segment_bvh.exe,3,False,3,10,65,2026-07-29T23:22:51.531541+00:00,,,,,,,,,,,,,,,,,,,,,,,,,,
hilbert_binary,4,267362,8572,1072254,1063159,,1189589,,,,25.0,1189589,,,,original,,0.909747,19.913265,13426.326959,,,,,,11021.825858,,,,,,,,,,,22.527109399999972,232288256,285167616,psapi:GetProcessMemoryInfo,8ad41e8391f64e683e67ac253dc4d1e4302da7706f893763d0d32a689d6b7e9e,46725584,hilbert_binary@countywide@w64,0796f64b41e1,countywide,original,64.0,cpp/spatial_core/build/water_distance_hilbert.exe,3,False,3,11,66,2026-07-29T23:23:14.090804+00:00,disk,binary,64.0,32.0,12.5,9516712.0,20.23764,47.592623,1.606679,10.278319,6.397244,4.63039,70.913503,141.174168,1.1716919272505513,64.0,141.1741683560117,70.91350304082106,47.59262348426478,60.31990709225694,0.38615061227848385,32.23319399612495,11021.82585782572,,,
hilbert_rmi,5,267362,8572,1072254,1063159,,1189589,,,,25.0,1189589,,,,original,,0.917702,21.069311,12689.641346,,,,,,11021.825858,,,,,,,,,,,23.700759400000607,232235008,285175808,psapi:GetProcessMemoryInfo,86f05df0c4a32fd69fb4a63be3437edbc20466ec5beb3f22d8dae871302421aa,45656136,hilbert_rmi@countywide@w64,0796f64b41e1,countywide,original,64.0,cpp/spatial_core/build/water_distance_hilbert.exe,3,False,3,12,67,2026-07-29T23:23:37.822599+00:00,disk,rmi,64.0,32.0,12.5,9516712.0,0.0,47.592623,1.606679,10.278319,6.397244,4.63039,83.16842,352.515432,1.5388433412534919,64.0,352.51543226038103,83.16841959590369,47.59262348426478,60.31990709225694,0.4600915612540301,517.3435071130551,11021.82585782572,131072.0,4194400.0,5.0
segment_bvh,3,267362,8572,1072254,1063159,1063159.0,1189589,126430.0,25.0,5748.239565,24.999998,1189589,119768836.0,24.999998,524287.0,split,1.650705,0.195599,1.729835,154559.28561,8240002.0,30.819645,392016.0,1.466237,1725473942.0,6453.699262,1646355.0,6.157775,0.0,0.0,0.0,0.0,1725473942.0,6453.699262,61822.0,83873.0,3.6002202999989095,185757696,342319104,psapi:GetProcessMemoryInfo,90ecb3c996b07057d65a50fd074b48868d05262d2cec8bb25047bea48f79b3ea,39018583,segment_bvh@countywide@split,0796f64b41e1,countywide,split,,cpp/spatial_core/build/water_distance_segment_bvh.exe,3,False,3,13,68,2026-07-29T23:23:41.450392+00:00,,,,,,,,,,,,,,,,,,,,,,,,,,
hilbert_binary,4,267362,8572,1072254,1063159,,1189589,,,,25.0,1189589,,,,split,,0.916845,9.752009,27416.093625,,,,,,7616.515122,,,,,,,,,,,12.378571799999918,232394752,285171712,psapi:GetProcessMemoryInfo,05c799b1fcef76bee01701d88ae4f2512d0e6b460aa63aa7f17143616ede12ee,45067783,hilbert_binary@countywide@split@w64,0796f64b41e1,countywide,split,64.0,cpp/spatial_core/build/water_distance_hilbert.exe,3,False,3,14,69,2026-07-29T23:23:53.861930+00:00,disk,binary,64.0,32.0,12.5,9516712.0,20.23764,47.592623,1.606679,10.278319,6.397244,4.63039,70.913503,141.174168,1.1716919272505513,64.0,141.1741683560117,70.91350304082106,47.59262348426478,60.31990709225694,0.38615061227848385,32.23319399612495,7616.515121819854,,,
hilbert_rmi,5,267362,8572,1072254,1063159,,1189589,,,,25.0,1189589,,,,split,,0.944522,11.017947,24266.046089,,,,,,7616.515122,,,,,,,,,,,13.674827099999675,232370176,285175808,psapi:GetProcessMemoryInfo,008945d1a38aff3570c2eafaed7ec1b6276243062b63f1dd5c8fafa78b424620,43998335,hilbert_rmi@countywide@split@w64,0796f64b41e1,countywide,split,64.0,cpp/spatial_core/build/water_distance_hilbert.exe,3,False,3,15,70,2026-07-29T23:24:07.566254+00:00,disk,rmi,64.0,32.0,12.5,9516712.0,0.0,47.592623,1.606679,10.278319,6.397244,4.63039,83.16842,352.515432,1.5388433412534919,64.0,352.51543226038103,83.16841959590369,47.59262348426478,60.31990709225694,0.4600915612540301,517.3435071130551,7616.515121819854,131072.0,4194400.0,5.0
segment_bvh,3,10000,8572,1072254,1063159,1063159.0,1189589,126430.0,25.0,5748.239565,24.999998,1189589,119768836.0,24.999998,524287.0,original,1.2771,0.195807,0.073562,135939.751502,302901.0,30.2901,14030.0,1.403,12692905.0,1269.2905,59173.0,5.9173,2086325.0,208.6325,10606580.0,1060.658,0.0,0.0,0.0,0.0,1.5603245999991486,153604096,294522880,psapi:GetProcessMemoryInfo,d623c95082ac323f80bc5da6fbd72d4b416cb0dcee9203dcf4a2b72478d6520c,1521740,segment_bvh@10000,0796f64b41e1,10000,original,,cpp/spatial_core/build/water_distance_segment_bvh.exe,3,False,3,16,71,2026-07-29T23:24:09.129418+00:00,,,,,,,,,,,,,,,,,,,,,,,,,,
hilbert_binary,4,10000,8572,1072254,1063159,,1189589,,,,25.0,1189589,,,,original,,0.913706,0.360415,27745.823837,,,,,,1486.1057,,,,,,,,,,,2.6262600000009115,200040448,237207552,psapi:GetProcessMemoryInfo,822a90913ac033a92815c66ee36f0310906eba0be39ee7947220ba500ad821f0,1749012,hilbert_binary@10000@w64,0796f64b41e1,10000,original,64.0,cpp/spatial_core/build/water_distance_hilbert.exe,3,False,3,17,72,2026-07-29T23:24:11.758934+00:00,disk,binary,64.0,32.0,12.5,9516712.0,20.2223,46.7108,1.6906,11.7066,6.924524,3.990125,70.2463,113.0575,1.2521107192717233,64.0,113.0575,70.2463,46.7108,58.4894,0.4997,25.05860637272425,1486.1057,,,
segment_bvh,3,10000,8572,1072254,1063159,1063159.0,1189589,126430.0,25.0,5748.239565,24.999998,1189589,119768836.0,24.999998,524287.0,split,1.288846,0.189564,0.038199,261783.531198,302901.0,30.2901,14030.0,1.403,8476806.0,847.6806,59173.0,5.9173,0.0,0.0,0.0,0.0,8476806.0,847.6806,1355.0,2238.0,1.5314574000003631,153538560,294477824,psapi:GetProcessMemoryInfo,f17a3580cde5b54ae969d10f5270daf05c209bb2d0a2506fa387ef68ff6dccdb,1459034,segment_bvh@10000@split,0796f64b41e1,10000,split,,cpp/spatial_core/build/water_distance_segment_bvh.exe,4,False,4,0,73,2026-07-29T23:24:13.293315+00:00,,,,,,,,,,,,,,,,,,,,,,,,,,
hilbert_binary,4,10000,8572,1072254,1063159,,1189589,,,,25.0,1189589,,,,split,,0.912032,0.314344,31812.312447,,,,,,998.7843,,,,,,,,,,,2.5727828000017325,199966720,237256704,psapi:GetProcessMemoryInfo,824482df5ee14d6ea8a5520f64bc274c5d99cf8a22f262dc6527a6946e3adfa0,1684703,hilbert_binary@10000@split@w64,0796f64b41e1,10000,split,64.0,cpp/spatial_core/build/water_distance_hilbert.exe,4,False,4,1,74,2026-07-29T23:24:15.869307+00:00,disk,binary,64.0,32.0,12.5,9516712.0,20.2223,46.7108,1.6906,11.7066,6.924524,3.990125,70.2463,113.0575,1.2521107192717233,64.0,113.0575,70.2463,46.7108,58.4894,0.4997,25.05860637272425,998.7843,,,
hilbert_rmi,5,10000,8572,1072254,1063159,,1189589,,,,25.0,1189589,,,,split,,0.898504,0.369922,27032.755049,,,,,,998.7843,,,,,,,,,,,2.6058763999990333,199979008,237264896,psapi:GetProcessMemoryInfo,ce547239478e4e5cd82eb9119de388851b92a9ca77cff2dd62b3f43517c968c9,1644703,hilbert_rmi@10000@split@w64,0796f64b41e1,10000,split,64.0,cpp/spatial_core/build/water_distance_hilbert.exe,4,False,4,2,75,2026-07-29T23:24:18.478079+00:00,disk,rmi,64.0,32.0,12.5,9516712.0,0.0,46.7108,1.6906,11.7066,6.924524,3.990125,87.6208,385.732,2.0385206510937066,64.0,385.732,87.6208,46.7108,58.4894,0.5918,105.68899081538054,998.7843,131072.0,4194400.0,5.0
segment_bvh,3,100000,8572,1072254,1063159,1063159.0,1189589,126430.0,25.0,5748.239565,24.999998,1189589,119768836.0,24.999998,524287.0,original,1.398557,0.188171,2.908434,34382.766422,2988325.0,29.88325,144647.0,1.44647,669786024.0,6697.86024,569726.0,5.69726,16231293.0,162.31293,653554731.0,6535.54731,0.0,0.0,0.0,0.0,4.514342799999213,164671488,307421184,psapi:GetProcessMemoryInfo,7648c4aed6c55eeed3bbe9dae33b00e32da51d4375f95078999ee248ef415f76,15261391,segment_bvh@100000,0796f64b41e1,100000,original,,cpp/spatial_core/build/water_distance_segment_bvh.exe,4,False,4,3,76,2026-07-29T23:24:23.003839+00:00,,,,,,,,,,,,,,,,,,,,,,,,,,
hilbert_binary,4,100000,8572,1072254,1063159,,1189589,,,,25.0,1189589,,,,original,,0.903645,6.076778,16456.090149,,,,,,8056.00196,,,,,,,,,,,8.470533700001397,211230720,250310656,psapi:GetProcessMemoryInfo,14fb9d41f0f762b1bdfa078c3dbe93147dd938ca1b5344d3f7b197f332aa9d96,17526573,hilbert_binary@100000@w64,0796f64b41e1,100000,original,64.0,cpp/spatial_core/build/water_distance_hilbert.exe,4,False,4,4,77,2026-07-29T23:24:31.487601+00:00,disk,binary,64.0,32.0,12.5,9516712.0,20.21817,42.43839,1.58867,9.57681,6.028193,4.43137,63.84501,82.54203,1.1826374942024194,64.0,82.54203,63.84501,42.43839,56.66388,0.35059,32.23319399612495,8056.00196,,,
hilbert_rmi,5,100000,8572,1072254,1063159,,1189589,,,,25.0,1189589,,,,original,,0.915739,6.396903,15632.563963,,,,,,8056.00196,,,,,,,,,,,8.774896500000978,210989056,250068992,psapi:GetProcessMemoryInfo,5f5aa46fee229fbd57f32912c56db035c5068f1e65920dd1266fe52d337dd676,17126573,hilbert_rmi@100000@w64,0796f64b41e1,100000,original,64.0,cpp/spatial_core/build/water_distance_hilbert.exe,4,False,4,5,78,2026-07-29T23:24:40.275398+00:00,disk,rmi,64.0,32.0,12.5,9516712.0,0.0,42.43839,1.58867,9.57681,6.028193,4.43137,80.0313,362.08377,1.7027693468712852,64.0,362.08377,80.0313,42.43839,56.66388,0.43578,517.3435071130551,8056.00196,131072.0,4194400.0,5.0
segment_bvh,3,100000,8572,1072254,1063159,1063159.0,1189589,126430.0,25.0,5748.239565,24.999998,1189589,119768836.0,24.999998,524287.0,split,1.396062,0.202594,0.543985,183828.733387,2988325.0,29.88325,144647.0,1.44647,468129049.0,4681.29049,569726.0,5.69726,0.0,0.0,0.0,0.0,468129049.0,4681.29049,15924.0,27059.0,2.1592051000006904,164630528,307400704,psapi:GetProcessMemoryInfo,4c715a915d6a7711f49ffffd1e61953240f231afe6fbc858e67dafa9470abf8c,14655639,segment_bvh@100000@split,0796f64b41e1,100000,split,,cpp/spatial_core/build/water_distance_segment_bvh.exe,4,False,4,6,79,2026-07-29T23:24:42.445277+00:00,,,,,,,,,,,,,,,,,,,,,,,,,,
hilbert_binary,4,100000,8572,1072254,1063159,,1189589,,,,25.0,1189589,,,,split,,0.912216,3.175532,31490.782459,,,,,,5593.3219,,,,,,,,,,,5.552031600000191,211292160,250298368,psapi:GetProcessMemoryInfo,c8f03e38907376a6e2a8f1384d61686b09073f875e772bb51f01ec83cebb5421,16901520,hilbert_binary@100000@split@w64,0796f64b41e1,100000,split,64.0,cpp/spatial_core/build/water_distance_hilbert.exe,4,False,4,7,80,2026-07-29T23:24:48.011288+00:00,disk,binary,64.0,32.0,12.5,9516712.0,20.21817,42.43839,1.58867,9.57681,6.028193,4.43137,63.84501,82.54203,1.1826374942024194,64.0,82.54203,63.84501,42.43839,56.66388,0.35059,32.23319399612495,5593.3219,,,
hilbert_rmi,5,100000,8572,1072254,1063159,,1189589,,,,25.0,1189589,,,,split,,0.914706,3.782606,26436.800449,,,,,,5593.3219,,,,,,,,,,,6.160216999998738,211275776,250302464,psapi:GetProcessMemoryInfo,22c69b1be847127bf5ac4df20adc5b2f7b940f1ef0628ef9706282d48cbe1010,16501520,hilbert_rmi@100000@split@w64,0796f64b41e1,100000,split,64.0,cpp/spatial_core/build/water_distance_hilbert.exe,4,False,4,8,81,2026-07-29T23:24:54.184119+00:00,disk,rmi,64.0,32.0,12.5,9516712.0,0.0,42.43839,1.58867,9.57681,6.028193,4.43137,80.0313,362.08377,1.7027693468712852,64.0,362.08377,80.0313,42.43839,56.66388,0.43578,517.3435071130551,5593.3219,131072.0,4194400.0,5.0
segment_bvh,3,267362,8572,1072254,1063159,1063159.0,1189589,126430.0,25.0,5748.239565,24.999998,1189589,119768836.0,24.999998,524287.0,original,1.627036,0.191671,10.121286,26415.813168,8240002.0,30.819645,392016.0,1.466237,2515239470.0,9407.617649,1646355.0,6.157775,42137936.0,157.606302,2473101534.0,9250.011348,0.0,0.0,0.0,0.0,11.964105400000335,185847808,342319104,psapi:GetProcessMemoryInfo,be9972181a71b4cd85afb9d7a0d41c02a75a975b0225c8b5485e6fd81552f8b6,40640659,segment_bvh@countywide,0796f64b41e1,countywide,original,,cpp/spatial_core/build/water_distance_segment_bvh.exe,4,False,4,9,82,2026-07-29T23:25:06.175634+00:00,,,,,,,,,,,,,,,,,,,,,,,,,,
hilbert_binary,4,267362,8572,1072254,1063159,,1189589,,,,25.0,1189589,,,,original,,0.90036,19.757138,13532.425255,,,,,,11021.825858,,,,,,,,,,,22.359634300000835,232325120,285171712,psapi:GetProcessMemoryInfo,8ad41e8391f64e683e67ac253dc4d1e4302da7706f893763d0d32a689d6b7e9e,46725584,hilbert_binary@countywide@w64,0796f64b41e1,countywide,original,64.0,cpp/spatial_core/build/water_distance_hilbert.exe,4,False,4,10,83,2026-07-29T23:25:28.569007+00:00,disk,binary,64.0,32.0,12.5,9516712.0,20.23764,47.592623,1.606679,10.278319,6.397244,4.63039,70.913503,141.174168,1.1716919272505513,64.0,141.1741683560117,70.91350304082106,47.59262348426478,60.31990709225694,0.38615061227848385,32.23319399612495,11021.82585782572,,,
hilbert_rmi,5,267362,8572,1072254,1063159,,1189589,,,,25.0,1189589,,,,original,,0.935501,20.451469,13072.997412,,,,,,11021.825858,,,,,,,,,,,23.200986300000295,232353792,285167616,psapi:GetProcessMemoryInfo,86f05df0c4a32fd69fb4a63be3437edbc20466ec5beb3f22d8dae871302421aa,45656136,hilbert_rmi@countywide@w64,0796f64b41e1,countywide,original,64.0,cpp/spatial_core/build/water_distance_hilbert.exe,4,False,4,11,84,2026-07-29T23:25:51.803269+00:00,disk,rmi,64.0,32.0,12.5,9516712.0,0.0,47.592623,1.606679,10.278319,6.397244,4.63039,83.16842,352.515432,1.5388433412534919,64.0,352.51543226038103,83.16841959590369,47.59262348426478,60.31990709225694,0.4600915612540301,517.3435071130551,11021.82585782572,131072.0,4194400.0,5.0
segment_bvh,3,267362,8572,1072254,1063159,1063159.0,1189589,126430.0,25.0,5748.239565,24.999998,1189589,119768836.0,24.999998,524287.0,split,1.655827,0.194638,1.706196,156700.646157,8240002.0,30.819645,392016.0,1.466237,1725473942.0,6453.699262,1646355.0,6.157775,0.0,0.0,0.0,0.0,1725473942.0,6453.699262,61822.0,83873.0,3.5810043000001315,185757696,342327296,psapi:GetProcessMemoryInfo,90ecb3c996b07057d65a50fd074b48868d05262d2cec8bb25047bea48f79b3ea,39018583,segment_bvh@countywide@split,0796f64b41e1,countywide,split,,cpp/spatial_core/build/water_distance_segment_bvh.exe,4,False,4,12,85,2026-07-29T23:25:55.412228+00:00,,,,,,,,,,,,,,,,,,,,,,,,,,
hilbert_binary,4,267362,8572,1072254,1063159,,1189589,,,,25.0,1189589,,,,split,,0.941568,9.865354,27101.105271,,,,,,7616.515122,,,,,,,,,,,12.551828799998475,232361984,285167616,psapi:GetProcessMemoryInfo,05c799b1fcef76bee01701d88ae4f2512d0e6b460aa63aa7f17143616ede12ee,45067783,hilbert_binary@countywide@split@w64,0796f64b41e1,countywide,split,64.0,cpp/spatial_core/build/water_distance_hilbert.exe,4,False,4,13,86,2026-07-29T23:26:07.995464+00:00,disk,binary,64.0,32.0,12.5,9516712.0,20.23764,47.592623,1.606679,10.278319,6.397244,4.63039,70.913503,141.174168,1.1716919272505513,64.0,141.1741683560117,70.91350304082106,47.59262348426478,60.31990709225694,0.38615061227848385,32.23319399612495,7616.515121819854,,,
hilbert_rmi,5,267362,8572,1072254,1063159,,1189589,,,,25.0,1189589,,,,split,,0.910428,10.983502,24342.145599,,,,,,7616.515122,,,,,,,,,,,13.678023500000563,232300544,285179904,psapi:GetProcessMemoryInfo,008945d1a38aff3570c2eafaed7ec1b6276243062b63f1dd5c8fafa78b424620,43998335,hilbert_rmi@countywide@split@w64,0796f64b41e1,countywide,split,64.0,cpp/spatial_core/build/water_distance_hilbert.exe,4,False,4,14,87,2026-07-29T23:26:21.704006+00:00,disk,rmi,64.0,32.0,12.5,9516712.0,0.0,47.592623,1.606679,10.278319,6.397244,4.63039,83.16842,352.515432,1.5388433412534919,64.0,352.51543226038103,83.16841959590369,47.59262348426478,60.31990709225694,0.4600915612540301,517.3435071130551,7616.515121819854,131072.0,4194400.0,5.0
segment_bvh,3,10000,8572,1072254,1063159,1063159.0,1189589,126430.0,25.0,5748.239565,24.999998,1189589,119768836.0,24.999998,524287.0,original,1.279203,0.190662,0.075774,131970.866112,302901.0,30.2901,14030.0,1.403,12692905.0,1269.2905,59173.0,5.9173,2086325.0,208.6325,10606580.0,1060.658,0.0,0.0,0.0,0.0,1.5599447000004147,153587712,294518784,psapi:GetProcessMemoryInfo,d623c95082ac323f80bc5da6fbd72d4b416cb0dcee9203dcf4a2b72478d6520c,1521740,segment_bvh@10000,0796f64b41e1,10000,original,,cpp/spatial_core/build/water_distance_segment_bvh.exe,4,False,4,15,88,2026-07-29T23:26:23.266472+00:00,,,,,,,,,,,,,,,,,,,,,,,,,,
hilbert_binary,4,10000,8572,1072254,1063159,,1189589,,,,25.0,1189589,,,,original,,0.923874,0.366746,27266.835158,,,,,,1486.1057,,,,,,,,,,,2.6525813000007474,199897088,237207552,psapi:GetProcessMemoryInfo,822a90913ac033a92815c66ee36f0310906eba0be39ee7947220ba500ad821f0,1749012,hilbert_binary@10000@w64,0796f64b41e1,10000,original,64.0,cpp/spatial_core/build/water_distance_hilbert.exe,4,False,4,16,89,2026-07-29T23:26:25.921959+00:00,disk,binary,64.0,32.0,12.5,9516712.0,20.2223,46.7108,1.6906,11.7066,6.924524,3.990125,70.2463,113.0575,1.2521107192717233,64.0,113.0575,70.2463,46.7108,58.4894,0.4997,25.05860637272425,1486.1057,,,
hilbert_rmi,5,10000,8572,1072254,1063159,,1189589,,,,25.0,1189589,,,,original,,0.950782,0.420568,23777.379058,,,,,,1486.1057,,,,,,,,,,,2.741155300000173,200044544,237248512,psapi:GetProcessMemoryInfo,a5d4c20c587039d19717dd953b88a77cdeb1971ece7a30cd2fa55dd1906548c4,1709012,hilbert_rmi@10000@w64,0796f64b41e1,10000,original,64.0,cpp/spatial_core/build/water_distance_hilbert.exe,4,False,4,17,90,2026-07-29T23:26:28.666185+00:00,disk,rmi,64.0,32.0,12.5,9516712.0,0.0,46.7108,1.6906,11.7066,6.924524,3.990125,87.6208,385.732,2.0385206510937066,64.0,385.732,87.6208,46.7108,58.4894,0.5918,105.68899081538054,1486.1057,131072.0,4194400.0,5.0
hilbert_binary,4,10000,8572,1072254,1063159,,1189589,,,,25.0,1189589,,,,split,,0.947254,0.322716,30986.96905,,,,,,998.7843,,,,,,,,,,,2.6556768999998894,200073216,237264896,psapi:GetProcessMemoryInfo,824482df5ee14d6ea8a5520f64bc274c5d99cf8a22f262dc6527a6946e3adfa0,1684703,hilbert_binary@10000@split@w64,0796f64b41e1,10000,split,64.0,cpp/spatial_core/build/water_distance_hilbert.exe,5,False,5,0,91,2026-07-29T23:26:31.324928+00:00,disk,binary,64.0,32.0,12.5,9516712.0,20.2223,46.7108,1.6906,11.7066,6.924524,3.990125,70.2463,113.0575,1.2521107192717233,64.0,113.0575,70.2463,46.7108,58.4894,0.4997,25.05860637272425,998.7843,,,
hilbert_rmi,5,10000,8572,1072254,1063159,,1189589,,,,25.0,1189589,,,,split,,0.900051,0.363884,27481.323006,,,,,,998.7843,,,,,,,,,,,2.642567999999301,200056832,237260800,psapi:GetProcessMemoryInfo,ce547239478e4e5cd82eb9119de388851b92a9ca77cff2dd62b3f43517c968c9,1644703,hilbert_rmi@10000@split@w64,0796f64b41e1,10000,split,64.0,cpp/spatial_core/build/water_distance_hilbert.exe,5,False,5,1,92,2026-07-29T23:26:33.970400+00:00,disk,rmi,64.0,32.0,12.5,9516712.0,0.0,46.7108,1.6906,11.7066,6.924524,3.990125,87.6208,385.732,2.0385206510937066,64.0,385.732,87.6208,46.7108,58.4894,0.5918,105.68899081538054,998.7843,131072.0,4194400.0,5.0
segment_bvh,3,100000,8572,1072254,1063159,1063159.0,1189589,126430.0,25.0,5748.239565,24.999998,1189589,119768836.0,24.999998,524287.0,original,1.405595,0.187111,2.727809,36659.460883,2988325.0,29.88325,144647.0,1.44647,669786024.0,6697.86024,569726.0,5.69726,16231293.0,162.31293,653554731.0,6535.54731,0.0,0.0,0.0,0.0,4.3371423999997205,164630528,307400704,psapi:GetProcessMemoryInfo,7648c4aed6c55eeed3bbe9dae33b00e32da51d4375f95078999ee248ef415f76,15261391,segment_bvh@100000,0796f64b41e1,100000,original,,cpp/spatial_core/build/water_distance_segment_bvh.exe,5,False,5,2,93,2026-07-29T23:26:38.319441+00:00,,,,,,,,,,,,,,,,,,,,,,,,,,
hilbert_binary,4,100000,8572,1072254,1063159,,1189589,,,,25.0,1189589,,,,original,,0.90522,5.769837,17331.513039,,,,,,8056.00196,,,,,,,,,,,8.137072899999112,211210240,250314752,psapi:GetProcessMemoryInfo,14fb9d41f0f762b1bdfa078c3dbe93147dd938ca1b5344d3f7b197f332aa9d96,17526573,hilbert_binary@100000@w64,0796f64b41e1,100000,original,64.0,cpp/spatial_core/build/water_distance_hilbert.exe,5,False,5,3,94,2026-07-29T23:26:46.470664+00:00,disk,binary,64.0,32.0,12.5,9516712.0,20.21817,42.43839,1.58867,9.57681,6.028193,4.43137,63.84501,82.54203,1.1826374942024194,64.0,82.54203,63.84501,42.43839,56.66388,0.35059,32.23319399612495,8056.00196,,,
hilbert_rmi,5,100000,8572,1072254,1063159,,1189589,,,,25.0,1189589,,,,original,,0.899288,6.419561,15577.3882,,,,,,8056.00196,,,,,,,,,,,8.797048999998879,211054592,250068992,psapi:GetProcessMemoryInfo,5f5aa46fee229fbd57f32912c56db035c5068f1e65920dd1266fe52d337dd676,17126573,hilbert_rmi@100000@w64,0796f64b41e1,100000,original,64.0,cpp/spatial_core/build/water_distance_hilbert.exe,5,False,5,4,95,2026-07-29T23:26:55.281510+00:00,disk,rmi,64.0,32.0,12.5,9516712.0,0.0,42.43839,1.58867,9.57681,6.028193,4.43137,80.0313,362.08377,1.7027693468712852,64.0,362.08377,80.0313,42.43839,56.66388,0.43578,517.3435071130551,8056.00196,131072.0,4194400.0,5.0
segment_bvh,3,100000,8572,1072254,1063159,1063159.0,1189589,126430.0,25.0,5748.239565,24.999998,1189589,119768836.0,24.999998,524287.0,split,1.412538,0.188518,0.584257,171157.497075,2988325.0,29.88325,144647.0,1.44647,468129049.0,4681.29049,569726.0,5.69726,0.0,0.0,0.0,0.0,468129049.0,4681.29049,15924.0,27059.0,2.2039740000000165,164679680,307400704,psapi:GetProcessMemoryInfo,4c715a915d6a7711f49ffffd1e61953240f231afe6fbc858e67dafa9470abf8c,14655639,segment_bvh@100000@split,0796f64b41e1,100000,split,,cpp/spatial_core/build/water_distance_segment_bvh.exe,5,False,5,5,96,2026-07-29T23:26:57.498557+00:00,,,,,,,,,,,,,,,,,,,,,,,,,,
hilbert_binary,4,100000,8572,1072254,1063159,,1189589,,,,25.0,1189589,,,,split,,0.924715,3.248991,30778.786399,,,,,,5593.3219,,,,,,,,,,,5.721452300000237,211218432,250306560,psapi:GetProcessMemoryInfo,c8f03e38907376a6e2a8f1384d61686b09073f875e772bb51f01ec83cebb5421,16901520,hilbert_binary@100000@split@w64,0796f64b41e1,100000,split,64.0,cpp/spatial_core/build/water_distance_hilbert.exe,5,False,5,6,97,2026-07-29T23:27:03.233158+00:00,disk,binary,64.0,32.0,12.5,9516712.0,20.21817,42.43839,1.58867,9.57681,6.028193,4.43137,63.84501,82.54203,1.1826374942024194,64.0,82.54203,63.84501,42.43839,56.66388,0.35059,32.23319399612495,5593.3219,,,
hilbert_rmi,5,100000,8572,1072254,1063159,,1189589,,,,25.0,1189589,,,,split,,0.911381,3.799272,26320.831991,,,,,,5593.3219,,,,,,,,,,,6.180435000000216,211292160,250298368,psapi:GetProcessMemoryInfo,22c69b1be847127bf5ac4df20adc5b2f7b940f1ef0628ef9706282d48cbe1010,16501520,hilbert_rmi@100000@split@w64,0796f64b41e1,100000,split,64.0,cpp/spatial_core/build/water_distance_hilbert.exe,5,False,5,7,98,2026-07-29T23:27:09.426599+00:00,disk,rmi,64.0,32.0,12.5,9516712.0,0.0,42.43839,1.58867,9.57681,6.028193,4.43137,80.0313,362.08377,1.7027693468712852,64.0,362.08377,80.0313,42.43839,56.66388,0.43578,517.3435071130551,5593.3219,131072.0,4194400.0,5.0
segment_bvh,3,267362,8572,1072254,1063159,1063159.0,1189589,126430.0,25.0,5748.239565,24.999998,1189589,119768836.0,24.999998,524287.0,original,1.674338,0.192219,10.158183,26319.863451,8240002.0,30.819645,392016.0,1.466237,2515239470.0,9407.617649,1646355.0,6.157775,42137936.0,157.606302,2473101534.0,9250.011348,0.0,0.0,0.0,0.0,12.047531799998978,185872384,342315008,psapi:GetProcessMemoryInfo,be9972181a71b4cd85afb9d7a0d41c02a75a975b0225c8b5485e6fd81552f8b6,40640659,segment_bvh@countywide,0796f64b41e1,countywide,original,,cpp/spatial_core/build/water_distance_segment_bvh.exe,5,False,5,8,99,2026-07-29T23:27:21.501954+00:00,,,,,,,,,,,,,,,,,,,,,,,,,,
hilbert_binary,4,267362,8572,1072254,1063159,,1189589,,,,25.0,1189589,,,,original,,0.907034,19.720172,13557.792635,,,,,,11021.825858,,,,,,,,,,,22.35886500000015,232284160,285175808,psapi:GetProcessMemoryInfo,8ad41e8391f64e683e67ac253dc4d1e4302da7706f893763d0d32a689d6b7e9e,46725584,hilbert_binary@countywide@w64,0796f64b41e1,countywide,original,64.0,cpp/spatial_core/build/water_distance_hilbert.exe,5,False,5,9,100,2026-07-29T23:27:43.893370+00:00,disk,binary,64.0,32.0,12.5,9516712.0,20.23764,47.592623,1.606679,10.278319,6.397244,4.63039,70.913503,141.174168,1.1716919272505513,64.0,141.1741683560117,70.91350304082106,47.59262348426478,60.31990709225694,0.38615061227848385,32.23319399612495,11021.82585782572,,,
hilbert_rmi,5,267362,8572,1072254,1063159,,1189589,,,,25.0,1189589,,,,original,,0.913957,20.999718,12731.69496,,,,,,11021.825858,,,,,,,,,,,23.629645799999707,232419328,285171712,psapi:GetProcessMemoryInfo,86f05df0c4a32fd69fb4a63be3437edbc20466ec5beb3f22d8dae871302421aa,45656136,hilbert_rmi@countywide@w64,0796f64b41e1,countywide,original,64.0,cpp/spatial_core/build/water_distance_hilbert.exe,5,False,5,10,101,2026-07-29T23:28:07.557271+00:00,disk,rmi,64.0,32.0,12.5,9516712.0,0.0,47.592623,1.606679,10.278319,6.397244,4.63039,83.16842,352.515432,1.5388433412534919,64.0,352.51543226038103,83.16841959590369,47.59262348426478,60.31990709225694,0.4600915612540301,517.3435071130551,11021.82585782572,131072.0,4194400.0,5.0
segment_bvh,3,267362,8572,1072254,1063159,1063159.0,1189589,126430.0,25.0,5748.239565,24.999998,1189589,119768836.0,24.999998,524287.0,split,1.629518,0.205859,1.684636,158706.113215,8240002.0,30.819645,392016.0,1.466237,1725473942.0,6453.699262,1646355.0,6.157775,0.0,0.0,0.0,0.0,1725473942.0,6453.699262,61822.0,83873.0,3.541877800000293,185753600,342327296,psapi:GetProcessMemoryInfo,90ecb3c996b07057d65a50fd074b48868d05262d2cec8bb25047bea48f79b3ea,39018583,segment_bvh@countywide@split,0796f64b41e1,countywide,split,,cpp/spatial_core/build/water_distance_segment_bvh.exe,5,False,5,11,102,2026-07-29T23:28:11.126812+00:00,,,,,,,,,,,,,,,,,,,,,,,,,,
hilbert_binary,4,267362,8572,1072254,1063159,,1189589,,,,25.0,1189589,,,,split,,0.905239,9.749055,27424.401366,,,,,,7616.515122,,,,,,,,,,,12.39420070000051,232370176,285163520,psapi:GetProcessMemoryInfo,05c799b1fcef76bee01701d88ae4f2512d0e6b460aa63aa7f17143616ede12ee,45067783,hilbert_binary@countywide@split@w64,0796f64b41e1,countywide,split,64.0,cpp/spatial_core/build/water_distance_hilbert.exe,5,False,5,12,103,2026-07-29T23:28:23.553294+00:00,disk,binary,64.0,32.0,12.5,9516712.0,20.23764,47.592623,1.606679,10.278319,6.397244,4.63039,70.913503,141.174168,1.1716919272505513,64.0,141.1741683560117,70.91350304082106,47.59262348426478,60.31990709225694,0.38615061227848385,32.23319399612495,7616.515121819854,,,
hilbert_rmi,5,267362,8572,1072254,1063159,,1189589,,,,25.0,1189589,,,,split,,0.906286,11.075593,24139.745182,,,,,,7616.515122,,,,,,,,,,,13.701306300001306,232374272,285163520,psapi:GetProcessMemoryInfo,008945d1a38aff3570c2eafaed7ec1b6276243062b63f1dd5c8fafa78b424620,43998335,hilbert_rmi@countywide@split@w64,0796f64b41e1,countywide,split,64.0,cpp/spatial_core/build/water_distance_hilbert.exe,5,False,5,13,104,2026-07-29T23:28:37.286362+00:00,disk,rmi,64.0,32.0,12.5,9516712.0,0.0,47.592623,1.606679,10.278319,6.397244,4.63039,83.16842,352.515432,1.5388433412534919,64.0,352.51543226038103,83.16841959590369,47.59262348426478,60.31990709225694,0.4600915612540301,517.3435071130551,7616.515121819854,131072.0,4194400.0,5.0
segment_bvh,3,10000,8572,1072254,1063159,1063159.0,1189589,126430.0,25.0,5748.239565,24.999998,1189589,119768836.0,24.999998,524287.0,original,1.34442,0.195575,0.073977,135178.063304,302901.0,30.2901,14030.0,1.403,12692905.0,1269.2905,59173.0,5.9173,2086325.0,208.6325,10606580.0,1060.658,0.0,0.0,0.0,0.0,1.6286822000001848,153710592,294518784,psapi:GetProcessMemoryInfo,d623c95082ac323f80bc5da6fbd72d4b416cb0dcee9203dcf4a2b72478d6520c,1521740,segment_bvh@10000,0796f64b41e1,10000,original,,cpp/spatial_core/build/water_distance_segment_bvh.exe,5,False,5,14,105,2026-07-29T23:28:38.918005+00:00,,,,,,,,,,,,,,,,,,,,,,,,,,
hilbert_binary,4,10000,8572,1072254,1063159,,1189589,,,,25.0,1189589,,,,original,,0.93885,0.377928,26460.094473,,,,,,1486.1057,,,,,,,,,,,2.711111600001459,199876608,237203456,psapi:GetProcessMemoryInfo,822a90913ac033a92815c66ee36f0310906eba0be39ee7947220ba500ad821f0,1749012,hilbert_binary@10000@w64,0796f64b41e1,10000,original,64.0,cpp/spatial_core/build/water_distance_hilbert.exe,5,False,5,15,106,2026-07-29T23:28:41.632648+00:00,disk,binary,64.0,32.0,12.5,9516712.0,20.2223,46.7108,1.6906,11.7066,6.924524,3.990125,70.2463,113.0575,1.2521107192717233,64.0,113.0575,70.2463,46.7108,58.4894,0.4997,25.05860637272425,1486.1057,,,
hilbert_rmi,5,10000,8572,1072254,1063159,,1189589,,,,25.0,1189589,,,,original,,0.90489,0.412742,24228.204489,,,,,,1486.1057,,,,,,,,,,,2.6629539000005025,200007680,237236224,psapi:GetProcessMemoryInfo,a5d4c20c587039d19717dd953b88a77cdeb1971ece7a30cd2fa55dd1906548c4,1709012,hilbert_rmi@10000@w64,0796f64b41e1,10000,original,64.0,cpp/spatial_core/build/water_distance_hilbert.exe,5,False,5,16,107,2026-07-29T23:28:44.298810+00:00,disk,rmi,64.0,32.0,12.5,9516712.0,0.0,46.7108,1.6906,11.7066,6.924524,3.990125,87.6208,385.732,2.0385206510937066,64.0,385.732,87.6208,46.7108,58.4894,0.5918,105.68899081538054,1486.1057,131072.0,4194400.0,5.0
segment_bvh,3,10000,8572,1072254,1063159,1063159.0,1189589,126430.0,25.0,5748.239565,24.999998,1189589,119768836.0,24.999998,524287.0,split,1.293361,0.193436,0.036758,272050.361963,302901.0,30.2901,14030.0,1.403,8476806.0,847.6806,59173.0,5.9173,0.0,0.0,0.0,0.0,8476806.0,847.6806,1355.0,2238.0,1.5373098999989452,153657344,294473728,psapi:GetProcessMemoryInfo,f17a3580cde5b54ae969d10f5270daf05c209bb2d0a2506fa387ef68ff6dccdb,1459034,segment_bvh@10000@split,0796f64b41e1,10000,split,,cpp/spatial_core/build/water_distance_segment_bvh.exe,5,False,5,17,108,2026-07-29T23:28:45.838833+00:00,,,,,,,,,,,,,,,,,,,,,,,,,,
hilbert_rmi,5,10000,8572,1072254,1063159,,1189589,,,,25.0,1189589,,,,split,,0.918492,0.372001,26881.648168,,,,,,998.7843,,,,,,,,,,,2.6188117999990936,200077312,237268992,psapi:GetProcessMemoryInfo,ce547239478e4e5cd82eb9119de388851b92a9ca77cff2dd62b3f43517c968c9,1644703,hilbert_rmi@10000@split@w64,0796f64b41e1,10000,split,64.0,cpp/spatial_core/build/water_distance_hilbert.exe,6,False,6,0,109,2026-07-29T23:28:48.460877+00:00,disk,rmi,64.0,32.0,12.5,9516712.0,0.0,46.7108,1.6906,11.7066,6.924524,3.990125,87.6208,385.732,2.0385206510937066,64.0,385.732,87.6208,46.7108,58.4894,0.5918,105.68899081538054,998.7843,131072.0,4194400.0,5.0
segment_bvh,3,100000,8572,1072254,1063159,1063159.0,1189589,126430.0,25.0,5748.239565,24.999998,1189589,119768836.0,24.999998,524287.0,original,1.397517,0.201166,2.685013,37243.766148,2988325.0,29.88325,144647.0,1.44647,669786024.0,6697.86024,569726.0,5.69726,16231293.0,162.31293,653554731.0,6535.54731,0.0,0.0,0.0,0.0,4.3025330000000395,164659200,307404800,psapi:GetProcessMemoryInfo,7648c4aed6c55eeed3bbe9dae33b00e32da51d4375f95078999ee248ef415f76,15261391,segment_bvh@100000,0796f64b41e1,100000,original,,cpp/spatial_core/build/water_distance_segment_bvh.exe,6,False,6,1,110,2026-07-29T23:28:52.775542+00:00,,,,,,,,,,,,,,,,,,,,,,,,,,
hilbert_binary,4,100000,8572,1072254,1063159,,1189589,,,,25.0,1189589,,,,original,,0.914514,6.190973,16152.548806,,,,,,8056.00196,,,,,,,,,,,8.602501900000789,211214336,250306560,psapi:GetProcessMemoryInfo,14fb9d41f0f762b1bdfa078c3dbe93147dd938ca1b5344d3f7b197f332aa9d96,17526573,hilbert_binary@100000@w64,0796f64b41e1,100000,original,64.0,cpp/spatial_core/build/water_distance_hilbert.exe,6,False,6,2,111,2026-07-29T23:29:01.391276+00:00,disk,binary,64.0,32.0,12.5,9516712.0,20.21817,42.43839,1.58867,9.57681,6.028193,4.43137,63.84501,82.54203,1.1826374942024194,64.0,82.54203,63.84501,42.43839,56.66388,0.35059,32.23319399612495,8056.00196,,,
hilbert_rmi,5,100000,8572,1072254,1063159,,1189589,,,,25.0,1189589,,,,original,,0.920207,6.404916,15613.007015,,,,,,8056.00196,,,,,,,,,,,8.80522320000091,210997248,250068992,psapi:GetProcessMemoryInfo,5f5aa46fee229fbd57f32912c56db035c5068f1e65920dd1266fe52d337dd676,17126573,hilbert_rmi@100000@w64,0796f64b41e1,100000,original,64.0,cpp/spatial_core/build/water_distance_hilbert.exe,6,False,6,3,112,2026-07-29T23:29:10.209912+00:00,disk,rmi,64.0,32.0,12.5,9516712.0,0.0,42.43839,1.58867,9.57681,6.028193,4.43137,80.0313,362.08377,1.7027693468712852,64.0,362.08377,80.0313,42.43839,56.66388,0.43578,517.3435071130551,8056.00196,131072.0,4194400.0,5.0
segment_bvh,3,100000,8572,1072254,1063159,1063159.0,1189589,126430.0,25.0,5748.239565,24.999998,1189589,119768836.0,24.999998,524287.0,split,1.397322,0.194149,0.551306,181387.403225,2988325.0,29.88325,144647.0,1.44647,468129049.0,4681.29049,569726.0,5.69726,0.0,0.0,0.0,0.0,468129049.0,4681.29049,15924.0,27059.0,2.1601167999997415,164597760,307404800,psapi:GetProcessMemoryInfo,4c715a915d6a7711f49ffffd1e61953240f231afe6fbc858e67dafa9470abf8c,14655639,segment_bvh@100000@split,0796f64b41e1,100000,split,,cpp/spatial_core/build/water_distance_segment_bvh.exe,6,False,6,4,113,2026-07-29T23:29:12.385029+00:00,,,,,,,,,,,,,,,,,,,,,,,,,,
hilbert_binary,4,100000,8572,1072254,1063159,,1189589,,,,25.0,1189589,,,,split,,0.908233,3.21857,31069.703482,,,,,,5593.3219,,,,,,,,,,,5.607742400001371,211214336,250310656,psapi:GetProcessMemoryInfo,c8f03e38907376a6e2a8f1384d61686b09073f875e772bb51f01ec83cebb5421,16901520,hilbert_binary@100000@split@w64,0796f64b41e1,100000,split,64.0,cpp/spatial_core/build/water_distance_hilbert.exe,6,False,6,5,114,2026-07-29T23:29:18.005924+00:00,disk,binary,64.0,32.0,12.5,9516712.0,20.21817,42.43839,1.58867,9.57681,6.028193,4.43137,63.84501,82.54203,1.1826374942024194,64.0,82.54203,63.84501,42.43839,56.66388,0.35059,32.23319399612495,5593.3219,,,
hilbert_rmi,5,100000,8572,1072254,1063159,,1189589,,,,25.0,1189589,,,,split,,0.905338,4.097128,24407.33916,,,,,,5593.3219,,,,,,,,,,,6.478840300000229,211222528,250298368,psapi:GetProcessMemoryInfo,22c69b1be847127bf5ac4df20adc5b2f7b940f1ef0628ef9706282d48cbe1010,16501520,hilbert_rmi@100000@split@w64,0796f64b41e1,100000,split,64.0,cpp/spatial_core/build/water_distance_hilbert.exe,6,False,6,6,115,2026-07-29T23:29:24.497096+00:00,disk,rmi,64.0,32.0,12.5,9516712.0,0.0,42.43839,1.58867,9.57681,6.028193,4.43137,80.0313,362.08377,1.7027693468712852,64.0,362.08377,80.0313,42.43839,56.66388,0.43578,517.3435071130551,5593.3219,131072.0,4194400.0,5.0
segment_bvh,3,267362,8572,1072254,1063159,1063159.0,1189589,126430.0,25.0,5748.239565,24.999998,1189589,119768836.0,24.999998,524287.0,original,1.689654,0.204746,10.050007,26603.166079,8240002.0,30.819645,392016.0,1.466237,2515239470.0,9407.617649,1646355.0,6.157775,42137936.0,157.606302,2473101534.0,9250.011348,0.0,0.0,0.0,0.0,11.967627399999401,185880576,342315008,psapi:GetProcessMemoryInfo,be9972181a71b4cd85afb9d7a0d41c02a75a975b0225c8b5485e6fd81552f8b6,40640659,segment_bvh@countywide,0796f64b41e1,countywide,original,,cpp/spatial_core/build/water_distance_segment_bvh.exe,6,False,6,7,116,2026-07-29T23:29:36.493467+00:00,,,,,,,,,,,,,,,,,,,,,,,,,,
hilbert_binary,4,267362,8572,1072254,1063159,,1189589,,,,25.0,1189589,,,,original,,0.907049,19.690417,13578.280443,,,,,,11021.825858,,,,,,,,,,,22.303893000000244,232394752,285159424,psapi:GetProcessMemoryInfo,8ad41e8391f64e683e67ac253dc4d1e4302da7706f893763d0d32a689d6b7e9e,46725584,hilbert_binary@countywide@w64,0796f64b41e1,countywide,original,64.0,cpp/spatial_core/build/water_distance_hilbert.exe,6,False,6,8,117,2026-07-29T23:29:58.830632+00:00,disk,binary,64.0,32.0,12.5,9516712.0,20.23764,47.592623,1.606679,10.278319,6.397244,4.63039,70.913503,141.174168,1.1716919272505513,64.0,141.1741683560117,70.91350304082106,47.59262348426478,60.31990709225694,0.38615061227848385,32.23319399612495,11021.82585782572,,,
hilbert_rmi,5,267362,8572,1072254,1063159,,1189589,,,,25.0,1189589,,,,original,,0.91657,20.657902,12942.359655,,,,,,11021.825858,,,,,,,,,,,23.390191100001175,232423424,285196288,psapi:GetProcessMemoryInfo,86f05df0c4a32fd69fb4a63be3437edbc20466ec5beb3f22d8dae871302421aa,45656136,hilbert_rmi@countywide@w64,0796f64b41e1,countywide,original,64.0,cpp/spatial_core/build/water_distance_hilbert.exe,6,False,6,9,118,2026-07-29T23:30:22.252274+00:00,disk,rmi,64.0,32.0,12.5,9516712.0,0.0,47.592623,1.606679,10.278319,6.397244,4.63039,83.16842,352.515432,1.5388433412534919,64.0,352.51543226038103,83.16841959590369,47.59262348426478,60.31990709225694,0.4600915612540301,517.3435071130551,11021.82585782572,131072.0,4194400.0,5.0
segment_bvh,3,267362,8572,1072254,1063159,1063159.0,1189589,126430.0,25.0,5748.239565,24.999998,1189589,119768836.0,24.999998,524287.0,split,1.646667,0.187556,1.742253,153457.611871,8240002.0,30.819645,392016.0,1.466237,1725473942.0,6453.699262,1646355.0,6.157775,0.0,0.0,0.0,0.0,1725473942.0,6453.699262,61822.0,83873.0,3.6003636000004917,185741312,342306816,psapi:GetProcessMemoryInfo,90ecb3c996b07057d65a50fd074b48868d05262d2cec8bb25047bea48f79b3ea,39018583,segment_bvh@countywide@split,0796f64b41e1,countywide,split,,cpp/spatial_core/build/water_distance_segment_bvh.exe,6,False,6,10,119,2026-07-29T23:30:25.880612+00:00,,,,,,,,,,,,,,,,,,,,,,,,,,
hilbert_binary,4,267362,8572,1072254,1063159,,1189589,,,,25.0,1189589,,,,split,,0.942111,9.85406,27132.166568,,,,,,7616.515122,,,,,,,,,,,12.558412000000317,232407040,285327360,psapi:GetProcessMemoryInfo,05c799b1fcef76bee01701d88ae4f2512d0e6b460aa63aa7f17143616ede12ee,45067783,hilbert_binary@countywide@split@w64,0796f64b41e1,countywide,split,64.0,cpp/spatial_core/build/water_distance_hilbert.exe,6,False,6,11,120,2026-07-29T23:30:38.471956+00:00,disk,binary,64.0,32.0,12.5,9516712.0,20.23764,47.592623,1.606679,10.278319,6.397244,4.63039,70.913503,141.174168,1.1716919272505513,64.0,141.1741683560117,70.91350304082106,47.59262348426478,60.31990709225694,0.38615061227848385,32.23319399612495,7616.515121819854,,,
hilbert_rmi,5,267362,8572,1072254,1063159,,1189589,,,,25.0,1189589,,,,split,,0.922246,11.076873,24136.956995,,,,,,7616.515122,,,,,,,,,,,13.707566699999006,232366080,285163520,psapi:GetProcessMemoryInfo,008945d1a38aff3570c2eafaed7ec1b6276243062b63f1dd5c8fafa78b424620,43998335,hilbert_rmi@countywide@split@w64,0796f64b41e1,countywide,split,64.0,cpp/spatial_core/build/water_distance_hilbert.exe,6,False,6,12,121,2026-07-29T23:30:52.210028+00:00,disk,rmi,64.0,32.0,12.5,9516712.0,0.0,47.592623,1.606679,10.278319,6.397244,4.63039,83.16842,352.515432,1.5388433412534919,64.0,352.51543226038103,83.16841959590369,47.59262348426478,60.31990709225694,0.4600915612540301,517.3435071130551,7616.515121819854,131072.0,4194400.0,5.0
segment_bvh,3,10000,8572,1072254,1063159,1063159.0,1189589,126430.0,25.0,5748.239565,24.999998,1189589,119768836.0,24.999998,524287.0,original,1.32252,0.197922,0.07551,132432.088825,302901.0,30.2901,14030.0,1.403,12692905.0,1269.2905,59173.0,5.9173,2086325.0,208.6325,10606580.0,1060.658,0.0,0.0,0.0,0.0,1.6101032999995368,153628672,294526976,psapi:GetProcessMemoryInfo,d623c95082ac323f80bc5da6fbd72d4b416cb0dcee9203dcf4a2b72478d6520c,1521740,segment_bvh@10000,0796f64b41e1,10000,original,,cpp/spatial_core/build/water_distance_segment_bvh.exe,6,False,6,13,122,2026-07-29T23:30:53.823053+00:00,,,,,,,,,,,,,,,,,,,,,,,,,,
hilbert_binary,4,10000,8572,1072254,1063159,,1189589,,,,25.0,1189589,,,,original,,0.927343,0.369988,27027.881692,,,,,,1486.1057,,,,,,,,,,,2.658913700000994,199942144,237207552,psapi:GetProcessMemoryInfo,822a90913ac033a92815c66ee36f0310906eba0be39ee7947220ba500ad821f0,1749012,hilbert_binary@10000@w64,0796f64b41e1,10000,original,64.0,cpp/spatial_core/build/water_distance_hilbert.exe,6,False,6,14,123,2026-07-29T23:30:56.485343+00:00,disk,binary,64.0,32.0,12.5,9516712.0,20.2223,46.7108,1.6906,11.7066,6.924524,3.990125,70.2463,113.0575,1.2521107192717233,64.0,113.0575,70.2463,46.7108,58.4894,0.4997,25.05860637272425,1486.1057,,,
hilbert_rmi,5,10000,8572,1072254,1063159,,1189589,,,,25.0,1189589,,,,original,,0.97845,0.426222,23461.940744,,,,,,1486.1057,,,,,,,,,,,2.8135040999986813,200044544,237244416,psapi:GetProcessMemoryInfo,a5d4c20c587039d19717dd953b88a77cdeb1971ece7a30cd2fa55dd1906548c4,1709012,hilbert_rmi@10000@w64,0796f64b41e1,10000,original,64.0,cpp/spatial_core/build/water_distance_hilbert.exe,6,False,6,15,124,2026-07-29T23:30:59.301860+00:00,disk,rmi,64.0,32.0,12.5,9516712.0,0.0,46.7108,1.6906,11.7066,6.924524,3.990125,87.6208,385.732,2.0385206510937066,64.0,385.732,87.6208,46.7108,58.4894,0.5918,105.68899081538054,1486.1057,131072.0,4194400.0,5.0
segment_bvh,3,10000,8572,1072254,1063159,1063159.0,1189589,126430.0,25.0,5748.239565,24.999998,1189589,119768836.0,24.999998,524287.0,split,1.421514,0.23634,0.037686,265347.007549,302901.0,30.2901,14030.0,1.403,8476806.0,847.6806,59173.0,5.9173,0.0,0.0,0.0,0.0,8476806.0,847.6806,1355.0,2238.0,1.7145117000000027,153559040,294469632,psapi:GetProcessMemoryInfo,f17a3580cde5b54ae969d10f5270daf05c209bb2d0a2506fa387ef68ff6dccdb,1459034,segment_bvh@10000@split,0796f64b41e1,10000,split,,cpp/spatial_core/build/water_distance_segment_bvh.exe,6,False,6,16,125,2026-07-29T23:31:01.019412+00:00,,,,,,,,,,,,,,,,,,,,,,,,,,
hilbert_binary,4,10000,8572,1072254,1063159,,1189589,,,,25.0,1189589,,,,split,,0.956996,0.311937,32057.786083,,,,,,998.7843,,,,,,,,,,,2.645882499999061,200089600,237264896,psapi:GetProcessMemoryInfo,824482df5ee14d6ea8a5520f64bc274c5d99cf8a22f262dc6527a6946e3adfa0,1684703,hilbert_binary@10000@split@w64,0796f64b41e1,10000,split,64.0,cpp/spatial_core/build/water_distance_hilbert.exe,6,False,6,17,126,2026-07-29T23:31:03.668442+00:00,disk,binary,64.0,32.0,12.5,9516712.0,20.2223,46.7108,1.6906,11.7066,6.924524,3.990125,70.2463,113.0575,1.2521107192717233,64.0,113.0575,70.2463,46.7108,58.4894,0.4997,25.05860637272425,998.7843,,,
segment_bvh,3,100000,8572,1072254,1063159,1063159.0,1189589,126430.0,25.0,5748.239565,24.999998,1189589,119768836.0,24.999998,524287.0,original,1.417275,0.191536,2.744608,36435.08092,2988325.0,29.88325,144647.0,1.44647,669786024.0,6697.86024,569726.0,5.69726,16231293.0,162.31293,653554731.0,6535.54731,0.0,0.0,0.0,0.0,4.372273099999802,164704256,307400704,psapi:GetProcessMemoryInfo,7648c4aed6c55eeed3bbe9dae33b00e32da51d4375f95078999ee248ef415f76,15261391,segment_bvh@100000,0796f64b41e1,100000,original,,cpp/spatial_core/build/water_distance_segment_bvh.exe,7,False,7,0,127,2026-07-29T23:31:08.053006+00:00,,,,,,,,,,,,,,,,,,,,,,,,,,
hilbert_binary,4,100000,8572,1072254,1063159,,1189589,,,,25.0,1189589,,,,original,,0.937672,6.152506,16253.539086,,,,,,8056.00196,,,,,,,,,,,8.56916739999906,211144704,250306560,psapi:GetProcessMemoryInfo,14fb9d41f0f762b1bdfa078c3dbe93147dd938ca1b5344d3f7b197f332aa9d96,17526573,hilbert_binary@100000@w64,0796f64b41e1,100000,original,64.0,cpp/spatial_core/build/water_distance_hilbert.exe,7,False,7,1,128,2026-07-29T23:31:16.637465+00:00,disk,binary,64.0,32.0,12.5,9516712.0,20.21817,42.43839,1.58867,9.57681,6.028193,4.43137,63.84501,82.54203,1.1826374942024194,64.0,82.54203,63.84501,42.43839,56.66388,0.35059,32.23319399612495,8056.00196,,,
hilbert_rmi,5,100000,8572,1072254,1063159,,1189589,,,,25.0,1189589,,,,original,,0.917826,6.555055,15255.402594,,,,,,8056.00196,,,,,,,,,,,8.956228299999566,211058688,250068992,psapi:GetProcessMemoryInfo,5f5aa46fee229fbd57f32912c56db035c5068f1e65920dd1266fe52d337dd676,17126573,hilbert_rmi@100000@w64,0796f64b41e1,100000,original,64.0,cpp/spatial_core/build/water_distance_hilbert.exe,7,False,7,2,129,2026-07-29T23:31:25.606845+00:00,disk,rmi,64.0,32.0,12.5,9516712.0,0.0,42.43839,1.58867,9.57681,6.028193,4.43137,80.0313,362.08377,1.7027693468712852,64.0,362.08377,80.0313,42.43839,56.66388,0.43578,517.3435071130551,8056.00196,131072.0,4194400.0,5.0
segment_bvh,3,100000,8572,1072254,1063159,1063159.0,1189589,126430.0,25.0,5748.239565,24.999998,1189589,119768836.0,24.999998,524287.0,split,1.463576,0.199451,0.572408,174700.685316,2988325.0,29.88325,144647.0,1.44647,468129049.0,4681.29049,569726.0,5.69726,0.0,0.0,0.0,0.0,468129049.0,4681.29049,15924.0,27059.0,2.253325499999846,164663296,307396608,psapi:GetProcessMemoryInfo,4c715a915d6a7711f49ffffd1e61953240f231afe6fbc858e67dafa9470abf8c,14655639,segment_bvh@100000@split,0796f64b41e1,100000,split,,cpp/spatial_core/build/water_distance_segment_bvh.exe,7,False,7,3,130,2026-07-29T23:31:27.873070+00:00,,,,,,,,,,,,,,,,,,,,,,,,,,
hilbert_binary,4,100000,8572,1072254,1063159,,1189589,,,,25.0,1189589,,,,split,,0.943145,3.210571,31147.112328,,,,,,5593.3219,,,,,,,,,,,5.689980400000422,211206144,250302464,psapi:GetProcessMemoryInfo,c8f03e38907376a6e2a8f1384d61686b09073f875e772bb51f01ec83cebb5421,16901520,hilbert_binary@100000@split@w64,0796f64b41e1,100000,split,64.0,cpp/spatial_core/build/water_distance_hilbert.exe,7,False,7,4,131,2026-07-29T23:31:33.577723+00:00,disk,binary,64.0,32.0,12.5,9516712.0,20.21817,42.43839,1.58867,9.57681,6.028193,4.43137,63.84501,82.54203,1.1826374942024194,64.0,82.54203,63.84501,42.43839,56.66388,0.35059,32.23319399612495,5593.3219,,,
hilbert_rmi,5,100000,8572,1072254,1063159,,1189589,,,,25.0,1189589,,,,split,,0.911217,3.817646,26194.154162,,,,,,5593.3219,,,,,,,,,,,6.182368100000531,211275776,250314752,psapi:GetProcessMemoryInfo,22c69b1be847127bf5ac4df20adc5b2f7b940f1ef0628ef9706282d48cbe1010,16501520,hilbert_rmi@100000@split@w64,0796f64b41e1,100000,split,64.0,cpp/spatial_core/build/water_distance_hilbert.exe,7,False,7,5,132,2026-07-29T23:31:39.773648+00:00,disk,rmi,64.0,32.0,12.5,9516712.0,0.0,42.43839,1.58867,9.57681,6.028193,4.43137,80.0313,362.08377,1.7027693468712852,64.0,362.08377,80.0313,42.43839,56.66388,0.43578,517.3435071130551,5593.3219,131072.0,4194400.0,5.0
segment_bvh,3,267362,8572,1072254,1063159,1063159.0,1189589,126430.0,25.0,5748.239565,24.999998,1189589,119768836.0,24.999998,524287.0,original,1.646124,0.194292,10.104856,26458.762937,8240002.0,30.819645,392016.0,1.466237,2515239470.0,9407.617649,1646355.0,6.157775,42137936.0,157.606302,2473101534.0,9250.011348,0.0,0.0,0.0,0.0,11.970653799999127,185835520,342315008,psapi:GetProcessMemoryInfo,be9972181a71b4cd85afb9d7a0d41c02a75a975b0225c8b5485e6fd81552f8b6,40640659,segment_bvh@countywide,0796f64b41e1,countywide,original,,cpp/spatial_core/build/water_distance_segment_bvh.exe,7,False,7,6,133,2026-07-29T23:31:51.775272+00:00,,,,,,,,,,,,,,,,,,,,,,,,,,
hilbert_binary,4,267362,8572,1072254,1063159,,1189589,,,,25.0,1189589,,,,original,,0.937571,20.034663,13344.97103,,,,,,11021.825858,,,,,,,,,,,22.697104999999283,232292352,285167616,psapi:GetProcessMemoryInfo,8ad41e8391f64e683e67ac253dc4d1e4302da7706f893763d0d32a689d6b7e9e,46725584,hilbert_binary@countywide@w64,0796f64b41e1,countywide,original,64.0,cpp/spatial_core/build/water_distance_hilbert.exe,7,False,7,7,134,2026-07-29T23:32:14.505790+00:00,disk,binary,64.0,32.0,12.5,9516712.0,20.23764,47.592623,1.606679,10.278319,6.397244,4.63039,70.913503,141.174168,1.1716919272505513,64.0,141.1741683560117,70.91350304082106,47.59262348426478,60.31990709225694,0.38615061227848385,32.23319399612495,11021.82585782572,,,
hilbert_rmi,5,267362,8572,1072254,1063159,,1189589,,,,25.0,1189589,,,,original,,0.910868,20.912088,12785.045786,,,,,,11021.825858,,,,,,,,,,,23.51762670000062,232267776,285175808,psapi:GetProcessMemoryInfo,86f05df0c4a32fd69fb4a63be3437edbc20466ec5beb3f22d8dae871302421aa,45656136,hilbert_rmi@countywide@w64,0796f64b41e1,countywide,original,64.0,cpp/spatial_core/build/water_distance_hilbert.exe,7,False,7,8,135,2026-07-29T23:32:38.055382+00:00,disk,rmi,64.0,32.0,12.5,9516712.0,0.0,47.592623,1.606679,10.278319,6.397244,4.63039,83.16842,352.515432,1.5388433412534919,64.0,352.51543226038103,83.16841959590369,47.59262348426478,60.31990709225694,0.4600915612540301,517.3435071130551,11021.82585782572,131072.0,4194400.0,5.0
segment_bvh,3,267362,8572,1072254,1063159,1063159.0,1189589,126430.0,25.0,5748.239565,24.999998,1189589,119768836.0,24.999998,524287.0,split,1.667287,0.199475,1.72171,155288.62844,8240002.0,30.819645,392016.0,1.466237,1725473942.0,6453.699262,1646355.0,6.157775,0.0,0.0,0.0,0.0,1725473942.0,6453.699262,61822.0,83873.0,3.6127445999991323,185749504,342327296,psapi:GetProcessMemoryInfo,90ecb3c996b07057d65a50fd074b48868d05262d2cec8bb25047bea48f79b3ea,39018583,segment_bvh@countywide@split,0796f64b41e1,countywide,split,,cpp/spatial_core/build/water_distance_segment_bvh.exe,7,False,7,9,136,2026-07-29T23:32:41.695258+00:00,,,,,,,,,,,,,,,,,,,,,,,,,,
hilbert_binary,4,267362,8572,1072254,1063159,,1189589,,,,25.0,1189589,,,,split,,0.946253,9.941848,26892.584683,,,,,,7616.515122,,,,,,,,,,,12.6018540999994,232407040,285175808,psapi:GetProcessMemoryInfo,05c799b1fcef76bee01701d88ae4f2512d0e6b460aa63aa7f17143616ede12ee,45067783,hilbert_binary@countywide@split@w64,0796f64b41e1,countywide,split,64.0,cpp/spatial_core/build/water_distance_hilbert.exe,7,False,7,10,137,2026-07-29T23:32:54.328886+00:00,disk,binary,64.0,32.0,12.5,9516712.0,20.23764,47.592623,1.606679,10.278319,6.397244,4.63039,70.913503,141.174168,1.1716919272505513,64.0,141.1741683560117,70.91350304082106,47.59262348426478,60.31990709225694,0.38615061227848385,32.23319399612495,7616.515121819854,,,
hilbert_rmi,5,267362,8572,1072254,1063159,,1189589,,,,25.0,1189589,,,,split,,0.942863,11.052296,24190.629931,,,,,,7616.515122,,,,,,,,,,,13.777980200000457,232370176,285175808,psapi:GetProcessMemoryInfo,008945d1a38aff3570c2eafaed7ec1b6276243062b63f1dd5c8fafa78b424620,43998335,hilbert_rmi@countywide@split@w64,0796f64b41e1,countywide,split,64.0,cpp/spatial_core/build/water_distance_hilbert.exe,7,False,7,11,138,2026-07-29T23:33:08.141057+00:00,disk,rmi,64.0,32.0,12.5,9516712.0,0.0,47.592623,1.606679,10.278319,6.397244,4.63039,83.16842,352.515432,1.5388433412534919,64.0,352.51543226038103,83.16841959590369,47.59262348426478,60.31990709225694,0.4600915612540301,517.3435071130551,7616.515121819854,131072.0,4194400.0,5.0
segment_bvh,3,10000,8572,1072254,1063159,1063159.0,1189589,126430.0,25.0,5748.239565,24.999998,1189589,119768836.0,24.999998,524287.0,original,1.323919,0.197371,0.078987,126602.791338,302901.0,30.2901,14030.0,1.403,12692905.0,1269.2905,59173.0,5.9173,2086325.0,208.6325,10606580.0,1060.658,0.0,0.0,0.0,0.0,1.6161441999993258,153501696,294518784,psapi:GetProcessMemoryInfo,d623c95082ac323f80bc5da6fbd72d4b416cb0dcee9203dcf4a2b72478d6520c,1521740,segment_bvh@10000,0796f64b41e1,10000,original,,cpp/spatial_core/build/water_distance_segment_bvh.exe,7,False,7,12,139,2026-07-29T23:33:09.760203+00:00,,,,,,,,,,,,,,,,,,,,,,,,,,
hilbert_binary,4,10000,8572,1072254,1063159,,1189589,,,,25.0,1189589,,,,original,,0.925262,0.361178,27687.156177,,,,,,1486.1057,,,,,,,,,,,2.625716000000466,199958528,237203456,psapi:GetProcessMemoryInfo,822a90913ac033a92815c66ee36f0310906eba0be39ee7947220ba500ad821f0,1749012,hilbert_binary@10000@w64,0796f64b41e1,10000,original,64.0,cpp/spatial_core/build/water_distance_hilbert.exe,7,False,7,13,140,2026-07-29T23:33:12.388965+00:00,disk,binary,64.0,32.0,12.5,9516712.0,20.2223,46.7108,1.6906,11.7066,6.924524,3.990125,70.2463,113.0575,1.2521107192717233,64.0,113.0575,70.2463,46.7108,58.4894,0.4997,25.05860637272425,1486.1057,,,
hilbert_rmi,5,10000,8572,1072254,1063159,,1189589,,,,25.0,1189589,,,,original,,0.91807,0.42109,23747.898014,,,,,,1486.1057,,,,,,,,,,,2.7208796000013535,200081408,237236224,psapi:GetProcessMemoryInfo,a5d4c20c587039d19717dd953b88a77cdeb1971ece7a30cd2fa55dd1906548c4,1709012,hilbert_rmi@10000@w64,0796f64b41e1,10000,original,64.0,cpp/spatial_core/build/water_distance_hilbert.exe,7,False,7,14,141,2026-07-29T23:33:15.113058+00:00,disk,rmi,64.0,32.0,12.5,9516712.0,0.0,46.7108,1.6906,11.7066,6.924524,3.990125,87.6208,385.732,2.0385206510937066,64.0,385.732,87.6208,46.7108,58.4894,0.5918,105.68899081538054,1486.1057,131072.0,4194400.0,5.0
segment_bvh,3,10000,8572,1072254,1063159,1063159.0,1189589,126430.0,25.0,5748.239565,24.999998,1189589,119768836.0,24.999998,524287.0,split,1.283759,0.193673,0.037013,270176.073747,302901.0,30.2901,14030.0,1.403,8476806.0,847.6806,59173.0,5.9173,0.0,0.0,0.0,0.0,8476806.0,847.6806,1355.0,2238.0,1.5293319000011252,153571328,294469632,psapi:GetProcessMemoryInfo,f17a3580cde5b54ae969d10f5270daf05c209bb2d0a2506fa387ef68ff6dccdb,1459034,segment_bvh@10000@split,0796f64b41e1,10000,split,,cpp/spatial_core/build/water_distance_segment_bvh.exe,7,False,7,15,142,2026-07-29T23:33:16.645160+00:00,,,,,,,,,,,,,,,,,,,,,,,,,,
hilbert_binary,4,10000,8572,1072254,1063159,,1189589,,,,25.0,1189589,,,,split,,0.923517,0.311699,32082.23318,,,,,,998.7843,,,,,,,,,,,2.590821400001005,200069120,237264896,psapi:GetProcessMemoryInfo,824482df5ee14d6ea8a5520f64bc274c5d99cf8a22f262dc6527a6946e3adfa0,1684703,hilbert_binary@10000@split@w64,0796f64b41e1,10000,split,64.0,cpp/spatial_core/build/water_distance_hilbert.exe,7,False,7,16,143,2026-07-29T23:33:19.238940+00:00,disk,binary,64.0,32.0,12.5,9516712.0,20.2223,46.7108,1.6906,11.7066,6.924524,3.990125,70.2463,113.0575,1.2521107192717233,64.0,113.0575,70.2463,46.7108,58.4894,0.4997,25.05860637272425,998.7843,,,
hilbert_rmi,5,10000,8572,1072254,1063159,,1189589,,,,25.0,1189589,,,,split,,0.920465,0.368882,27108.925288,,,,,,998.7843,,,,,,,,,,,2.643616100000145,200089600,237273088,psapi:GetProcessMemoryInfo,ce547239478e4e5cd82eb9119de388851b92a9ca77cff2dd62b3f43517c968c9,1644703,hilbert_rmi@10000@split@w64,0796f64b41e1,10000,split,64.0,cpp/spatial_core/build/water_distance_hilbert.exe,7,False,7,17,144,2026-07-29T23:33:21.885783+00:00,disk,rmi,64.0,32.0,12.5,9516712.0,0.0,46.7108,1.6906,11.7066,6.924524,3.990125,87.6208,385.732,2.0385206510937066,64.0,385.732,87.6208,46.7108,58.4894,0.5918,105.68899081538054,998.7843,131072.0,4194400.0,5.0
